기관코드,전체기관명,최하위기관명,우편번호,폐지구분,학교도로명 주소,전화번호,팩스번호
7021122,서울특별시교육청 서울특별시동부교육지원청 경희여자중학교,경희여자중학교,130872,현존,서울특별시 동대문구 경희대로 26,02-6072-1888,02-965-5998
7021123,서울특별시교육청 서울특별시동부교육지원청 경희중학교,경희중학교,2447,현존,서울특별시 동대문구 경희대로 26,02-966-6402,02-962-3644
7021124,서울특별시교육청 서울특별시동부교육지원청 대광중학교,대광중학교,130810,현존,서울특별시 동대문구 안암로 6,02-940-2244,02-925-2975
7021125,서울특별시교육청 서울특별시동부교육지원청 동국대학교사범대학부속중학교,동국대학교사범대학부속중학교,2520,현존,서울특별시 동대문구 장안벚꽃로 201,02-6716-1700,02-6716-1804
7021126,서울특별시교육청 서울특별시동부교육지원청 동대문중학교,동대문중학교,,현존,서울특별시 동대문구 사가정로 59,02-3407-4231,02-2212-1665
7021127,서울특별시교육청 서울특별시동부교육지원청 동원중학교,동원중학교,131800,현존,서울특별시 중랑구 양원역로 32,02-493-8129,02-493-0094
7021128,서울특별시교육청 서울특별시동부교육지원청 면목중학교,면목중학교,131200,현존,서울특별시 중랑구 용마산로70길 37,02-437-0292,02-437-0279
7021129,서울특별시교육청 서울특별시동부교육지원청 봉화중학교,봉화중학교,131231,현존,서울특별시 중랑구 망우로70길 89,02-434-0210,02-496-9589
7021130,서울특별시교육청 서울특별시동부교육지원청 상봉중학교,상봉중학교,131856,현존,서울특별시 중랑구 상봉중앙로8나길 28,02-436-4316,02-436-4456
7021131,서울특별시교육청 서울특별시동부교육지원청 성일중학교,성일중학교,130861,현존,서울특별시 동대문구 왕산로23길 55,02-926-0211,02-926-7401
7021133,서울특별시교육청 서울특별시동부교육지원청 숭인중학교,숭인중학교,130030,현존,서울특별시 동대문구 천호대로47길 34,02-2215-0176,02-2215-0554
7021134,서울특별시교육청 서울특별시동부교육지원청 신현중학교,신현중학교,131863,현존,서울특별시 중랑구 봉화산로 162,02-3421-0631,02-3421-0771
7021135,서울특별시교육청 서울특별시동부교육지원청 영란여자중학교,영란여자중학교,131230,현존,서울특별시 중랑구 망우로73길 56,02-2209-0143,02-2209-2683
7021136,서울특별시교육청 서울특별시동부교육지원청 용마중학교,용마중학교,131204,현존,서울특별시 중랑구 면목로28길 18,02-3496-0200,02-439-3968
7021137,서울특별시교육청 서울특별시동부교육지원청 원묵중학교,원묵중학교,131846,현존,서울특별시 중랑구 신내로23길 57,02-2094-9800,02-2094-9876
7021138,서울특별시교육청 서울특별시동부교육지원청 장안중학교,장안중학교,131877,현존,서울특별시 중랑구 동일로 780,02-6930-3300,02-496-6344
7021139,서울특별시교육청 서울특별시동부교육지원청 장평중학교,장평중학교,130841,현존,서울특별시 동대문구 답십리로72길 158,02-2243-8282,02-2243-7400
7021140,서울특별시교육청 서울특별시동부교육지원청 전농중학교,전농중학교,130850,현존,서울특별시 동대문구 사가정로13길 71,02-2242-6652,02-2242-6651
7021141,서울특별시교육청 서울특별시동부교육지원청 전동중학교,전동중학교,130092,현존,서울특별시 동대문구 장안벚꽃로 291,02-2212-9266,02-2248-0372
7021142,서울특별시교육청 서울특별시동부교육지원청 전일중학교,전일중학교,130020,현존,서울특별시 동대문구 사가정로13길 67,02-2245-2745,02-2243-6693
7021143,서울특별시교육청 서울특별시동부교육지원청 정화여자중학교,정화여자중학교,130061,현존,서울특별시 동대문구 홍릉로15길 50,02-966-9332,02-966-9336
7021144,서울특별시교육청 서울특별시동부교육지원청 중랑중학교,중랑중학교,131875,현존,서울특별시 중랑구 동일로140길 33,02-437-5312,02-494-3694
7021145,서울특별시교육청 서울특별시동부교육지원청 중화중학교,중화중학교,131812,현존,서울특별시 중랑구 용마산로 364,02-439-5811,02-434-4781
7021146,서울특별시교육청 서울특별시동부교육지원청 청량중학교,청량중학교,130866,현존,서울특별시 동대문구 왕산로 301,02-966-4284,02-968-2857
7021147,서울특별시교육청 서울특별시동부교육지원청 태릉중학교,태릉중학교,131849,현존,서울특별시 중랑구 공릉로2길 60-25,02-973-5551,02-971-2113
7021148,서울특별시교육청 서울특별시동부교육지원청 혜원여자중학교,혜원여자중학교,131230,현존,서울특별시 중랑구 봉우재로58길 39,02-434-5947,02-492-5703
7021149,서울특별시교육청 서울특별시동부교육지원청 휘경여자중학교,휘경여자중학교,130090,현존,서울특별시 동대문구 한천로 247,02-2244-8927,02-2214-9659
7021150,서울특별시교육청 서울특별시동부교육지원청 휘경중학교,휘경중학교,,현존,서울특별시 동대문구 망우로18나길 20,02-2244-1359,02-2215-6027
7021211,서울특별시교육청 서울특별시동부교육지원청 송곡중학교,송곡중학교,131800,현존,서울특별시 중랑구 양원역로 67,02-6493-1900,02-437-8433
7031179,서울특별시교육청 서울특별시서부교육지원청 경성중학교,경성중학교,,현존,서울특별시 마포구 성미산로 111,02-3140-1114,02-334-7533
7031180,서울특별시교육청 서울특별시서부교육지원청 광성중학교,광성중학교,,현존,서울 마포구 신수로8길 20,02-703-3456,02-3273-5120
7031181,서울특별시교육청 서울특별시서부교육지원청 구산중학교,구산중학교,122060,현존,서울특별시 은평구 갈현로15길 20-23,02-389-8785,02-385-3098
7031182,서울특별시교육청 서울특별시서부교육지원청 대성중학교,대성중학교,122802,현존,서울특별시 은평구 갈현로29길 51-24,02-6252-1100,02-386-2534
7031183,서울특별시교육청 서울특별시서부교육지원청 덕산중학교,덕산중학교,122889,현존,서울특별시 은평구 가좌로 400,02-3146-7200,02-3146-7210
7031184,서울특별시교육청 서울특별시서부교육지원청 동도중학교,동도중학교,,현존,서울특별시 마포구 백범로 139,02-716-5391,02-716-5392
7031185,서울특별시교육청 서울특별시서부교육지원청 동명여자중학교,동명여자중학교,120040,현존,서울특별시 서대문구 독립문로 49,02-363-5043,02-363-5044
7031186,서울특별시교육청 서울특별시서부교육지원청 명지중학교,명지중학교,120848,현존,서울특별시 서대문구 명지2길 56,02-302-7072,02-303-6669
7031187,서울특별시교육청 서울특별시서부교육지원청 불광중학교,불광중학교,122853,현존,서울특별시 은평구 불광로 180,02-384-6591,02-385-8357
7031188,서울특별시교육청 서울특별시서부교육지원청 상신중학교,상신중학교,122884,현존,서울특별시 은평구 증산로15길 61,02-305-5139,02-374-4068
7031189,서울특별시교육청 서울특별시서부교육지원청 상암중학교,상암중학교,121904,현존,서울특별시 마포구 상암산로1길 26,02-375-5300,02-375-5369
7031190,서울특별시교육청 서울특별시서부교육지원청 서연중학교,서연중학교,120110,현존,서울특별시 서대문구 연희로11마길 9-6,02-332-7376,02-337-4059
7031191,서울특별시교육청 서울특별시서부교육지원청 서울여자중학교,서울여자중학교,121872,현존,서울특별시 마포구 백범로25길 34,02-716-5041,02-711-5176
7031192,서울특별시교육청 서울특별시서부교육지원청 선일여자중학교,선일여자중학교,122050,현존,서울특별시 은평구 갈현로29길 27,02-355-0161,02-355-9558
7031193,서울특별시교육청 서울특별시서부교육지원청 선정중학교,선정중학교,122801,현존,서울특별시 은평구 서오릉로20길 19,02-3156-1400,02-359-4758
7031194,서울특별시교육청 서울특별시서부교육지원청 성사중학교,성사중학교,121849,현존,서울특별시 마포구 모래내로9길 16,02-373-8002,02-309-2431
7031195,서울특별시교육청 서울특별시서부교육지원청 성산중학교,성산중학교,121884,현존,서울특별시 마포구 성지1길 32-13,02-332-0306,02-332-8875
7031196,서울특별시교육청 서울특별시서부교육지원청 성서중학교,성서중학교,121844,현존,서울특별시 마포구 성산로4길 42,02-3140-7100,02-338-1520
7031197,서울특별시교육청 서울특별시서부교육지원청 숭문중학교,숭문중학교,121080,현존,서울특별시 마포구 숭문길 99,02-715-4463,02-711-2980
7031198,서울특별시교육청 서울특별시서부교육지원청 숭실중학교,숭실중학교,122890,현존,서울특별시 은평구 은평터널로7길 6,02-373-7641,02-302-1681
7031199,서울특별시교육청 서울특별시서부교육지원청 신도중학교,신도중학교,122200,현존,서울특별시 은평구 진관1로 77-30,02-389-4330,02-389-4331
7031200,서울특별시교육청 서울특별시서부교육지원청 신수중학교,신수중학교,121856,현존,서울특별시 마포구 신수로 49,02-717-6004,02-717-6077
7031201,서울특별시교육청 서울특별시서부교육지원청 신연중학교,신연중학교,120823,현존,서울특별시 서대문구 모래내로 408,02-379-4317,02-394-8315
7031202,서울특별시교육청 서울특별시서부교육지원청 아현중학교,아현중학교,121859,현존,서울특별시 마포구 마포대로 247,02-363-1813,02-392-4470
7031203,서울특별시교육청 서울특별시서부교육지원청 연북중학교,연북중학교,3718,현존,서울특별시 서대문구 연희로36길 32,02-332-7378,02-337-5894
7031204,서울특별시교육청 서울특별시서부교육지원청 연서중학교,연서중학교,3469,현존,서울특별시 은평구 증산서길 125-6,02-6715-8000,02-376-1534
7031205,서울특별시교육청 서울특별시서부교육지원청 연신중학교,연신중학교,122042,현존,서울특별시 은평구 연서로33길 16-32,02-383-7831,02-383-7855
7031206,서울특별시교육청 서울특별시서부교육지원청 연천중학교,연천중학교,122868,현존,서울특별시 은평구 연서로41길 30,02-354-0514,02-389-7601
7031207,서울특별시교육청 서울특별시서부교육지원청 연희중학교,연희중학교,120807,현존,서울특별시 서대문구 증가로 170,02-372-2992,02-302-6127
7031208,서울특별시교육청 서울특별시서부교육지원청 영락중학교,영락중학교,122010,현존,서울특별시 은평구 백련산로 134-6,02-388-4033,02-388-5497
7031209,서울특별시교육청 서울특별시서부교육지원청 예일여자중학교,예일여자중학교,122819,현존,서울특별시 은평구 연서로 117,02-380-0905,02-380-0988
7031210,서울특별시교육청 서울특별시서부교육지원청 은평중학교,은평중학교,122946,현존,서울특별시 은평구 갈현로17나길 12-1,02-382-3545,02-382-3547
7031212,서울특별시교육청 서울특별시서부교육지원청 인왕중학교,인왕중학교,120864,현존,서울특별시 서대문구 세검정로4길,02-396-5406,02-396-5416
7031213,서울특별시교육청 서울특별시서부교육지원청 인창중학교,인창중학교,120012,현존,서울특별시 서대문구 경기대로 65,02-300-4567,02-300-4501
7031214,서울특별시교육청 서울특별시서부교육지원청 정원여자중학교,정원여자중학교,120850,현존,서울특별시 서대문구 연희로37안길 51,02-394-6301,02-391-6306
7031215,서울특별시교육청 서울특별시서부교육지원청 중암중학교,중암중학교,3934,현존,서울특별시 마포구 월드컵북로38길 25,02-309-5778,02-305-4915
7031216,서울특별시교육청 서울특별시서부교육지원청 중앙여자중학교,중앙여자중학교,120818,현존,서울특별시 서대문구 북아현로11가길 7,02-362-3063,02-393-5129
7031217,서울특별시교육청 서울특별시서부교육지원청 증산중학교,증산중학교,122100,현존,서울특별시 은평구 증산로5길 27-30,02-303-9294,02-376-3496
7031218,서울특별시교육청 서울특별시서부교육지원청 진관중학교,진관중학교,122200,현존,서울특별시 은평구 진관4로 36,02-383-5379,02-383-3696
7031219,서울특별시교육청 서울특별시서부교육지원청 창천중학교,창천중학교,121806,현존,서울특별시 마포구 백범로1길 56,02-701-9595,02-701-9989
7031220,서울특별시교육청 서울특별시서부교육지원청 충암중학교,충암중학교,122952,현존,서울특별시 은평구 가좌로5길 5,070-5002-8740,02-303-3001
7031221,서울특별시교육청 서울특별시서부교육지원청 한성중학교,한성중학교,120821,현존,서울특별시 서대문구 북아현로1길 24,02-365-4942,02-364-6926
7031222,서울특별시교육청 서울특별시서부교육지원청 홍은중학교,홍은중학교,120844,현존,서울특별시 서대문구 연희로41길 94,02-3216-0512,02-3217-0573
7031223,서울특별시교육청 서울특별시서부교육지원청 홍익대학교사범대학부속여자중학교,홍익대학교사범대학부속여자중학교,121250,현존,서울특별시 마포구 성미산로 51,02-331-7410,02-331-7493
7031261,서울특별시교육청 서울특별시서부교육지원청 가재울중학교,가재울중학교,120811,현존,서울특별시 서대문구 수색로 100-75,02-726-1700,02-726-1799
7041164,서울특별시교육청 서울특별시남부교육지원청 가산중학교,가산중학교,153813,현존,서울특별시 금천구 시흥대로115길 48,02-804-1777,02-892-8477
7041165,서울특별시교육청 서울특별시남부교육지원청 개봉중학교,개봉중학교,152091,현존,서울특별시 구로구 고척로21나길 68,02-3660-2400,02-2688-9514
7041166,서울특별시교육청 서울특별시남부교육지원청 개웅중학교,개웅중학교,152812,현존,서울특별시 구로구 개봉로11길 81,02-2613-3342,02-2616-7618
7041167,서울특별시교육청 서울특별시남부교육지원청 경인중학교,경인중학교,152099,현존,서울특별시 구로구 경인로 301,02-2612-3471,02-2616-0649
7041168,서울특별시교육청 서울특별시남부교육지원청 고척중학교,고척중학교,152826,현존,서울특별시 구로구 중앙로3길 20,02-6917-7101,02-2615-9386
7041169,서울특별시교육청 서울특별시남부교육지원청 구로중학교,구로중학교,152050,현존,서울특별시 구로구 구로중앙로 48,02-864-4233,02-851-9604
7041170,서울특별시교육청 서울특별시남부교육지원청 구일중학교,구일중학교,152051,현존,서울특별시 구로구 구일로 90-133,02-2107-9104,02-837-1898
7041171,서울특별시교육청 서울특별시남부교육지원청 난곡중학교,난곡중학교,153820,현존,서울특별시 금천구 문성로 67,02-2283-5200,02-859-2141
7041172,서울특별시교육청 서울특별시남부교육지원청 당산서중학교,당산서중학교,150045,현존,서울특별시 영등포구 당산로41길 12,02-2676-0962,02-2632-5436
7041173,서울특별시교육청 서울특별시남부교육지원청 당산중학교,당산중학교,150808,현존,서울특별시 영등포구 버드나루로 160,02-2177-9900,02-2177-9911
7041174,서울특별시교육청 서울특별시남부교육지원청 대림중학교,대림중학교,150822,현존,서울특별시 영등포구 시흥대로185길 6,02-845-2171,02-845-8478
7041175,서울특별시교육청 서울특별시남부교육지원청 대영중학교,대영중학교,7397,현존,서울특별시 영등포구 도림로80가길 14,02-848-7781,02-831-5270
7041176,서울특별시교육청 서울특별시남부교육지원청 동일중학교,동일중학교,153032,현존,서울특별시 금천구 탑골로10길 45,02-802-0991,02-892-7261
7041177,서울특별시교육청 서울특별시남부교육지원청 문래중학교,문래중학교,150096,현존,서울특별시 영등포구 선유서로13길 6,02-6712-0707,02-6713-0377
7041178,서울특별시교육청 서울특별시남부교육지원청 문성중학교,문성중학교,153013,현존,서울특별시 금천구 독산로102길 78,02-858-8446,02-838-8010
7041179,서울특별시교육청 서울특별시남부교육지원청 문일중학교,문일중학교,153031,현존,서울특별시 금천구 시흥대로47길 45,02-891-6669,02-805-3231
7041180,서울특별시교육청 서울특별시남부교육지원청 선유중학교,선유중학교,150103,현존,서울특별시 영등포구 선유로 213,02-2633-4147,02-2632-2149
7041181,서울특별시교육청 서울특별시남부교육지원청 세일중학교,세일중학교,153010,현존,서울특별시 금천구 시흥대로147길 34,02-856-0868,02-839-3665
7041182,서울특별시교육청 서울특별시남부교육지원청 시흥중학교,시흥중학교,153033,현존,서울특별시 금천구 시흥대로38길 60,02-895-2302,02-894-6586
7041183,서울특별시교육청 서울특별시남부교육지원청 신도림중학교,신도림중학교,152887,현존,서울특별시 구로구 경인로63길 74,02-2676-1993,02-2631-3196
7041184,서울특별시교육청 서울특별시남부교육지원청 안천중학교,안천중학교,153833,현존,서울특별시 금천구 한내로 69-44,02-894-1204,02-894-5220
7041185,서울특별시교육청 서울특별시남부교육지원청 양화중학교,양화중학교,,현존,서울특별시 영등포구 당산로 56,02-2633-9284,02-2637-6593
7041186,서울특별시교육청 서울특별시남부교육지원청 여의도중학교,여의도중학교,150888,현존,서울특별시 영등포구 국제금융로7길 46,02-2199-9500,02-786-7597
7041187,서울특별시교육청 서울특별시남부교육지원청 영남중학교,영남중학교,150815,현존,서울특별시 영등포구 대림로31나길 17,02-848-9333,02-831-7730
7041188,서울특별시교육청 서울특별시남부교육지원청 영림중학교,영림중학교,152842,현존,서울특별시 구로구 가마산로27길 17,02-859-0320,02-858-6012
7041189,서울특별시교육청 서울특별시남부교육지원청 영서중학교,영서중학교,152847,현존,서울특별시 구로구 도림로20길 35,02-856-9567,02-837-6639
7041190,서울특별시교육청 서울특별시남부교육지원청 영원중학교,영원중학교,150898,현존,서울특별시 영등포구 영등포로62길 31,02-843-2028,02-847-0201
7041191,서울특별시교육청 서울특별시남부교육지원청 오남중학교,오남중학교,152102,현존,서울특별시 구로구 오리로9길 25,02-2687-4235,02-2686-7436
7041192,서울특별시교육청 서울특별시남부교육지원청 오류중학교,오류중학교,152833,현존,서울특별시 구로구 고척로27바길 19,02-2612-2602,02-2688-9667
7041193,서울특별시교육청 서울특별시남부교육지원청 우신중학교,우신중학교,,현존,서울특별시 구로구 부일로 917,02-2610-1699,02-2610-1609
7041194,서울특별시교육청 서울특별시남부교육지원청 윤중중학교,윤중중학교,150010,현존,서울특별시 영등포구 여의동로3길 3,02-783-4478,02-786-9111
7041195,서울특별시교육청 서울특별시남부교육지원청 한울중학교,한울중학교,153820,현존,서울특별시 금천구 독산로50길 60,02-856-4941,02-858-5382
7041238,서울특별시교육청 서울특별시남부교육지원청 천왕중학교,천왕중학교,152130,현존,서울특별시 구로구 천왕로 63,02-2618-2832,02-2618-2851
7041262,서울특별시교육청 서울특별시남부교육지원청 항동중학교,항동중학교,,현존,서울특별시 구로구 연동로 239-2,02-2223-0223,02-2223-0288
7041263,서울특별시교육청 서울특별시남부교육지원청 신길중학교,신길중학교,,현존,서울특별시 영등포구 신길로28길 43,02-6956-4770,02-6956-4772
7061094,서울특별시교육청 서울특별시중부교육지원청 경신중학교,경신중학교,,현존,서울특별시 종로구 혜화로 74,02-762-0390,02-763-6034
7061096,서울특별시교육청 서울특별시중부교육지원청 대경중학교,대경중학교,100826,현존,서울특별시 중구 매봉18길 111,02-2235-5158,02-2236-9146
7061097,서울특별시교육청 서울특별시중부교육지원청 대신중학교,대신중학교,,현존,서울특별시 종로구 사직로 9,02-736-0318,070-8668-1995
7061098,서울특별시교육청 서울특별시중부교육지원청 덕성여자중학교,덕성여자중학교,,현존,서울특별시 종로구 율곡로3길 49,02-733-4807,02-720-0972
7061099,서울특별시교육청 서울특별시중부교육지원청 덕수중학교,덕수중학교,100282,현존,서울 중구 마른내로9길 10,02-2265-9063,02-2269-2742
7061100,서울특별시교육청 서울특별시중부교육지원청 동성중학교,동성중학교,110530,현존,서울특별시 종로구 대학로 156,02-3671-9101,02-764-9855
7061101,서울특별시교육청 서울특별시중부교육지원청 배문중학교,배문중학교,140830,현존,서울특별시 용산구 효창원로 258,02-3480-7243,02-714-0062
7061102,서울특별시교육청 서울특별시중부교육지원청 배화여자중학교,배화여자중학교,110044,현존,서울특별시 종로구 필운대로1길 34,02-725-6451,02-725-4934
7061103,서울특별시교육청 서울특별시중부교육지원청 보성여자중학교,보성여자중학교,140833,현존,서울특별시 용산구 신흥로3가길 66,02-793-0053,02-798-4146
7061104,서울특별시교육청 서울특별시중부교육지원청 상명대학교사범대학부속여자중학교,상명대학교사범대학부속여자중학교,110020,현존,서울특별시 종로구 홍지문2길 20,02-394-8672,02-6927-0229
7061105,서울특별시교육청 서울특별시중부교육지원청 선린중학교,선린중학교,140133,현존,서울특별시 용산구 원효로97길 33-4,02-713-6214,02-712-6918
7061106,서울특별시교육청 서울특별시중부교육지원청 성심여자중학교,성심여자중학교,,현존,서울특별시 용산구 원효로19길 49,02-3273-0513,02-3273-4165
7061108,서울특별시교육청 서울특별시중부교육지원청 신광여자중학교,신광여자중학교,140133,현존,서울특별시 용산구 청파로 263,02-710-6990,02-703-6910
7061110,서울특별시교육청 서울특별시중부교육지원청 오산중학교,오산중학교,140220,현존,서울특별시 용산구 보광로7길 17,02-7999-400,02-7999-499
7061111,서울특별시교육청 서울특별시중부교육지원청 용강중학교,용강중학교,140030,현존,서울특별시 용산구 이촌로65가길 91,02-795-6176,02-795-5707
7061112,서울특별시교육청 서울특별시중부교육지원청 용산중학교,용산중학교,140833,현존,서울특별시 용산구 두텁바위로 74,070-4000-3800,02-319-1625
7061113,서울특별시교육청 서울특별시중부교육지원청 장원중학교,장원중학교,4603,현존,서울특별시 중구 동호로15길 93-34,02-2238-1181,02-2238-3761
7061114,서울특별시교육청 서울특별시중부교육지원청 장충중학교,장충중학교,100835,현존,서울특별시 중구 동호로15길 93,02-2233-9990,02-2236-6660
7061115,서울특별시교육청 서울특별시중부교육지원청 중앙중학교,중앙중학교,110800,현존,서울특별시 종로구 창덕궁길 164,02-742-1325,02-745-3643
7061116,서울특별시교육청 서울특별시중부교육지원청 창덕여자중학교,창덕여자중학교,100120,현존,서울특별시 중구 정동길 22,02-2125-8000,02-2125-8055
7061117,서울특별시교육청 서울특별시중부교육지원청 청운중학교,청운중학교,110030,현존,서울특별시 종로구 창의문로 51,02-737-0582,02-723-4370
7061118,서울특별시교육청 서울특별시중부교육지원청 한강중학교,한강중학교,140240,현존,서울특별시 용산구 녹사평대로 73,02-794-1791,02-792-9642
7061119,서울특별시교육청 서울특별시중부교육지원청 한양중학교,한양중학교,100450,현존,서울특별시 중구 을지로 299,02-2234-4725,02-2179-8344
7061120,서울특별시교육청 서울특별시중부교육지원청 환일중학교,환일중학교,100372,현존,서울특별시 중구 환일길 47,02-390-7211,02-363-5200
7061183,서울특별시교육청 서울특별시중부교육지원청 금호중학교,금호중학교,100456,현존,서울특별시 중구 청구로 6,02-2088-0549,02-2088-6291
7081484,서울특별시교육청 서울특별시강서양천교육지원청 강신중학교,강신중학교,158848,현존,서울특별시 양천구 남부순환로 604,02-2694-9623,02-2699-3253
7081485,서울특별시교육청 서울특별시강서양천교육지원청 경서중학교,경서중학교,157809,현존,서울특별시 강서구 양천로59길 31,02-2668-0304,02-2668-6816
7081487,서울특별시교육청 서울특별시강서양천교육지원청 공항중학교,공항중학교,157811,현존,서울특별시 강서구 방화대로 241,02-2662-0471,02-2667-0739
7081488,서울특별시교육청 서울특별시강서양천교육지원청 금옥중학교,금옥중학교,158855,현존,서울특별시 양천구 신정로 213,02-2696-1202,02-2698-1339
7081489,서울특별시교육청 서울특별시강서양천교육지원청 등명중학교,등명중학교,157030,현존,서울특별시 강서구 공항대로39길 39,02-2600-8200,02-2658-7198
7081490,서울특별시교육청 서울특별시강서양천교육지원청 등원중학교,등원중학교,157033,현존,서울특별시 강서구 화곡로65길 50,02-2658-2707,02-2658-2709
7081491,서울특별시교육청 서울특별시강서양천교육지원청 목동중학교,목동중학교,158072,현존,서울특별시 양천구 목동동로 172,02-2643-1103,02-2653-5848
7081492,서울특별시교육청 서울특별시강서양천교육지원청 목운중학교,목운중학교,158050,현존,서울특별시 양천구 목동동로 235,02-2651-4060,02-2651-4063
7081493,서울특별시교육청 서울특별시강서양천교육지원청 목일중학교,목일중학교,158076,현존,서울특별시 양천구 목동동로8길 70,02-2646-0553,02-2648-5793
7081494,서울특별시교육청 서울특별시강서양천교육지원청 방원중학교,방원중학교,157220,현존,서울특별시 강서구 금낭화로 268,02-2666-6014,02-2662-6965
7081495,서울특별시교육청 서울특별시강서양천교육지원청 방화중학교,방화중학교,157853,현존,서울특별시 강서구 개화동로27길 9,02-2662-4452,02-2665-0411
7081496,서울특별시교육청 서울특별시강서양천교육지원청 백석중학교,백석중학교,157836,현존,서울특별시 강서구 등촌로51나길 35,02-2644-2886,02-2653-5589
7081497,서울특별시교육청 서울특별시강서양천교육지원청 삼정중학교,삼정중학교,157223,현존,서울특별시 강서구 금낭화로 210,02-2666-6033,02-2666-6896
7081498,서울특별시교육청 서울특별시강서양천교육지원청 성재중학교,성재중학교,157806,현존,서울특별시 강서구 허준로 36,02-2658-9853,02-2658-9855
7081499,서울특별시교육청 서울특별시강서양천교육지원청 송정중학교,송정중학교,157818,현존,서울특별시 강서구 남부순환로 121,02-2661-0478,02-2667-0021
7081500,서울특별시교육청 서울특별시강서양천교육지원청 수명중학교,수명중학교,157280,현존,서울특별시 강서구 수명로2길 16,02-6738-1200,02-2667-4604
7081501,서울특별시교육청 서울특별시강서양천교육지원청 신남중학교,신남중학교,158092,현존,서울특별시 양천구 중앙로29길 109,02-2602-7353,02-2605-3745
7081502,서울특별시교육청 서울특별시강서양천교육지원청 신목중학교,신목중학교,158055,현존,서울특별시 양천구 목동중앙로 88,02-2648-2142,02-2653-5912
7081503,서울특별시교육청 서울특별시강서양천교육지원청 신서중학교,신서중학교,158071,현존,서울특별시 양천구 중앙로 206,02-2654-8011,02-2654-8016
7081504,서울특별시교육청 서울특별시강서양천교육지원청 신원중학교,신원중학교,158823,현존,서울특별시 양천구 가로공원로55길 19,02-2699-0183,02-2698-7635
7081505,서울특별시교육청 서울특별시강서양천교육지원청 신월중학교,신월중학교,158822,현존,서울특별시 양천구 남부순환로29길 25,02-2601-4254,02-2698-3267
7081506,서울특별시교육청 서울특별시강서양천교육지원청 신화중학교,신화중학교,158822,현존,서울특별시 양천구 남부순환로29길 35,02-2601-0120,02-2601-0126
7081507,서울특별시교육청 서울특별시강서양천교육지원청 양강중학교,양강중학교,158838,현존,서울특별시 양천구 중앙로 319,02-2691-0869,02-2692-7853
7081508,서울특별시교육청 서울특별시강서양천교육지원청 양동중학교,양동중학교,158053,현존,서울특별시 양천구 목동중앙북로 49,02-2648-3638,02-2653-5248
7081509,서울특별시교육청 서울특별시강서양천교육지원청 양서중학교,양서중학교,158829,현존,서울특별시 양천구 남부순환로 380,02-6273-8106,02-2603-6676
7081510,서울특별시교육청 서울특별시강서양천교육지원청 양천중학교,양천중학교,158097,현존,서울특별시 양천구 지양로7길 32,02-2694-2715,02-2694-4024
7081511,서울특별시교육청 서울특별시강서양천교육지원청 염경중학교,염경중학교,157859,현존,서울특별시 강서구 양천로69길 35,02-3661-6252,02-3661-6287
7081512,서울특별시교육청 서울특별시강서양천교육지원청 염창중학교,염창중학교,157859,현존,서울특별시 강서구 양천로67가길 83,02-3661-9756,02-3665-5498
7081513,서울특별시교육청 서울특별시강서양천교육지원청 월촌중학교,월촌중학교,158055,현존,서울특별시 양천구 목동서로 31,02-2648-8570,02-2648-8577
7081514,서울특별시교육청 서울특별시강서양천교육지원청 화원중학교,화원중학교,157882,현존,서울특별시 강서구 강서로17나길 86,02-811-2000,02-811-2050
7081515,서울특별시교육청 서울특별시강서양천교육지원청 마곡중학교,마곡중학교,157210,현존,서울특별시 강서구 마곡중앙5로 58,02-2666-8502,02-2666-8504
7081516,서울특별시교육청 서울특별시강서양천교육지원청 덕원중학교,덕원중학교,157700,현존,서울특별시 강서구 강서로45길 91-44,02-2660-7955,02-2660-7978
7081517,서울특별시교육청 서울특별시강서양천교육지원청 등촌중학교,등촌중학교,157836,현존,서울특별시 강서구 공항대로 484-12,02-2653-0392,02-2653-4969
7081518,서울특별시교육청 서울특별시강서양천교육지원청 마포중학교,마포중학교,157033,현존,서울특별시 강서구 화곡로 403,02-3663-2591,02-3663-2593
7081519,서울특별시교육청 서울특별시강서양천교육지원청 명덕여자중학교,명덕여자중학교,157280,현존,서울특별시 강서구 강서로47길 34-10,02-2664-8813,02-2664-8846
7081520,서울특별시교육청 서울특별시강서양천교육지원청 봉영여자중학교,봉영여자중학교,158077,현존,서울특별시 양천구 목동동로2길 68,02-2648-7124,02-2648-7122
7081521,서울특별시교육청 서울특별시강서양천교육지원청 신정여자중학교,신정여자중학교,157894,현존,서울특별시 강서구 등촌로13아길 20,02-2644-3549,02-2642-5922
7081522,서울특별시교육청 서울특별시강서양천교육지원청 양정중학교,양정중학교,,현존,서울특별시 양천구 안양천로 1039,02-2649-7077,02-2653-4827
7081523,서울특별시교육청 서울특별시강서양천교육지원청 영도중학교,영도중학교,158054,현존,서울특별시 양천구 목동중앙남로 27,02-2643-0242,02-2652-5414
7081524,서울특별시교육청 서울특별시강서양천교육지원청 화곡중학교,화곡중학교,157280,현존,서울특별시 강서구 강서로45길 70,070-8644-6400,02-2662-2943
7081540,서울특별시교육청 서울특별시강서양천교육지원청 마곡하늬중학교,마곡하늬중학교,,현존,서울특별시 강서구 마곡서1로 16,269855900,69855958
7091420,서울특별시교육청 서울특별시강남서초교육지원청 개원중학교,개원중학교,135993,현존,서울특별시 강남구 영동대로 101,02-3411-8321,02-3411-8329
7091421,서울특별시교육청 서울특별시강남서초교육지원청 개포중학교,개포중학교,135241,현존,서울특별시 강남구 선릉로 9,02-2138-1631,02-2138-1632
7091422,서울특별시교육청 서울특별시강남서초교육지원청 경원중학교,경원중학교,137030,현존,서울특별시 서초구 신반포로33길 39,02-593-6578,02-599-0418
7091423,서울특별시교육청 서울특별시강남서초교육지원청 구룡중학교,구룡중학교,135806,현존,서울특별시 강남구 선릉로 103,02-577-3708,02-577-3704
7091424,서울특별시교육청 서울특별시강남서초교육지원청 대명중학교,대명중학교,135847,현존,서울특별시 강남구 역삼로87길 26,02-563-3701,02-565-3404
7091425,서울특별시교육청 서울특별시강남서초교육지원청 대왕중학교,대왕중학교,135886,현존,서울특별시 강남구 광평로20길 7,02-2226-2646,02-2226-2640
7091426,서울특별시교육청 서울특별시강남서초교육지원청 대청중학교,대청중학교,135281,현존,서울특별시 강남구 양재천로 321,02-553-9830,02-561-6224
7091427,서울특별시교육청 서울특별시강남서초교육지원청 대치중학교,대치중학교,135855,현존,서울특별시 강남구 남부순환로378길 39,02-572-9781,02-579-7315
7091428,서울특별시교육청 서울특별시강남서초교육지원청 도곡중학교,도곡중학교,135857,현존,서울특별시 강남구 언주로57길 31,02-3462-5951,02-3461-7393
7091429,서울특별시교육청 서울특별시강남서초교육지원청 반포중학교,반포중학교,137040,현존,서울특별시 서초구 신반포로 67,02-599-2304,02-536-9599
7091430,서울특별시교육청 서울특별시강남서초교육지원청 방배중학교,방배중학교,137807,현존,서울특별시 서초구 동광로 144,02-532-1342,02-599-6455
7091431,서울특별시교육청 서울특별시강남서초교육지원청 봉은중학교,봉은중학교,135871,현존,서울특별시 강남구 영동대로128길 59,02-547-5628,02-512-3809
7091432,서울특별시교육청 서울특별시강남서초교육지원청 서운중학교,서운중학교,137857,현존,서울특별시 서초구 서운로 115,02-3473-2701,02-581-4691
7091433,서울특별시교육청 서울특별시강남서초교육지원청 서일중학교,서일중학교,,현존,서울특별시 서초구 서운로21길 2,02-3482-9663,02-3481-9395
7091434,서울특별시교육청 서울특별시강남서초교육지원청 서초중학교,서초중학교,137871,현존,서울특별시 서초구 반포대로13길 48,02-583-0105,02-583-8274
7091435,서울특별시교육청 서울특별시강남서초교육지원청 수서중학교,수서중학교,135884,현존,서울특별시 강남구 광평로59길 57,02-451-7092,02-451-7095
7091436,서울특별시교육청 서울특별시강남서초교육지원청 신구중학교,신구중학교,135894,현존,서울특별시 강남구 압구정로36길 17,02-548-5038,02-517-0338
7091437,서울특별시교육청 서울특별시강남서초교육지원청 신동중학교,신동중학교,137907,현존,서울특별시 서초구 나루터로 27,02-594-6456,02-595-6458
7091438,서울특별시교육청 서울특별시강남서초교육지원청 신반포중학교,신반포중학교,137042,현존,서울특별시 서초구 신반포로19길 26,02-537-6731,02-593-0964
7091439,서울특별시교육청 서울특별시강남서초교육지원청 신사중학교,신사중학교,135110,현존,서울특별시 강남구 압구정로 123,02-541-1062,02-547-6940
7091440,서울특별시교육청 서울특별시강남서초교육지원청 압구정중학교,압구정중학교,135111,현존,서울특별시 강남구 압구정로 225,02-543-1393,02-514-7249
7091441,서울특별시교육청 서울특별시강남서초교육지원청 언남중학교,언남중학교,137896,현존,서울특별시 서초구 동산로 55,02-577-3038,02-574-0546
7091442,서울특별시교육청 서울특별시강남서초교육지원청 언북중학교,언북중학교,135012,현존,서울특별시 강남구 도산대로38길 27,02-544-1311,02-516-1656
7091443,서울특별시교육청 서울특별시강남서초교육지원청 언주중학교,언주중학교,135092,현존,서울특별시 강남구 선릉로116길 57,02-514-7174,02-514-8335
7091444,서울특별시교육청 서울특별시강남서초교육지원청 역삼중학교,역삼중학교,135927,현존,서울특별시 강남구 도곡로43길 10,02-558-1501,02-563-9770
7091445,서울특별시교육청 서울특별시강남서초교육지원청 영동중학교,영동중학교,137901,현존,서울특별시 서초구 성촌길 14,02-3474-7386,02-3474-1960
7091446,서울특별시교육청 서울특별시강남서초교육지원청 원촌중학교,원촌중학교,6544,현존,서울특별시 서초구 사평대로45길 10,02-3482-6053,02-535-0238
7091447,서울특별시교육청 서울특별시강남서초교육지원청 이수중학교,이수중학교,137062,현존,서울특별시 서초구 방배중앙로3길 32,02-521-4651,02-521-1283
7091448,서울특별시교육청 서울특별시강남서초교육지원청 청담중학교,청담중학교,135959,현존,서울특별시 강남구 압구정로61길 36,02-511-5151,02-549-9834
7091449,서울특별시교육청 서울특별시강남서초교육지원청 단국대학교사범대학부속중학교,단국대학교사범대학부속중학교,135852,현존,서울특별시 강남구 도곡로64길 21,02-2191-2600,02-557-6837
7091450,서울특별시교육청 서울특별시강남서초교육지원청 동덕여자중학교,동덕여자중학교,137063,현존,서울특별시 서초구 효령로2길 123-5,02-586-5417,02-582-5428
7091451,서울특별시교육청 서울특별시강남서초교육지원청 서문여자중학교,서문여자중학교,137852,현존,서울특별시 서초구 동광로12길 84,02-3015-3600,02-594-6063
7091452,서울특별시교육청 서울특별시강남서초교육지원청 세화여자중학교,세화여자중학교,137049,현존,서울특별시 서초구 신반포로 56-7,02-594-4887,02-594-4858
7091453,서울특별시교육청 서울특별시강남서초교육지원청 숙명여자중학교,숙명여자중학교,135270,현존,서울특별시 강남구 남부순환로 2807,02-6480-5300,02-3461-5084
7091454,서울특별시교육청 서울특별시강남서초교육지원청 은성중학교,은성중학교,135270,현존,서울특별시 강남구 남부순환로359길 36,02-3462-2003,02-3462-0088
7091455,서울특별시교육청 서울특별시강남서초교육지원청 중동중학교,중동중학교,135946,현존,서울특별시 강남구 일원로8길 37,070-7092-9300,02-445-9882
7091456,서울특별시교육청 서울특별시강남서초교육지원청 진선여자중학교,진선여자중학교,135919,현존,서울특별시 강남구 선릉로85길 27,02-2185-4300,02-2185-4397
7091457,서울특별시교육청 서울특별시강남서초교육지원청 휘문중학교,휘문중학교,6183,현존,서울특별시 강남구 역삼로 541,02-500-9700,02-553-1042
7091461,서울특별시교육청 서울특별시강남서초교육지원청 세곡중학교,세곡중학교,135200,현존,서울특별시 강남구 자곡로 81,02-2040-2900,02-3412-5471
7091486,서울특별시교육청 서울특별시강남서초교육지원청 내곡중학교,내곡중학교,,현존,서울특별시 서초구 청계산로7길 9-20,02-571-9532,02-571-9531
7121341,서울특별시교육청 서울특별시성북강북교육지원청 강북중학교,강북중학교,142073,현존,서울특별시 강북구 한천로150길 67,02-999-4104,02-993-3465
7121342,서울특별시교육청 서울특별시성북강북교육지원청 개운중학교,개운중학교,136814,현존,서울특별시 성북구 북악산로 935,02-3291-5492,02-3291-5495
7121344,서울특별시교육청 서울특별시성북강북교육지원청 번동중학교,번동중학교,142862,현존,서울특별시 강북구 오현로35길 87,02-945-0168,02-986-1450
7121345,서울특별시교육청 서울특별시성북강북교육지원청 북악중학교,북악중학교,136842,현존,서울특별시 성북구 정릉로12길 41,02-910-2311,02-919-5097
7121346,서울특별시교육청 서울특별시성북강북교육지원청 삼각산중학교,삼각산중학교,142100,현존,서울특별시 강북구 삼양로19길 141,02-944-4999,02-986-0544
7121347,서울특별시교육청 서울특별시성북강북교육지원청 삼선중학교,삼선중학교,136031,현존,서울특별시 성북구 동소문로3길 69,02-742-1147,02-741-5711
7121348,서울특별시교육청 서울특별시성북강북교육지원청 석관중학교,석관중학교,136150,현존,서울특별시 성북구 한천로 526,02-962-2276,02-967-2057
7121349,서울특별시교육청 서울특별시성북강북교육지원청 수송중학교,수송중학교,142061,현존,서울특별시 강북구 한천로122길 21,02-900-5791,02-900-6324
7121350,서울특별시교육청 서울특별시성북강북교육지원청 수유중학교,수유중학교,142071,현존,서울특별시 강북구 인수봉로37길 40,02-945-6102,02-945-6109
7121351,서울특별시교육청 서울특별시성북강북교육지원청 용문중학교,용문중학교,2843,현존,서울특별시 성북구 고려대로17길 46,02-926-4238,02-927-0860
7121352,서울특별시교육청 서울특별시성북강북교육지원청 월곡중학교,월곡중학교,136120,현존,서울특별시 성북구 장월로 6,02-6496-6600,02-6496-6692
7121353,서울특별시교육청 서울특별시성북강북교육지원청 인수중학교,인수중학교,142882,현존,서울특별시 강북구 인수봉로75길 10,02-900-7801,02-900-7981
7121354,서울특별시교육청 서울특별시성북강북교육지원청 장위중학교,장위중학교,136836,현존,서울특별시 성북구 장위로4길 70,02-941-1672,02-919-4360
7121355,서울특별시교육청 서울특별시성북강북교육지원청 종암중학교,종암중학교,136860,현존,서울특별시 성북구 종암로5길 80-17,02-928-7041,02-922-1969
7121356,서울특별시교육청 서울특별시성북강북교육지원청 화계중학교,화계중학교,,현존,서울특별시 강북구 화계사길 63,02-986-3073,02-984-2786
7121357,서울특별시교육청 서울특별시성북강북교육지원청 길음중학교,길음중학교,136110,현존,서울특별시 성북구 길음로 144,02-910-8770,02-910-8769
7121358,서울특별시교육청 서울특별시성북강북교육지원청 고려대학교사범대학부속중학교,고려대학교사범대학부속중학교,136856,현존,서울특별시 성북구 정릉로 161,02-914-8853,02-942-5626
7121359,서울특별시교육청 서울특별시성북강북교육지원청 고명중학교,고명중학교,136060,현존,서울특별시 성북구 북악산로 870,02-926-2837,02-921-8443
7121360,서울특별시교육청 서울특별시성북강북교육지원청 남대문중학교,남대문중학교,136143,현존,서울특별시 성북구 한천로 660-30,02-942-3184,02-942-3185
7121361,서울특별시교육청 서울특별시성북강북교육지원청 동구여자중학교,동구여자중학교,136020,현존,서울특별시 성북구 성북로8길 71,02-762-1304,02-762-0308
7121362,서울특별시교육청 서울특별시성북강북교육지원청 서라벌중학교,서라벌중학교,142090,현존,서울특별시 강북구 삼양로155길 37-9,070-8280-4600,02-903-8397
7121363,서울특별시교육청 서울특별시성북강북교육지원청 성신여자중학교,성신여자중학교,136060,현존,서울특별시 성북구 북악산로 918,02-929-1898,02-929-1890
7121364,서울특별시교육청 서울특별시성북강북교육지원청 성암여자중학교,성암여자중학교,142815,현존,서울특별시 강북구 도봉로29길 52,02-2179-1777,02-982-9053
7121365,서울특별시교육청 서울특별시성북강북교육지원청 신일중학교,신일중학교,142711,현존,서울특별시 강북구 솔매로49길 20,02-944-9850,02-989-6201
7121366,서울특별시교육청 서울특별시성북강북교육지원청 창문여자중학교,창문여자중학교,142802,현존,서울특별시 강북구 월계로 61,02-986-1703,02-985-1316
7121367,서울특별시교육청 서울특별시성북강북교육지원청 한성여자중학교,한성여자중학교,136042,현존,서울특별시 성북구 삼선교로16길 118,02-742-2542,02-745-8858
7121368,서울특별시교육청 서울특별시성북강북교육지원청 홍익대학교사범대학부속중학교,홍익대학교사범대학부속중학교,136825,현존,서울특별시 성북구 성북로14가길 23,02-762-0824,02-765-4520
7121369,서울특별시교육청 서울특별시성북강북교육지원청 영훈국제중학교,영훈국제중학교,142709,현존,서울특별시 강북구 도봉로13가길 19,82-2-970-4777,02-980-7209
7121370,서울특별시교육청 서울특별시성북강북교육지원청 숭곡중학교,숭곡중학교,136130,현존,서울특별시 성북구 종암로 208,02-912-7572,02-912-7573
7121380,서울특별시교육청 서울특별시성북강북교육지원청 솔샘중학교,솔샘중학교,142822,현존,서울특별시 강북구 인수봉로 39,02-981-6872,02-981-6874
7130165,서울특별시교육청 서울특별시강동송파교육지원청 가락중학교,가락중학교,,현존,서울특별시 송파구 송이로 45,02-2143-3100,02-2143-3119
7130166,서울특별시교육청 서울특별시강동송파교육지원청 가원중학교,가원중학교,138169,현존,서울특별시 송파구 중대로10길 40-18,02-409-2179,02-443-5825
7130167,서울특별시교육청 서울특별시강동송파교육지원청 강동중학교,강동중학교,134100,현존,서울특별시 강동구 풍산로 237,02-481-1502,02-481-1504
7130168,서울특별시교육청 서울특별시강동송파교육지원청 강명중학교,강명중학교,134100,현존,서울특별시 강동구 상일로12길 56,02-440-3200,02-428-7377
7130169,서울특별시교육청 서울특별시강동송파교육지원청 강일중학교,강일중학교,134855,현존,서울특별시 강동구 고덕로27길 12,02-441-4651,02-441-4677
7130170,서울특별시교육청 서울특별시강동송파교육지원청 거원중학교,거원중학교,138112,현존,서울특별시 송파구 양산로2길 30,02-405-4205,02-405-4204
7130171,서울특별시교육청 서울특별시강동송파교육지원청 고덕중학교,고덕중학교,134803,현존,서울특별시 강동구 동남로82길 94,02-2045-6000,02-2045-6097
7130172,서울특별시교육청 서울특별시강동송파교육지원청 동북중학교,동북중학교,134820,현존,서울특별시 강동구 강동대로 305,02-477-2280,02-475-4985
7130173,서울특별시교육청 서울특별시강동송파교육지원청 동신중학교,동신중학교,134020,현존,서울특별시 강동구 진황도로 72,02-3784-3938,02-3784-3944
7130174,서울특별시교육청 서울특별시강동송파교육지원청 둔촌중학교,둔촌중학교,134062,현존,서울특별시 강동구 진황도로61길 25-30,02-489-7100,02-486-7627
7130175,서울특별시교육청 서울특별시강동송파교육지원청 명일중학교,명일중학교,134805,현존,서울특별시 강동구 양재대로156길 57,02-429-5641,02-429-4457
7130176,서울특별시교육청 서울특별시강동송파교육지원청 문정중학교,문정중학교,138200,현존,서울특별시 송파구 문정로 73,02-448-6348,02-430-6063
7130177,서울특별시교육청 서울특별시강동송파교육지원청 문현중학교,문현중학교,138923,현존,서울특별시 송파구 충민로 99,02-407-4095,02-407-4082
7130178,서울특별시교육청 서울특별시강동송파교육지원청 방산중학교,방산중학교,138050,현존,서울특별시 송파구 오금로29길 31,02-2046-2600,02-2046-2610
7130179,서울특별시교육청 서울특별시강동송파교육지원청 방이중학교,방이중학교,138828,현존,서울특별시 송파구 오금로11길 64,02-2152-7111,02-2152-7106
7130180,서울특별시교육청 서울특별시강동송파교육지원청 배명중학교,배명중학교,138841,현존,서울특별시 송파구 삼학사로 11,02-414-5474,02-2202-3153
7130181,서울특별시교육청 서울특별시강동송파교육지원청 배재중학교,배재중학교,134080,현존,서울특별시 강동구 고덕로 227,02-429-1885,02-429-7849
7130182,서울특별시교육청 서울특별시강동송파교육지원청 보성중학교,보성중학교,,현존,서울특별시 송파구 양재대로 1278,02-2152-2513,02-449-9355
7130183,서울특별시교육청 서울특별시강동송파교육지원청 보인중학교,보인중학교,138860,현존,서울특별시 송파구 오금로49길 18,02-449-6017,02-449-8068
7130185,서울특별시교육청 서울특별시강동송파교육지원청 서울체육중학교,서울체육중학교,138151,현존,서울특별시 송파구 강동대로 232,02-2140-9801,02-2203-9805
7130186,서울특별시교육청 서울특별시강동송파교육지원청 석촌중학교,석촌중학교,138801,현존,서울특별시 송파구 송이로15길 13,02-448-4031,02-443-6481
7130187,서울특별시교육청 서울특별시강동송파교육지원청 성내중학교,성내중학교,134850,현존,서울특별시 강동구 성안로7길 36,02-480-1600,02-472-8198
7130188,서울특별시교육청 서울특별시강동송파교육지원청 성덕여자중학교,성덕여자중학교,134861,현존,서울특별시 강동구 구천면로 396,02-475-4626 ~ 8,02-482-2911
7130189,서울특별시교육청 서울특별시강동송파교육지원청 세륜중학교,세륜중학교,138855,현존,서울특별시 송파구 양재대로72길 41,02-411-1000,02-431-1059
7130190,서울특별시교육청 서울특별시강동송파교육지원청 송례중학교,송례중학교,,현존,서울특별시 송파구 위례순환로 429,02-2144-2800,02-400-3071
7130191,서울특별시교육청 서울특별시강동송파교육지원청 송파중학교,송파중학교,138807,현존,서울특별시 송파구 동남로 203,02-402-0118,02-430-0757
7130192,서울특별시교육청 서울특별시강동송파교육지원청 신명중학교,신명중학교,134808,현존,서울특별시 강동구 명일로24길 25,02-6969-6400,02-6969-6499
7130193,서울특별시교육청 서울특별시강동송파교육지원청 신암중학교,신암중학교,134855,현존,서울특별시 강동구 고덕로 65,02-441-6751,02-441-6752
7130194,서울특별시교육청 서울특별시강동송파교육지원청 신천중학교,신천중학교,138220,현존,서울특별시 송파구 백제고분로 11,02-422-3946,02-421-1219
7130195,서울특별시교육청 서울특별시강동송파교육지원청 아주중학교,아주중학교,138227,현존,서울특별시 송파구 올림픽로4길 69,02-415-1697,02-420-8294
7130196,서울특별시교육청 서울특별시강동송파교육지원청 영파여자중학교,영파여자중학교,138040,현존,서울특별시 송파구 올림픽로 565,02-488-4074,02-487-9810
7130197,서울특별시교육청 서울특별시강동송파교육지원청 오금중학교,오금중학교,138855,현존,서울특별시 송파구 오금로35길 20,02-402-4778,02-430-6447
7130198,서울특별시교육청 서울특별시강동송파교육지원청 오륜중학교,오륜중학교,138151,현존,서울특별시 송파구 양재대로 1242,02-3434-4100,02-3434-4199
7130199,서울특별시교육청 서울특별시강동송파교육지원청 오주중학교,오주중학교,138857,현존,서울특별시 송파구 동남로 281,02-3434-7500,02-3434-7599
7130201,서울특별시교육청 서울특별시강동송파교육지원청 잠신중학교,잠신중학교,138222,현존,서울특별시 송파구 잠실로 12,02-2251-1234,02-2251-1591
7130202,서울특별시교육청 서울특별시강동송파교육지원청 잠실중학교,잠실중학교,138240,현존,서울특별시 송파구 올림픽로35길 130,02-420-8051,02-420-8055
7130203,서울특별시교육청 서울특별시강동송파교육지원청 정신여자중학교,정신여자중학교,138227,현존,서울특별시 송파구 올림픽로4길 16,02-423-4123,02-423-8322
7130204,서울특별시교육청 서울특별시강동송파교육지원청 천일중학교,천일중학교,134020,현존,서울특별시 강동구 천중로 57,02-470-3542,02-475-1805
7130205,서울특별시교육청 서울특별시강동송파교육지원청 천호중학교,천호중학교,134861,현존,서울특별시 강동구 상암로 153,02-470-7075,02-485-5621
7130206,서울특별시교육청 서울특별시강동송파교육지원청 풍납중학교,풍납중학교,138878,현존,서울특별시 송파구 올림픽로43길 20,02-2225-2000,02-2225-2004
7130207,서울특별시교육청 서울특별시강동송파교육지원청 풍성중학교,풍성중학교,138878,현존,서울특별시 송파구 강동대로2길 27,02-2224-7700,02-2224-7788
7130208,서울특별시교육청 서울특별시강동송파교육지원청 한산중학교,한산중학교,134818,현존,서울특별시 강동구 풍성로 251,02-474-4903,02-485-8092
7130209,서울특별시교육청 서울특별시강동송파교육지원청 한영중학교,한영중학교,134710,현존,서울특별시 강동구 동남로 832,02-6954-1403,02-6954-1244
7130256,서울특별시교육청 서울특별시강동송파교육지원청 해누리중학교,해누리중학교,,현존,서울특별시 송파구 송파대로37길 95,02-3469-4800,02-403-1996
7130268,서울특별시교육청 서울특별시강동송파교육지원청 강빛중학교,강빛중학교,,현존,서울특별시 강동구 아리수로93다길 1,02-6951-3964,02-6951-3966
7130271,서울특별시교육청 서울특별시강동송파교육지원청 위례솔중학교,위례솔중학교,138110,현존,서울특별시 송파구 위례북로2길 10,02-402-0122,02-402-0128
7130275,서울특별시교육청 서울특별시강동송파교육지원청 상일중학교,상일중학교,134837,현존,서울특별시 강동구 천호대로219길 61,02-428-0735,02-3426-4787
7130279,서울특별시교육청 서울특별시강동송파교육지원청 잠실여자중학교,잠실여자중학교,138170,현존,서울특별시 송파구 송파대로38길 8,02-2140-8131,02-2140-8136
7132123,서울특별시교육청 서울특별시동작관악교육지원청 강남중학교,강남중학교,156020,현존,서울특별시 동작구 대방동15길 29,02-814-5637,02-823-4226
7132124,서울특별시교육청 서울특별시동작관악교육지원청 강현중학교,강현중학교,156839,현존,서울특별시 동작구 상도로13라길 22,02-815-3939,02-817-9162
7132125,서울특별시교육청 서울특별시동작관악교육지원청 관악중학교,관악중학교,151813,현존,서울특별시 관악구 남부순환로237길 60,02-889-1782,02-872-6335
7132126,서울특별시교육청 서울특별시동작관악교육지원청 광신중학교,광신중학교,151863,현존,서울특별시 관악구 광신길 141,02-881-8652,02-887-3075
7132127,서울특별시교육청 서울특별시동작관악교육지원청 구암중학교,구암중학교,151055,현존,서울특별시 관악구 성현로 53,02-881-2900,02-885-6757
7132128,서울특별시교육청 서울특별시동작관악교육지원청 국사봉중학교,국사봉중학교,156034,현존,서울특별시 동작구 양녕로20길 20,02-823-8715,02-823-7531
7132129,서울특별시교육청 서울특별시동작관악교육지원청 난우중학교,난우중학교,,현존,서울특별시 관악구 난곡로16길 32,02-864-4017,02-867-6253
7132130,서울특별시교육청 서울특별시동작관악교육지원청 남강중학교,남강중학교,151880,현존,서울특별시 관악구 난곡로34길 80,02-839-1710,02-839-1712
7132131,서울특별시교육청 서울특별시동작관악교육지원청 남서울중학교,남서울중학교,151907,현존,서울특별시 관악구 남부순환로172길 97,02-855-9832,02-851-0637
7132132,서울특별시교육청 서울특별시동작관악교육지원청 남성중학교,남성중학교,,현존,서울특별시 동작구 남부순환로269길 166,02-520-7500,02-520-7589
7132133,서울특별시교육청 서울특별시동작관악교육지원청 당곡중학교,당곡중학교,151821,현존,서울특별시 관악구 봉천로13길 101,02-870-7700,02-871-9146
7132134,서울특별시교육청 서울특별시동작관악교육지원청 대방중학교,대방중학교,156851,현존,서울특별시 동작구 여의대방로10길 24,02-831-2502,02-848-7340
7132135,서울특별시교육청 서울특별시동작관악교육지원청 동양중학교,동양중학교,156060,현존,서울특별시 동작구 흑석로9길 94,02-814-9652,02-823-6306
7132136,서울특별시교육청 서울특별시동작관악교육지원청 동작중학교,동작중학교,156080,현존,서울특별시 동작구 동작대로39가길 83,02-591-6595,02-535-7156
7132137,서울특별시교육청 서울특별시동작관악교육지원청 문창중학교,문창중학교,156848,현존,서울특별시 동작구 여의대방로22나길 40,02-821-2359,02-825-8733
7132138,서울특별시교육청 서울특별시동작관악교육지원청 미성중학교,미성중학교,151888,현존,서울특별시 관악구 문성로16길 40,02-860-0900,02-860-0998
7132139,서울특별시교육청 서울특별시동작관악교육지원청 봉림중학교,봉림중학교,151058,현존,서울특별시 관악구 장군봉길 72,02-888-1281,02-887-4907
7132140,서울특별시교육청 서울특별시동작관악교육지원청 봉원중학교,봉원중학교,151056,현존,서울특별시 관악구 관악로24가길 15,02-879-1543,02-876-5673
7132141,서울특별시교육청 서울특별시동작관악교육지원청 사당중학교,사당중학교,156090,현존,서울특별시 동작구 사당로9가길 58,02-537-7157,02-533-3704
7132142,서울특별시교육청 서울특별시동작관악교육지원청 삼성중학교,삼성중학교,151858,현존,서울특별시 관악구 신림로3가길 39-24,"02-871-6242,6243",02-884-8974
7132143,서울특별시교육청 서울특별시동작관악교육지원청 상도중학교,상도중학교,156095,현존,서울특별시 동작구 사당로2가길 72,02-5808-900,02-522-7394
7132144,서울특별시교육청 서울특별시동작관악교육지원청 상현중학교,상현중학교,156030,현존,서울특별시 동작구 사당로2길 2-19,02-815-5375,02-814-8652
7132145,서울특별시교육청 서울특별시동작관악교육지원청 서울문영여자중학교,서울문영여자중학교,151722,현존,서울특별시 관악구 관악로 85,02-871-8921,02-886-8194
7132146,서울특별시교육청 서울특별시동작관악교육지원청 성남중학교,성남중학교,156809,현존,서울특별시 동작구 대방동길 74,02-815-1332,02-822-8315
7132147,서울특별시교육청 서울특별시동작관악교육지원청 성보중학교,성보중학교,8770,현존,서울특별시 관악구 남부순환로156길 39,02-818-9700,02-851-8161
7132148,서울특별시교육청 서울특별시동작관악교육지원청 숭의여자중학교,숭의여자중학교,156807,현존,서울특별시 동작구 여의대방로36길 79,02-810-7700,02-812-7492
7132149,서울특별시교육청 서울특별시동작관악교육지원청 신관중학교,신관중학교,151853,현존,서울특별시 관악구 신림로48길 17-16,02-885-6893,02-872-4057
7132150,서울특별시교육청 서울특별시동작관악교육지원청 신림중학교,신림중학교,151856,현존,서울특별시 관악구 신림로 40,02-882-1929,02-872-4858
7132151,서울특별시교육청 서울특별시동작관악교육지원청 영등포중학교,영등포중학교,156807,현존,서울특별시 동작구 등용로8길 5,02-815-6572,02-816-0992
7132152,서울특별시교육청 서울특별시동작관악교육지원청 인헌중학교,인헌중학교,151050,현존,서울특별시 관악구 인헌9길 35,02-877-6760,02-885-5564
7132153,서울특별시교육청 서울특별시동작관악교육지원청 장승중학교,장승중학교,,현존,서울특별시 동작구 장승배기로10가길 25,02-812-4416,02-822-1618
7132154,서울특별시교육청 서울특별시동작관악교육지원청 중앙대학교사범대학부속중학교,중앙대학교사범대학부속중학교,156859,현존,서울특별시 동작구 서달로 124,02-827-9114,02-817-9018
7134119,서울특별시교육청 서울특별시성동광진교육지원청 건국대학교사범대학부속중학교,건국대학교사범대학부속중학교,143853,현존,서울특별시 광진구 자양로 145-1,02-457-0318,02-458-7427
7134120,서울특별시교육청 서울특별시성동광진교육지원청 경수중학교,경수중학교,133121,현존,서울특별시 성동구 뚝섬로13길 14,02-464-0675,02-497-0296
7134121,서울특별시교육청 서울특별시성동광진교육지원청 경일중학교,경일중학교,133819,현존,서울특별시 성동구 성수일로 27,02-468-0651,02-468-2766
7134122,서울특별시교육청 서울특별시성동광진교육지원청 광남중학교,광남중학교,143815,현존,서울특별시 광진구 아차산로70길 17-62,02-456-8792,"02-455-0161,453-2818"
7134123,서울특별시교육청 서울특별시성동광진교육지원청 광양중학교,광양중학교,143873,현존,서울특별시 광진구 자양로3길 7,02-452-6922,02-452-6923
7134124,서울특별시교육청 서울특별시성동광진교육지원청 광장중학교,광장중학교,143210,현존,서울특별시 광진구 광장로1길 1,02-452-0745,02-444-5692
7134125,서울특별시교육청 서울특별시성동광진교육지원청 광진중학교,광진중학교,143875,현존,서울특별시 광진구 뚝섬로64길 45,02-447-2886,02-3436-1508
7134126,서울특별시교육청 서울특별시성동광진교육지원청 광희중학교,광희중학교,133080,현존,서울특별시 성동구 독서당로62길 46,02-2298-0250,02-2298-0252
7134127,서울특별시교육청 서울특별시성동광진교육지원청 구의중학교,구의중학교,143926,현존,서울특별시 광진구 광나루로30길 80,02-447-4798,02-455-5061
7134129,서울특별시교육청 서울특별시성동광진교육지원청 동마중학교,동마중학교,133811,현존,서울특별시 성동구 마조로11길 18,02-2294-6085,02-2298-0413
7134130,서울특별시교육청 서울특별시성동광진교육지원청 대원국제중학교,대원국제중학교,143907,현존,서울특별시 광진구 용마산로22길 26,02-2204-1592,02-2204-1583
7134131,서울특별시교육청 서울특별시성동광진교육지원청 마장중학교,마장중학교,133815,현존,서울특별시 성동구 마장로35나길 31,02-2282-2933,02-2282-2656
7134132,서울특별시교육청 서울특별시성동광진교육지원청 무학중학교,무학중학교,133072,현존,서울특별시 성동구 행당로 120,02-2298-6141,02-2281-5821
7134134,서울특별시교육청 서울특별시성동광진교육지원청 성수중학교,성수중학교,133825,현존,서울특별시 성동구 서울숲길 18,02-463-4786,02-469-5292
7134135,서울특별시교육청 서울특별시성동광진교육지원청 성원중학교,성원중학교,133121,현존,서울특별시 성동구 성덕정9가길 13,02-3408-2558,02-463-0676
7134136,서울특별시교육청 서울특별시성동광진교육지원청 신양중학교,신양중학교,143844,현존,서울특별시 광진구 자양강변길 73,02-461-1070,02-469-8386
7134137,서울특별시교육청 서울특별시성동광진교육지원청 양진중학교,양진중학교,143812,현존,서울특별시 광진구 워커힐로 32,02-2049-1200,"02-2049-1208,1220"
7134138,서울특별시교육청 서울특별시성동광진교육지원청 옥정중학교,옥정중학교,133839,현존,서울특별시 성동구 한림말길 11,02-6021-2100,02-2298-1303
7134139,서울특별시교육청 서울특별시성동광진교육지원청 용곡중학교,용곡중학교,143907,현존,서울특별시 광진구 용마산로22길 76,02-452-2622,02-458-8566
7134140,서울특별시교육청 서울특별시성동광진교육지원청 자양중학교,자양중학교,143193,현존,서울특별시 광진구 뚝섬로41길 33,02-446-0365,02-458-7047
7134141,서울특별시교육청 서울특별시성동광진교육지원청 한양대학교사범대학부속중학교,한양대학교사범대학부속중학교,133817,현존,서울특별시 성동구 마조로 42,02-2200-3700,02-2200-3799
7134142,서울특별시교육청 서울특별시성동광진교육지원청 행당중학교,행당중학교,133070,현존,서울특별시 성동구 왕십리로 189,02-2292-2721,02-2293-0473
7134161,서울특별시교육청 서울특별시성동광진교육지원청 동국대학교사범대학부속가람중학교,동국대학교사범대학부속가람중학교,143824,현존,서울특별시 광진구 광나루로36길 47,02-6948-2280,02-6948-2288
7171010,부산광역시교육청 부산광역시서부교육지원청 감천중학교,감천중학교,604806,현존,부산광역시 사하구 감천로73번길 60,051-208-3035,051-208-5194
7171011,부산광역시교육청 부산광역시서부교육지원청 경남중학교,경남중학교,602053,현존,부산광역시 서구 까치고개로229번길 7,051-250-7501,051-256-0957
7171012,부산광역시교육청 부산광역시서부교육지원청 다대중학교,다대중학교,604050,현존,부산광역시 사하구 다대로554번길 33,051-260-6500,051-262-5806
7171013,부산광역시교육청 부산광역시서부교육지원청 다선중학교,다선중학교,604820,현존,부산광역시 사하구 다대낙조2길 36,051-209-0500,051-209-0519
7171014,부산광역시교육청 부산광역시서부교육지원청 다송중학교,다송중학교,604821,현존,부산광역시 사하구 다송로 55,051-264-7650,051-265-1814
7171015,부산광역시교육청 부산광역시서부교육지원청 당리중학교,당리중학교,604831,현존,부산광역시 사하구 낙동대로356번길 22,051-200-2212,051-205-8808
7171017,부산광역시교육청 부산광역시서부교육지원청 두송중학교,두송중학교,604868,현존,부산광역시 사하구 다송로 76,051-910-0100,051-910-0192
7171018,부산광역시교육청 부산광역시서부교육지원청 부산남중학교,부산남중학교,606802,현존,부산광역시 영도구 절영로73번길 7,051-792-1101,051-416-3117
7171019,부산광역시교육청 부산광역시서부교육지원청 부산대신중학교,부산대신중학교,602093,현존,부산광역시 서구 대신로109번길 10,051-240-1400,051-248-1172
7171020,부산광역시교육청 부산광역시서부교육지원청 부산여자중학교,부산여자중학교,602821,현존,부산광역시 서구 보수대로 282-23,051-240-0910,051-248-1944
7171021,부산광역시교육청 부산광역시서부교육지원청 부산영선중학교,부산영선중학교,606053,현존,부산광역시 영도구 영상길 83,051-413-5607,051-418-7317
7171022,부산광역시교육청 부산광역시서부교육지원청 부산중앙여자중학교,부산중앙여자중학교,602823,현존,부산광역시 서구 대신로 59-32,051-255-0750,051-255-1072
7171023,부산광역시교육청 부산광역시서부교육지원청 사하중학교,사하중학교,604813,현존,부산광역시 사하구 낙동대로302번길 35,051-602-0102,051-602-0115
7171024,부산광역시교육청 부산광역시서부교육지원청 신선중학교,신선중학교,606053,현존,부산광역시 영도구 복지관길 40,051-600-1500,051-600-1514
7171026,부산광역시교육청 부산광역시서부교육지원청 장림여자중학교,장림여자중학교,604840,현존,부산광역시 사하구 두송로 64,051-260-4203,051-263-1793
7171027,부산광역시교육청 부산광역시서부교육지원청 장평중학교,장평중학교,604806,현존,부산광역시 사하구 사하로 134-1,051-291-0617,051-207-4175
7171028,부산광역시교육청 부산광역시서부교육지원청 초장중학교,초장중학교,602836,현존,부산광역시 서구 해돋이로 205,051-242-1412,051-253-2306
7171029,부산광역시교육청 부산광역시서부교육지원청 태종대중학교,태종대중학교,606080,현존,부산광역시 영도구 함지로79번길 9,051-400-2700,051-400-2725
7171030,부산광역시교육청 부산광역시서부교육지원청 하남중학교,하남중학교,604858,현존,부산광역시 사하구 하신번영로 206,051-790-8400,051-790-8408
7171031,부산광역시교육청 부산광역시서부교육지원청 하단중학교,하단중학교,604851,현존,부산광역시 사하구 하신번영로380번길 88,051-719-6300,051-719-6377
7171032,부산광역시교육청 부산광역시서부교육지원청 건국중학교,건국중학교,604020,현존,부산광역시 사하구 승학로17번길 76-8,051-291-0067,051-291-0016
7171033,부산광역시교육청 부산광역시서부교육지원청 남도여자중학교,남도여자중학교,606052,현존,부산광역시 영도구 남도여중길 130,051-413-1619,051-416-3753
7171034,부산광역시교육청 부산광역시서부교육지원청 대동중학교,대동중학교,604836,현존,부산광역시 사하구 을숙도대로709번길 27,051-292-5120,051-207-1263
7171035,부산광역시교육청 부산광역시서부교육지원청 대신여자중학교,대신여자중학교,602810,현존,부산광역시 서구 보동길 268,051-248-1812,051-242-4393
7171036,부산광역시교육청 부산광역시서부교육지원청 동주여자중학교,동주여자중학교,604082,현존,부산광역시 사하구 사리로8번길 28,051-207-3964,051-207-3969
7171037,부산광역시교육청 부산광역시서부교육지원청 삼성중학교,삼성중학교,604071,현존,부산광역시 사하구 감천로43번길 45-2,051-960-0502,051-208-5323
7171038,부산광역시교육청 부산광역시서부교육지원청 송도중학교,송도중학교,602806,현존,부산광역시 서구 해양로 15,051-248-3723,051-248-3725
7171040,부산광역시교육청 부산광역시서부교육지원청 영남중학교,영남중학교,604845,현존,부산광역시 사하구 다대로277번길 100,051-265-4335,051-265-4305
7171041,부산광역시교육청 부산광역시서부교육지원청 해동중학교,해동중학교,606080,현존,부산광역시 영도구 절영로490번길 8-22,051-400-2300,051-403-7644
7171042,부산광역시교육청 부산광역시서부교육지원청 덕원중학교,덕원중학교,600800,현존,부산광역시 중구 망양로 356,051-790-8100,051-790-8104
7171184,부산광역시교육청 부산광역시서부교육지원청 부산체육중학교,부산체육중학교,606809,현존,부산광역시 영도구 중리북로21번길 5,400-3090,400-3099
7171202,부산광역시교육청 부산광역시서부교육지원청 영도제일중학교,영도제일중학교,606809,현존,부산광역시 영도구 중리로 64,051-404-5493,051-404-5492
7181070,부산광역시교육청 부산광역시남부교육지원청 가야여자중학교,가야여자중학교,614803,현존,부산광역시 부산진구 엄광로182번길 15-25,051-890-5400,051-895-1256
7181071,부산광역시교육청 부산광역시남부교육지원청 감만중학교,감만중학교,608070,현존,부산광역시 남구 홍곡로 313-14,051-640-6400,051-640-6481
7181072,부산광역시교육청 부산광역시남부교육지원청 개금여자중학교,개금여자중학교,614822,현존,부산광역시 부산진구 백양대로136번길 75,051-607-3000,051-607-3098
7181073,부산광역시교육청 부산광역시남부교육지원청 개림중학교,개림중학교,614811,현존,부산광역시 부산진구 백양대로300번길 46,051-890-0700,051-896-7717
7181074,부산광역시교육청 부산광역시남부교육지원청 경남여자중학교,경남여자중학교,601814,현존,부산광역시 동구 초량중로 142,051-460-0700,051-466-2414
7181075,부산광역시교육청 부산광역시남부교육지원청 광무여자중학교,광무여자중학교,614810,현존,부산광역시 부산진구 백양관문로 31,051-605-1700,051-896-1668
7181076,부산광역시교육청 부산광역시남부교육지원청 남천중학교,남천중학교,608805,현존,부산광역시 남구 황령대로492번길 71,051-624-5310,051-625-8879
7181077,부산광역시교육청 부산광역시남부교육지원청 대연중학교,대연중학교,608816,현존,부산광역시 남구 천제등로16번길 81,051-606-7700,051-642-9168
7181078,부산광역시교육청 부산광역시남부교육지원청 대천중학교,대천중학교,608810,현존,부산광역시 남구 신선로 491,051-622-7180,051-621-1666
7181079,부산광역시교육청 부산광역시남부교육지원청 동양중학교,동양중학교,614090,현존,부산광역시 부산진구 백양산로 96,051-606-2500,051-606-2505
7181080,부산광역시교육청 부산광역시남부교육지원청 동평여자중학교,동평여자중학교,614840,현존,부산광역시 부산진구 백양순환로119번길 12-39,051-817-4602,051-806-7163
7181081,부산광역시교육청 부산광역시남부교육지원청 동평중학교,동평중학교,614840,현존,부산광역시 부산진구 백양순환로119번길 12-31,051-605-1600,051-605-1619
7181082,부산광역시교육청 부산광역시남부교육지원청 동항중학교,동항중학교,608802,현존,부산광역시 남구 양지골로 248,051-640-2500,051-635-7030
7181083,부산광역시교육청 부산광역시남부교육지원청 문현여자중학교,문현여자중학교,608825,현존,부산광역시 남구 고동골로59번길 46,051-647-2363,051-645-5939
7181084,부산광역시교육청 부산광역시남부교육지원청 부산개성중학교,부산개성중학교,614803,현존,부산광역시 부산진구 엄광로 176-12,051-8011-100,051-898-1332
7181085,부산광역시교육청 부산광역시남부교육지원청 부산국제중학교,부산국제중학교,614100,현존,부산광역시 부산진구 백양관문로 105-70,051-890-8458,051-892-1362
7181086,부산광역시교육청 부산광역시남부교육지원청 부산서중학교,부산서중학교,601814,현존,부산광역시 동구 홍곡남로 29,051-440-3800,051-441-7085
7181088,부산광역시교육청 부산광역시남부교육지원청 부산중학교,부산중학교,601832,현존,부산광역시 동구 초량로40번길 29,051-950-5700,051-950-5799
7181089,부산광역시교육청 부산광역시남부교육지원청 부산진여자중학교,부산진여자중학교,614867,현존,부산광역시 부산진구 동성로 34,051-605-5601,051-605-5609
7181090,부산광역시교육청 부산광역시남부교육지원청 부산진중학교,부산진중학교,614825,현존,부산광역시 부산진구 시민공원로 50,051-808-1052,051-819-7994
7181091,부산광역시교육청 부산광역시남부교육지원청 분포중학교,분포중학교,608832,현존,부산광역시 남구 분포로 51,051-624-4222,051-624-4447
7181092,부산광역시교육청 부산광역시남부교육지원청 석포여자중학교,석포여자중학교,608830,현존,부산광역시 남구 유엔평화로126번길 63,051-629-8900,051-621-8218
7181093,부산광역시교육청 부산광역시남부교육지원청 성동중학교,성동중학교,608827,현존,부산광역시 남구 남동천로 38,051-660-5100,051-642-7612
7181094,부산광역시교육청 부산광역시남부교육지원청 양동여자중학교,양동여자중학교,614851,현존,부산광역시 부산진구 황령산로605번길 35-32,051-713-5500,051-713-5509
7181095,부산광역시교육청 부산광역시남부교육지원청 오륙도중학교,오륙도중학교,,현존,부산광역시 남구 오륙도로 60,051-610-2811,051-610-2812
7181096,부산광역시교육청 부산광역시남부교육지원청 용문중학교,용문중학교,608832,현존,부산광역시 남구 동명로101번길 93,051-623-1448,051-623-4441
7181097,부산광역시교육청 부산광역시남부교육지원청 용호중학교,용호중학교,608835,현존,부산광역시 남구 동명로 185-17,051-790-5343,051-790-5377
7181098,부산광역시교육청 부산광역시남부교육지원청 초연중학교,초연중학교,614871,현존,부산광역시 부산진구 초읍천로77번가길 9,051-609-0300,051-609-0399
7181099,부산광역시교육청 부산광역시남부교육지원청 초읍중학교,초읍중학교,614874,현존,부산광역시 부산진구 성지로94번길 71,051-817-6694,051-816-1581
7181101,부산광역시교육청 부산광역시남부교육지원청 덕명여자중학교,덕명여자중학교,614863,현존,부산광역시 부산진구 봉수로 13,051-816-7990,051-816-7992
7181102,부산광역시교육청 부산광역시남부교육지원청 동의중학교,동의중학교,614042,현존,부산광역시 부산진구 진남로462번길 16,051-816-8691,051-808-8214
7181104,부산광역시교육청 부산광역시남부교육지원청 부산동여자중학교,부산동여자중학교,601816,현존,부산광역시 동구 망양로773번길 28,051-467-8279,051-468-4252
7181105,부산광역시교육청 부산광역시남부교육지원청 부산동중학교,부산동중학교,614043,현존,부산광역시 부산진구 동성로30번길 36,051-802-0494,051-818-9166
7181106,부산광역시교육청 부산광역시남부교육지원청 서면중학교,서면중학교,614836,현존,부산광역시 부산진구 가야대로747번길 53,051-809-0458,051-816-7178
7181107,부산광역시교육청 부산광역시남부교육지원청 선화여자중학교,선화여자중학교,601832,현존,부산광역시 동구 초량로80번길 5,051-4600-600,051-462-0572
7181108,부산광역시교육청 부산광역시남부교육지원청 항도중학교,항도중학교,614862,현존,부산광역시 부산진구 동성로118번길 44,051-809-1910,051-807-6979
7181109,부산광역시교육청 부산광역시남부교육지원청 해연중학교,해연중학교,608817,현존,부산광역시 남구 진남로110번길 25,051-646-5004,051-644-6420
7191010,부산광역시교육청 부산광역시동래교육지원청 거제여자중학교,거제여자중학교,611809,현존,부산광역시 연제구 금용로 43,051-933-5900,051-933-5999
7191011,부산광역시교육청 부산광역시동래교육지원청 구서여자중학교,구서여자중학교,609310,현존,부산광역시 금정구 금강로453번길 26-12,051-580-5700,051-580-5707
7191012,부산광역시교육청 부산광역시동래교육지원청 금사중학교,금사중학교,609828,현존,부산광역시 금정구 서금로 53-7,051-520-7300,051-522-2428
7191013,부산광역시교육청 부산광역시동래교육지원청 금양중학교,금양중학교,609822,현존,부산광역시 금정구 기찰로22번길 37,051-580-0600,051-580-0607
7191014,부산광역시교육청 부산광역시동래교육지원청 남산중학교,남산중학교,609713,현존,부산광역시 금정구 금단로 114,051-580-0700,051-580-0740
7191015,부산광역시교육청 부산광역시동래교육지원청 남일중학교,남일중학교,607102,현존,부산광역시 동래구 온천천로531번길 49,051-790-6300,051-790-6398
7191016,부산광역시교육청 부산광역시동래교육지원청 부산내성중학교,부산내성중학교,607836,현존,부산광역시 동래구 중앙대로 1297,051-994-3300,051-994-3399
7191017,부산광역시교육청 부산광역시동래교육지원청 동래중학교,동래중학교,47735,현존,부산광역시 동래구 충렬대로181번길 109,051-790-0800,051-790-0890
7191018,부산광역시교육청 부산광역시동래교육지원청 동신중학교,동신중학교,607807,현존,부산광역시 동래구 충렬사로51번길 38,051-540-2500,051-540-2507
7191019,부산광역시교육청 부산광역시동래교육지원청 동현중학교,동현중학교,609818,현존,부산광역시 금정구 서동로 50,051-580-0800,051-580-0899
7191020,부산광역시교육청 부산광역시동래교육지원청 부곡중학교,부곡중학교,609716,현존,부산광역시 금정구 동부곡로15번길 102-20,051-510-5900,051-515-5798
7191021,부산광역시교육청 부산광역시동래교육지원청 부곡여자중학교,부곡여자중학교,609826,현존,부산광역시 금정구 가마실로 56,051-510-5700,051-515-2150
7191022,부산광역시교육청 부산광역시동래교육지원청 사직중학교,사직중학교,607122,현존,부산광역시 동래구 쇠미로51번길 30,051-501-2561,051-505-3396
7191023,부산광역시교육청 부산광역시동래교육지원청 사직여자중학교,사직여자중학교,607820,현존,부산광역시 동래구 사직로 91,051-590-0800,051-501-9710
7191024,부산광역시교육청 부산광역시동래교육지원청 안락중학교,안락중학교,607825,현존,부산광역시 동래구 온천천로 513,051-790-0700,051-790-0779
7191025,부산광역시교육청 부산광역시동래교육지원청 여명중학교,여명중학교,607816,현존,부산광역시 동래구 여고로52번길 9,051-5008-700,051-5008-770
7191026,부산광역시교육청 부산광역시동래교육지원청 연산중학교,연산중학교,611080,현존,부산광역시 연제구 고분로56번길 39,051-801-9100,051-863-3932
7191027,부산광역시교육청 부산광역시동래교육지원청 연일중학교,연일중학교,611815,현존,부산광역시 연제구 고분로 138,051-867-0114,051-861-3557
7191028,부산광역시교육청 부산광역시동래교육지원청 연제중학교,연제중학교,611836,현존,부산광역시 연제구 쌍미천로 62,051-860-6302,051-860-6306
7191029,부산광역시교육청 부산광역시동래교육지원청 연천중학교,연천중학교,611813,현존,부산광역시 연제구 톳고개로 16,051-790-7300,051-758-0205
7191030,부산광역시교육청 부산광역시동래교육지원청 온천중학교,온천중학교,607063,현존,부산광역시 동래구 쇠미로129번길 28,051-500-1700,051-500-1707
7191031,부산광역시교육청 부산광역시동래교육지원청 유락여자중학교,유락여자중학교,607834,현존,부산광역시 동래구 금강로 51,051-950-8400,051-950-8481
7191033,부산광역시교육청 부산광역시동래교육지원청 장전중학교,장전중학교,609392,현존,부산광역시 금정구 금샘로18번길 39,051-580-4300,051-580-4318
7191034,부산광역시교육청 부산광역시동래교육지원청 충렬중학교,충렬중학교,607110,현존,부산광역시 동래구 명장로64번길 45,051-520-3300,051-523-8565
7191035,부산광역시교육청 부산광역시동래교육지원청 토현중학교,토현중학교,611819,현존,부산광역시 연제구 토현로 47,051-750-3700,051-759-3391
7191036,부산광역시교육청 부산광역시동래교육지원청 거성중학교,거성중학교,611074,현존,부산광역시 연제구 해맞이로109번길 61,051-504-6731,051-502-5536
7191037,부산광역시교육청 부산광역시동래교육지원청 금정중학교,금정중학교,609813,현존,부산광역시 금정구 중앙대로 2104,051-517-3984,051-517-3982
7191038,부산광역시교육청 부산광역시동래교육지원청 동래여자중학교,동래여자중학교,609719,현존,부산광역시 금정구 체육공원로 20,051-516-5783,051-514-1225
7191039,부산광역시교육청 부산광역시동래교육지원청 동해중학교,동해중학교,607802,현존,부산광역시 동래구 시실로 19-39,051-555-4458,051-553-9234
7191040,부산광역시교육청 부산광역시동래교육지원청 이사벨중학교,이사벨중학교,611802,현존,부산광역시 연제구 중앙대로 1197,051-590-2400,051-590-2403
7191041,부산광역시교육청 부산광역시동래교육지원청 학산여자중학교,학산여자중학교,607811,현존,부산광역시 동래구 충렬사로51번길 61,051-790-8900,051-790-8966
7191042,부산광역시교육청 부산광역시동래교육지원청 혜화여자중학교,혜화여자중학교,607810,현존,부산광역시 동래구 명장로67번길 14-22,"051-527-4427,4433",051-529-2983
7191043,부산광역시교육청 부산광역시동래교육지원청 부산예술중학교,부산예술중학교,609723,현존,부산광역시 금정구 체육공원로 20,82-51-518-4032,82-51-518-4034
7191199,부산광역시교육청 부산광역시동래교육지원청 브니엘예술중학교,브니엘예술중학교,609310,현존,부산광역시 금정구 체육공원로 154,051-582-9177,051-582-9123
7201011,부산광역시교육청 부산광역시북부교육지원청 가람중학교,가람중학교,616802,현존,부산광역시 북구 낙동북로663번길 55,051-330-4800,051-330-4808
7201012,부산광역시교육청 부산광역시북부교육지원청 구남중학교,구남중학교,616806,현존,부산광역시 북구 백양대로1016번길 38,051-330-5801,051-330-5819
7201013,부산광역시교육청 부산광역시북부교육지원청 구포중학교,구포중학교,46637,현존,부산광역시 북구 백양대로1016번다길 31,051-334-2201,051-343-3204
7201014,부산광역시교육청 부산광역시북부교육지원청 금곡중학교,금곡중학교,616811,현존,부산광역시 북구 효열로162번길 3,051-330-0800,051-330-0899
7201015,부산광역시교육청 부산광역시북부교육지원청 금명중학교,금명중학교,616130,현존,부산광역시 북구 화명신도시로 210-1,051-330-4500,051-330-4507
7201016,부산광역시교육청 부산광역시북부교육지원청 낙동중학교,낙동중학교,,현존,부산광역시 강서구 대저로 115,051-609-5800,051-973-4597
7201017,부산광역시교육청 부산광역시북부교육지원청 대천리중학교,대천리중학교,616834,현존,부산광역시 북구 산성로 87-15,051-366-0700,051-361-5915
7201018,부산광역시교육청 부산광역시북부교육지원청 덕문중학교,덕문중학교,618410,현존,부산광역시 강서구 동선길 144,051-979-6170,971-2650
7201020,부산광역시교육청 부산광역시북부교육지원청 덕천중학교,덕천중학교,616818,현존,부산광역시 북구 만덕대로65번길 50,051-366-3404,051-338-9038
7201021,부산광역시교육청 부산광역시북부교육지원청 덕포여자중학교,덕포여자중학교,617813,현존,부산광역시 사상구 사상로310번길 110,051-319-9911,051-304-7164
7201022,부산광역시교육청 부산광역시북부교육지원청 동주중학교,동주중학교,617834,현존,부산광역시 사상구 주례로 107,051-322-0056,051-316-4175
7201023,부산광역시교육청 부산광역시북부교육지원청 만덕중학교,만덕중학교,616111,현존,부산광역시 북구 만덕1로 52,051-7969-300,051-7969-390
7201024,부산광역시교육청 부산광역시북부교육지원청 명진중학교,명진중학교,616120,현존,부산광역시 북구 학사로 192,051-330-4603,051-330-4690
7201025,부산광역시교육청 부산광역시북부교육지원청 명호중학교,명호중학교,618200,현존,부산광역시 강서구 명지오션시티2로 100,051-220-1200,051-271-6304
7201026,부산광역시교육청 부산광역시북부교육지원청 모동중학교,모동중학교,617817,현존,부산광역시 사상구 모라로192번길 51,051-7909-200,051-302-6137
7201027,부산광역시교육청 부산광역시북부교육지원청 모라중학교,모라중학교,617818,현존,부산광역시 사상구 백양대로 936,051-327-3017,051-327-3229
7201028,부산광역시교육청 부산광역시북부교육지원청 백양중학교,백양중학교,616831,현존,부산광역시 북구 상리로 70,051-336-9655,051-337-0482
7201030,부산광역시교육청 부산광역시북부교육지원청 신덕중학교,신덕중학교,616112,현존,부산광역시 북구 함박봉로140번가길 27,051-330-2700,051-331-4008
7201031,부산광역시교육청 부산광역시북부교육지원청 양덕여자중학교,양덕여자중학교,616800,현존,부산광역시 북구 시랑로21번길 178,051-3300-900,051-343-3614
7201032,부산광역시교육청 부산광역시북부교육지원청 엄궁중학교,엄궁중학교,617030,현존,부산광역시 사상구 대동로 56,051-713-6600,051-311-2622
7201033,부산광역시교육청 부산광역시북부교육지원청 용수중학교,용수중학교,616852,현존,부산광역시 북구 금곡대로229번길 88,051-309-3000,051-309-3020
7201034,부산광역시교육청 부산광역시북부교육지원청 주감중학교,주감중학교,617836,현존,부산광역시 사상구 백양대로 530,051-314-4677,051-328-9040
7201035,부산광역시교육청 부산광역시북부교육지원청 주례여자중학교,주례여자중학교,617834,현존,부산광역시 사상구 가야대로306번길 55,051-310-3700,051-322-9108
7201036,부산광역시교육청 부산광역시북부교육지원청 주례중학교,주례중학교,617833,현존,부산광역시 사상구 가야대로378번길 68,051-320-0300,051-323-8191
7201037,부산광역시교육청 부산광역시북부교육지원청 학장중학교,학장중학교,617845,현존,부산광역시 사상구 대동로140번길 60,051-320-2500,051-320-2588
7201038,부산광역시교육청 부산광역시북부교육지원청 화명중학교,화명중학교,616846,현존,부산광역시 북구 금곡대로186번길 13,051-366-3500,051-336-8854
7201039,부산광역시교육청 부산광역시북부교육지원청 화신중학교,화신중학교,616834,현존,부산광역시 북구 산성로12번길 22,051-330-0500,051-341-1700
7201041,부산광역시교육청 부산광역시북부교육지원청 녹산중학교,녹산중학교,618210,현존,부산광역시 강서구 낙동남로 659,051-971-5042,051-971-5124
7201042,부산광역시교육청 부산광역시북부교육지원청 대저중학교,대저중학교,618807,현존,부산광역시 강서구 공항로811번가길 46,051-973-7703,051-972-7772
7201043,부산광역시교육청 부산광역시북부교육지원청 신라중학교,신라중학교,617041,현존,부산광역시 사상구 백양대로700번길 35-8,051-999-6000,051-999-6006
7201210,부산광역시교육청 부산광역시북부교육지원청 신호중학교,신호중학교,618290,현존,부산광역시 강서구 신호이로 76,051-320-9300,051-320-9327
7201224,부산광역시교육청 부산광역시북부교육지원청 명지중학교,명지중학교,,현존,부산광역시 강서구 명지국제6로318번길 54,051-220-1400,051-220-1498
7201227,부산광역시교육청 부산광역시북부교육지원청 지사중학교,지사중학교,618230,현존,부산광역시 강서구 과학산단로306번길 33,051-979-6200,051-979-6209
7201254,부산광역시교육청 부산광역시북부교육지원청 경일중학교,경일중학교,618813,현존,부산광역시 강서구 영강길 153-42,051-271-2428,051-271-3933
7201254,부산광역시교육청 부산광역시북부교육지원청 경일중학교,경일중학교,,현존,부산광역시 강서구 명지국제6로 149,051-250-3200,051-250-3215
7201262,부산광역시교육청 부산광역시북부교육지원청 오션중학교,오션중학교,,현존,부산광역시 강서구 명지오션시티1로 221,051-609-1700,051-609-1709
7201269,부산광역시교육청 부산광역시북부교육지원청 가락중학교,가락중학교,618330,현존,부산광역시 강서구 가락대로 1405,051-899-0800,051-899-0870
7201269,부산광역시교육청 부산광역시북부교육지원청 가락중학교,가락중학교,,현존,부산광역시 강서구 에코델타2로 24,051-550-7100,051-973-8302
7211010,부산광역시교육청 부산광역시해운대교육지원청 광안중학교,광안중학교,48237,현존,부산광역시 수영구 연수로310번길 127,051-750-3102,051-750-3103
7211011,부산광역시교육청 부산광역시해운대교육지원청 기장중학교,기장중학교,619903,현존,부산광역시 기장군 기장읍 읍내로 120,051-709-3801,051-722-4294
7211012,부산광역시교육청 부산광역시해운대교육지원청 동백중학교,동백중학교,612846,현존,부산광역시 해운대구 좌동순환로468번가길 97,051-740-2300,051-731-3205
7211013,부산광역시교육청 부산광역시해운대교육지원청 반송중학교,반송중학교,612803,현존,부산광역시 해운대구 반송로911번길 59,051-540-0300,051-544-4722
7211014,부산광역시교육청 부산광역시해운대교육지원청 반여중학교,반여중학교,612816,현존,부산광역시 해운대구 재반로256번길 57-12,051-713-1700,051-781-2991
7211015,부산광역시교육청 부산광역시해운대교육지원청 부흥중학교,부흥중학교,612030,현존,부산광역시 해운대구 좌동순환로 226,051-709-2300,051-701-0176
7211016,부산광역시교육청 부산광역시해운대교육지원청 상당중학교,상당중학교,612030,현존,부산광역시 해운대구 대천로103번길 48,051-709-0600,051-709-0604
7211017,부산광역시교육청 부산광역시해운대교육지원청 부산수영중학교,부산수영중학교,613809,현존,부산광역시 수영구 호암로38,051-760-7700,051-760-7798
7211018,부산광역시교육청 부산광역시해운대교육지원청 신곡중학교,신곡중학교,612030,현존,부산광역시 해운대구 좌동순환로 316,051-709-9900,051-709-9999
7211019,부산광역시교육청 부산광역시해운대교육지원청 신도중학교,신도중학교,612835,현존,부산광역시 해운대구 좌동순환로 50,051-747-8713,051-747-8716
7211020,부산광역시교육청 부산광역시해운대교육지원청 양운중학교,양운중학교,612843,현존,부산광역시 해운대구 좌동순환로99번길 7,051-720-4600,051-731-3786
7211022,부산광역시교육청 부산광역시해운대교육지원청 재송중학교,재송중학교,612050,현존,부산광역시 해운대구 재반로165번길 16,051-780-2200,051-781-4241
7211023,부산광역시교육청 부산광역시해운대교육지원청 한바다중학교,한바다중학교,613804,현존,부산광역시 수영구 광안로21번가길 57,051-7600-700,051-753-8125
7211024,부산광역시교육청 부산광역시해운대교육지원청 망미중학교,망미중학교,613824,현존,부산광역시 수영구 망미배산로 102,051-750-0700,051-750-0799
7211025,부산광역시교육청 부산광역시해운대교육지원청 반송여자중학교,반송여자중학교,612082,현존,부산광역시 해운대구 운봉길 113,051-540-5400,051-544-9991
7211026,부산광역시교육청 부산광역시해운대교육지원청 재송여자중학교,재송여자중학교,612832,현존,부산광역시 해운대구 재반로84번길 148,051-719-6700,051-719-6789
7211027,부산광역시교육청 부산광역시해운대교육지원청 반안중학교,반안중학교,612064,현존,부산광역시 해운대구 명장로67번길 40-32,051-520-0900,051-521-1795
7211028,부산광역시교육청 부산광역시해운대교육지원청 대청중학교,대청중학교,619906,현존,부산광역시 기장군 기장읍 차성서로 3,051-720-0600,051-721-6024
7211029,부산광역시교육청 부산광역시해운대교육지원청 인지중학교,인지중학교,612061,현존,부산광역시 해운대구 반여로 142,051-520-0700,051-520-0763
7211030,부산광역시교육청 부산광역시해운대교육지원청 해강중학교,해강중학교,612022,현존,부산광역시 해운대구 해운대해변로 17,051-740-2700,051-740-2797
7211031,부산광역시교육청 부산광역시해운대교육지원청 센텀중학교,센텀중학교,612050,현존,부산광역시 해운대구 센텀북대로 32,051-780-2500,051-780-2599
7211032,부산광역시교육청 부산광역시해운대교육지원청 장산중학교,장산중학교,612810,현존,부산광역시 해운대구 선수촌로 47,051-520-3500,051-532-9705
7211033,부산광역시교육청 부산광역시해운대교육지원청 신정중학교,신정중학교,619963,현존,부산광역시 기장군 정관읍 정관3로 44,051-745-3700,051-727-1843
7211034,부산광역시교육청 부산광역시해운대교육지원청 동아중학교,동아중학교,613104,현존,부산광역시 수영구 호암로 55,051-792-1000,051-792-1045
7211035,부산광역시교육청 부산광역시해운대교육지원청 동수영중학교,동수영중학교,613101,현존,부산광역시 수영구 광서로 74,051-752-0046,051-751-9674
7211036,부산광역시교육청 부산광역시해운대교육지원청 장안중학교,장안중학교,619953,현존,부산광역시 기장군 장안읍 좌천2길 43,051-719-9300,051-719-9399
7211037,부산광역시교육청 부산광역시해운대교육지원청 해운대중학교,해운대중학교,612818,현존,부산광역시 해운대구 우동2로30번길 99,051-742-0315,051-741-5357
7211038,부산광역시교육청 부산광역시해운대교육지원청 해운대여자중학교,해운대여자중학교,612021,현존,부산광역시 해운대구 우동1로85번길 25,051-746-2948,051-741-6350
7211196,부산광역시교육청 부산광역시해운대교육지원청 부산중앙중학교,부산중앙중학교,619961,현존,부산광역시 기장군 정관읍 정관덕산길 73,051-720-8709,051-727-8729
7211211,부산광역시교육청 부산광역시해운대교육지원청 모전중학교,모전중학교,,현존,부산광역시 기장군 정관읍 정관1로 9,051-750-9300,051-750-9394
7211226,부산광역시교육청 부산광역시해운대교육지원청 정관중학교,정관중학교,619963,현존,부산광역시 기장군 정관읍 정관로 531,051-780-5400,051-780-5430
7211242,부산광역시교육청 부산광역시해운대교육지원청 일광중학교,일광중학교,,현존,부산광역시 기장군 일광읍 해빛3로 99,051-750-3900,051-721-0080
7251009,대구광역시교육청 대구광역시동부교육지원청 대구동중학교,대구동중학교,706032,현존,대구광역시 수성구 수성로76길 33,053-232-6000,053-756-8808
7251010,대구광역시교육청 대구광역시동부교육지원청 동촌중학교,동촌중학교,701801,현존,대구광역시 동구 동촌로 176,053-232-6164,053-985-5035
7251011,대구광역시교육청 대구광역시동부교육지원청 안심중학교,안심중학교,701240,현존,대구광역시 동구 안심로 237,053-232-6231,053-964-1233
7251012,대구광역시교육청 대구광역시동부교육지원청 수성중학교,수성중학교,706070,현존,대구광역시 수성구 파동로51길 26-9,053-232-6316,053-768-6862
7251013,대구광역시교육청 대구광역시동부교육지원청 동원중학교,동원중학교,706021,현존,대구광역시 수성구 효행로2길 81,053-232-6400,053-957-1451
7251015,대구광역시교육청 대구광역시동부교육지원청 불로중학교,불로중학교,701130,현존,대구광역시 동구 방천로5길 8,053-232-6572,053-983-9216
7251016,대구광역시교육청 대구광역시동부교육지원청 지산중학교,지산중학교,706844,현존,대구광역시 수성구 지산로3길 68,053-232-6633,053-782-6576
7251017,대구광역시교육청 대구광역시동부교육지원청 범물중학교,범물중학교,706815,현존,대구광역시 수성구 범안로4길 46,053-232-6804,053-782-8435
7251018,대구광역시교육청 대구광역시동부교육지원청 시지중학교,시지중학교,706170,현존,대구광역시 수성구 신매로 66,053-232-6830,053-791-4191
7251019,대구광역시교육청 대구광역시동부교육지원청 입석중학교,입석중학교,701050,현존,대구광역시 동구 동촌로 10,053-232-6940,053-985-0711
7251020,대구광역시교육청 대구광역시동부교육지원청 대구동부중학교,대구동부중학교,706804,현존,대구광역시 수성구 화랑로32길 74,053-232-7045,053-741-0660
7251022,대구광역시교육청 대구광역시동부교육지원청 동도중학교,동도중학교,706822,현존,대구광역시 수성구 청호로 350,053-232-7270,053-745-6626
7251023,대구광역시교육청 대구광역시동부교육지원청 신기중학교,신기중학교,701210,현존,대구광역시 동구 율하동로 88,053-232-7365,053-964-2153
7251024,대구광역시교육청 대구광역시동부교육지원청 매호중학교,매호중학교,706140,현존,대구광역시 수성구 천을로 106,053-232-7400,053-791-9840
7251025,대구광역시교육청 대구광역시동부교육지원청 고산중학교,고산중학교,706220,현존,대구광역시 수성구 천을로 71,053-232-7510,053-792-3599
7251026,대구광역시교육청 대구광역시동부교육지원청 강동중학교,강동중학교,701300,현존,대구광역시 동구 동호로 112,053-232-7615,053-965-7615
7251027,대구광역시교육청 대구광역시동부교육지원청 대구제일중학교,대구제일중학교,700400,현존,대구광역시 중구 명륜로23길 16,053-232-7777,053-425-4436
7251028,대구광역시교육청 대구광역시동부교육지원청 덕화중학교,덕화중학교,,현존,대구광역시 수성구 들안로9길 36,053-232-7813,053-768-3342
7251029,대구광역시교육청 대구광역시동부교육지원청 범일중학교,범일중학교,,현존,대구광역시 수성구 지범로41길 23,053-232-7870,053-784-9628
7251030,대구광역시교육청 대구광역시동부교육지원청 황금중학교,황금중학교,706853,현존,대구광역시 수성구 들안로32길 40,053-232-7955,053-763-2469
7251031,대구광역시교육청 대구광역시동부교육지원청 노변중학교,노변중학교,,현존,대구광역시 수성구 시지로 66,(053)232-8046,(053)794-8040
7251032,대구광역시교육청 대구광역시동부교육지원청 계성중학교,계성중학교,700320,현존,대구광역시 중구 달성로 35,053-232-8351,053-253-0929
7251033,대구광역시교육청 대구광역시동부교육지원청 대륜중학교,대륜중학교,706023,현존,대구광역시 수성구 달구벌대로 2700,053-232-8380,053-756-9603
7251034,대구광역시교육청 대구광역시동부교육지원청 영신중학교,영신중학교,701170,현존,대구광역시 동구 팔공로50길 32,053-232-8500,053-981-9749
7251035,대구광역시교육청 대구광역시동부교육지원청 덕원중학교,덕원중학교,706180,현존,대구광역시 수성구 욱수길 37,053-232-8560,053-792-9341
7251036,대구광역시교육청 대구광역시동부교육지원청 오성중학교,오성중학교,706808,현존,대구광역시 수성구 달구벌대로522길 78,053-232-8700,053-743-8730
7251037,대구광역시교육청 대구광역시동부교육지원청 청구중학교,청구중학교,701834,현존,대구광역시 동구 국채보상로 827,053-232-8787,053-751-5727
7251038,대구광역시교육청 대구광역시동부교육지원청 대구중앙중학교,대구중앙중학교,706836,현존,대구광역시 수성구 신천동로 496,053-234-6400,053-234-6370
7251039,대구광역시교육청 대구광역시동부교육지원청 경구중학교,경구중학교,700805,현존,대구광역시 중구 남산로 20,053-232-8900,053-255-3844
7251040,대구광역시교육청 대구광역시동부교육지원청 경신중학교,경신중학교,706010,현존,대구광역시 수성구 달구벌대로504길 34,053-233-9400,053-233-9460
7251041,대구광역시교육청 대구광역시동부교육지원청 공산중학교,공산중학교,701400,현존,대구광역시 동구 팔공로197길 26,053-232-9040,053-984-9436
7251042,대구광역시교육청 대구광역시동부교육지원청 능인중학교,능인중학교,706090,현존,대구광역시 수성구 무학로 207,053-232-9121,053-768-5119
7251043,대구광역시교육청 대구광역시동부교육지원청 정화중학교,정화중학교,706819,현존,대구광역시 수성구 청호로84길 123,053-232-9202,053-745-6310
7251044,대구광역시교육청 대구광역시동부교육지원청 신명여자중학교,신명여자중학교,706831,현존,대구광역시 수성구 신천동로 364,053-232-9290,053-744-3705
7251045,대구광역시교육청 대구광역시동부교육지원청 성명여자중학교,성명여자중학교,700310,현존,대구광역시 중구 국채보상로102길 48,053-232-9400,053-254-1806
7251046,대구광역시교육청 대구광역시동부교육지원청 소선여자중학교,소선여자중학교,706807,현존,대구광역시 수성구 교학로8길 37,053-232-9502,053-753-7534
7251219,대구광역시교육청 대구광역시동부교육지원청 율원중학교,율원중학교,701847,현존,대구광역시 동구 율하동로 20,053-232-8200,053-965-9147
7251282,대구광역시교육청 대구광역시동부교육지원청 새론중학교,새론중학교,701290,현존,대구광역시 동구 이노밸리로 255,053-233-5801,053-964-6464
7251290,대구광역시교육청 대구광역시동부교육지원청 신아중학교,신아중학교,701010,현존,대구광역시 동구 아양로39길 30,053-232-7130,053-959-4909
7251302,대구광역시교육청 대구광역시동부교육지원청 대구팔공중학교,대구팔공중학교,701480,현존,대구광역시 동구 연경지묘로 150,053-233-5190,981-8003
7261009,대구광역시교육청 대구광역시서부교육지원청 경운중학교,경운중학교,703804,현존,대구광역시 서구 서대구로3길 32,053-233-6000,053-562-6994
7261010,대구광역시교육청 대구광역시서부교육지원청 경일중학교,경일중학교,703031,현존,대구광역시 서구 달서천로76길 11,053-233-6100,053-356-1870
7261011,대구광역시교육청 대구광역시서부교육지원청 평리중학교,평리중학교,703843,현존,대구광역시 서구 국채보상로55길 21,053-233-6170,053-521-3409
7261012,대구광역시교육청 대구광역시서부교육지원청 중리중학교,중리중학교,703090,현존,대구광역시 서구 국채보상로34길 63,053-233-6250,053-556-1364
7261013,대구광역시교육청 대구광역시서부교육지원청 대구북중학교,대구북중학교,702020,현존,대구광역시 북구 공항로 50,053-233-6330,053-952-2614
7261015,대구광역시교육청 대구광역시서부교육지원청 칠곡중학교,칠곡중학교,702848,현존,대구광역시 북구 칠곡중앙대로 583,053-233-6480,053-322-8313
7261016,대구광역시교육청 대구광역시서부교육지원청 침산중학교,침산중학교,702870,현존,대구광역시 북구 침산남로 121,053-233-6600,053-359-1671
7261017,대구광역시교육청 대구광역시서부교육지원청 복현중학교,복현중학교,702830,현존,대구광역시 북구 동북로65길 28,053-233-6670,053-943-4845
7261018,대구광역시교육청 대구광역시서부교육지원청 관천중학교,관천중학교,702260,현존,대구광역시 북구 구암로22길 7,053-233-6771,053-321-6749
7261020,대구광역시교육청 대구광역시서부교육지원청 팔달중학교,팔달중학교,702290,현존,대구광역시 북구 매천로2길 19-22,053-233-6910,053-312-2890
7261021,대구광역시교육청 대구광역시서부교육지원청 운암중학교,운암중학교,702280,현존,대구광역시 북구 구암로49길 9,053-233-6983,053-321-0974
7261022,대구광역시교육청 대구광역시서부교육지원청 산격중학교,산격중학교,702010,현존,대구광역시 북구 동북로31길 29,053-233-7100,053-383-7110
7261023,대구광역시교육청 대구광역시서부교육지원청 관음중학교,관음중학교,702803,현존,대구광역시 북구 관음동로 87,053-233-7151,053-321-5221
7261024,대구광역시교육청 대구광역시서부교육지원청 구암중학교,구암중학교,702807,현존,대구광역시 북구 태암로 85,053-233-7288,053-322-5424
7261025,대구광역시교육청 대구광역시서부교육지원청 동평중학교,동평중학교,702807,현존,대구광역시 북구 대천로 123,053-233-7400,053-325-3987
7261026,대구광역시교육청 대구광역시서부교육지원청 대구일중학교,대구일중학교,702053,현존,대구광역시 북구 옥산로17길 21,053-233-7500,053-233-7483
7261028,대구광역시교육청 대구광역시서부교육지원청 학남중학교,학남중학교,702220,현존,대구광역시 북구 학남로 83,053-233-7710,053-326-8120
7261029,대구광역시교육청 대구광역시서부교육지원청 서남중학교,서남중학교,703832,현존,대구광역시 서구 당산로41서길 97,053-233-7805,053-555-1403
7261031,대구광역시교육청 대구광역시서부교육지원청 대평중학교,대평중학교,703835,현존,대구광역시 서구 통학로 217,053-233-7903,053-563-2306
7261032,대구광역시교육청 대구광역시서부교육지원청 동변중학교,동변중학교,702120,현존,대구광역시 북구 동변로14길 12,053-233-8000,053-953-2703
7261033,대구광역시교육청 대구광역시서부교육지원청 강북중학교,강북중학교,702807,현존,대구광역시 북구 구암서로 27,053-233-8071,053-327-0330
7261034,대구광역시교육청 대구광역시서부교육지원청 서변중학교,서변중학교,702110,현존,대구광역시 북구 서변로21길 14,053-233-8171,053-951-4045
7261035,대구광역시교육청 대구광역시서부교육지원청 매천중학교,매천중학교,702866,현존,대구광역시 북구 매전로 56,053-233-8241,053-233-8250
7261036,대구광역시교육청 대구광역시서부교육지원청 성광중학교,성광중학교,702020,현존,대구광역시 북구 검단로 150,053-233-8355,053-384-0510
7261037,대구광역시교육청 대구광역시서부교육지원청 경명여자중학교,경명여자중학교,702853,현존,대구광역시 북구 칠성로17길 18,053-233-8453,053-427-7993
7261039,대구광역시교육청 대구광역시서부교육지원청 성화중학교,성화중학교,702020,현존,대구광역시 북구 복현로 140,053-233-8600,053-383-2473
7261199,대구광역시교육청 대구광역시서부교육지원청 대구체육중학교,대구체육중학교,702320,현존,대구광역시 북구 칠곡중앙대로136길 29,053-233-8700,053-314-8115
7261214,대구광역시교육청 대구광역시서부교육지원청 사수중학교,사수중학교,,현존,대구광역시 북구 내곡로 140,053-233-8770,053-323-9401
7261219,대구광역시교육청 대구광역시서부교육지원청 서대구중학교,서대구중학교,,현존,대구광역시 서구 북비산로45길 7,532337872,535526020
7261232,대구광역시교육청 대구광역시서부교육지원청 대구청라중학교,대구청라중학교,703813,현존,대구광역시 서구 국채보상로 384,053-233-8510,053-571-2510
7271009,대구광역시교육청 대구광역시남부교육지원청 대구중학교,대구중학교,705837,현존,대구광역시 남구 대봉로 120,053-234-6002,053-474-6175
7271010,대구광역시교육청 대구광역시남부교육지원청 경상중학교,경상중학교,705817,현존,대구광역시 남구 현충로48길 33,053-234-6100,053-629-4278
7271011,대구광역시교육청 대구광역시남부교육지원청 성서중학교,성서중학교,704936,현존,대구광역시 달서구 용산서로 63,053-234-6158,053-521-8166
7271012,대구광역시교육청 대구광역시남부교육지원청 대서중학교,대서중학교,704826,현존,대구광역시 달서구 월배로 303,053-234-6281,053-634-0967
7271014,대구광역시교육청 대구광역시남부교육지원청 성당중학교,성당중학교,,현존,대구광역시 달서구 대명천로 102,053-234-6450,053-654-7245
7271018,대구광역시교육청 대구광역시남부교육지원청 학산중학교,학산중학교,704400,현존,대구광역시 달서구 월곡로94길 10,053-234-6651,053-632-6602
7271019,대구광역시교육청 대구광역시남부교육지원청 와룡중학교,와룡중학교,704929,현존,대구광역시 달서구 선원남로 23,053-234-6675,053-583-7557
7271020,대구광역시교육청 대구광역시남부교육지원청 대곡중학교,대곡중학교,704802,현존,대구광역시 달서구 도원남로 5,053-234-6805,053-234-6777
7271021,대구광역시교육청 대구광역시남부교육지원청 상인중학교,상인중학교,704816,현존,대구광역시 달서구 상인로 34,053-234-6900,053-639-4016
7271022,대구광역시교육청 대구광역시남부교육지원청 성산중학교,성산중학교,704130,현존,대구광역시 달서구 선원남로 174,053-234-6950,053-581-4126
7271023,대구광역시교육청 대구광역시남부교육지원청 도원중학교,도원중학교,704802,현존,대구광역시 달서구 미리샘길 32,053-234-7070,053-634-8559
7271024,대구광역시교육청 대구광역시남부교육지원청 이곡중학교,이곡중학교,704941,현존,대구광역시 달서구 선원로37길 65,053-234-7160,053-588-0932
7271025,대구광역시교육청 대구광역시남부교육지원청 성지중학교,성지중학교,,현존,대구광역시 달서구 성서동로 361,053-234-7308,053-592-8011
7271026,대구광역시교육청 대구광역시남부교육지원청 대명중학교,대명중학교,705804,현존,대구광역시 남구 앞산순환로 477,053-234-7380,053-652-2546
7271027,대구광역시교육청 대구광역시남부교육지원청 용산중학교,용산중학교,704935,현존,대구광역시 달서구 와룡로45길 72,053-234-7456,053-557-4371
7271028,대구광역시교육청 대구광역시남부교육지원청 월배중학교,월배중학교,704836,현존,대구광역시 달서구 월배로28길 80,053-234-7591,053-633-5690
7271030,대구광역시교육청 대구광역시남부교육지원청 상원중학교,상원중학교,704814,현존,대구광역시 달서구 상인로 117,053-234-7761,053-641-2207
7271032,대구광역시교육청 대구광역시남부교육지원청 성곡중학교,성곡중학교,704926,현존,대구광역시 달서구 새방로 32,053-234-8000,053-584-9824
7271033,대구광역시교육청 대구광역시남부교육지원청 대진중학교,대진중학교,704310,현존,대구광역시 달서구 화암로73길 7,053-234-8050,053-641-1585
7271034,대구광역시교육청 대구광역시남부교육지원청 월서중학교,월서중학교,704400,현존,대구광역시 달서구 월배로33길 105,053-234-8170,053-643-7616
7271035,대구광역시교육청 대구광역시남부교육지원청 경혜여자중학교,경혜여자중학교,,현존,대구광역시 남구 성당로18길 20,053-234-8420,053-651-3374
7271039,대구광역시교육청 대구광역시남부교육지원청 영남중학교,영남중학교,704370,현존,대구광역시 달서구 월곡로 300,053-234-8700,053-634-7705
7271040,대구광역시교육청 대구광역시남부교육지원청 대건중학교,대건중학교,704400,현존,대구광역시 달서구 월곡로94길 46,053-234-8808,053-637-8401
7271041,대구광역시교육청 대구광역시남부교육지원청 구남중학교,구남중학교,704907,현존,대구광역시 달서구 두류남길 10,053-234-8816,053-625-8054
7271042,대구광역시교육청 대구광역시남부교육지원청 효성중학교,효성중학교,704400,현존,대구광역시 달서구 월곡로94길 48,053-234-8900,053-638-9123
7271043,대구광역시교육청 대구광역시남부교육지원청 상서중학교,상서중학교,704082,현존,대구광역시 달서구 야외음악당로 107,053-234-9000,053-629-3915
7271044,대구광역시교육청 대구광역시남부교육지원청 원화중학교,원화중학교,,현존,대구광역시 달서구 당산로24길 71,053-234-9750,053-234-9810
7271045,대구광역시교육청 대구광역시남부교육지원청 경암중학교,경암중학교,704082,현존,대구광역시 달서구 당산로30길 20,053-234-9100,053-623-7436
7271046,대구광역시교육청 대구광역시남부교육지원청 경일여자중학교,경일여자중학교,705832,현존,대구광역시 남구 효성로 37,053-234-9194,053-472-9004
7271047,대구광역시교육청 대구광역시남부교육지원청 송현여자중학교,송현여자중학교,704825,현존,대구광역시 달서구 송현로 156,053-234-9300,053-652-4351
7271208,대구광역시교육청 대구광역시남부교육지원청 월암중학교,월암중학교,704400,현존,대구광역시 달서구 조암로6길 33,053-234-8280,053-635-2309
7271244,대구광역시교육청 대구광역시남부교육지원청 조암중학교,조암중학교,704400,현존,대구광역시 달서구 조암로 59,053-234-9321,053-641-0301
7271245,대구광역시교육청 대구광역시남부교육지원청 새본리중학교,새본리중학교,,현존,대구광역시 달서구 대명천로 167,053-234-7668,053-527-6301
7271253,대구광역시교육청 대구광역시남부교육지원청 협성경복중학교,협성경복중학교,705023,현존,대구광역시 남구 효성로 33,053-234-8444,053-471-6963
7281003,대구광역시교육청 대구광역시달성교육지원청 달성중학교,달성중학교,711833,현존,대구광역시 달성군 화원읍 비슬로506길 14,053-235-3000,053-638-1948
7281004,대구광역시교육청 대구광역시달성교육지원청 경서중학교,경서중학교,711842,현존,대구광역시 달성군 옥포읍 돌미로5길 15,053-235-3104,053-235-3149
7281005,대구광역시교육청 대구광역시달성교육지원청 구지중학교,구지중학교,711893,현존,대구광역시 달성군 구지면 국가산단대로66길 22,053-233-9888,053-611-8785
7281006,대구광역시교육청 대구광역시달성교육지원청 다사중학교,다사중학교,42908,현존,대구광역시 달성군 다사읍 매곡로2길 8-5,053-235-3200,053-591-7606
7281007,대구광역시교육청 대구광역시달성교육지원청 논공중학교,논공중학교,711852,현존,대구광역시 달성군 논공읍 논공로 256,053-235-3311,053-235-3320
7281008,대구광역시교육청 대구광역시달성교육지원청 화원중학교,화원중학교,711835,현존,대구광역시 달성군 화원읍 성암로 48,053-235-3339,053-636-3401
7281009,대구광역시교육청 대구광역시달성교육지원청 포산중학교,포산중학교,,현존,대구광역시 달성군 유가읍 테크노북로6길 10,053-235-2910,053-617-3358
7281010,대구광역시교육청 대구광역시달성교육지원청 서재중학교,서재중학교,711813,현존,대구광역시 달성군 다사읍 서재로26길 18,053-235-3491,053-235-3558
7281011,대구광역시교육청 대구광역시달성교육지원청 북동중학교,북동중학교,711853,현존,대구광역시 달성군 논공읍 논공로7길 43,053-235-3600,053-235-3613
7281012,대구광역시교육청 대구광역시달성교육지원청 천내중학교,천내중학교,711831,현존,대구광역시 달성군 화원읍 성천로 202,053-235-3675,053-641-0844
7281013,대구광역시교육청 대구광역시달성교육지원청 왕선중학교,왕선중학교,711812,현존,대구광역시 달성군 다사읍 대실역북로 83,053-235-3765,053-235-3825
7281014,대구광역시교육청 대구광역시달성교육지원청 가창중학교,가창중학교,711861,현존,대구광역시 달성군 가창면 원정길 2,053-235-3859,053-767-7220
7281015,대구광역시교육청 대구광역시달성교육지원청 달서중학교,달서중학교,711821,현존,대구광역시 달성군 하빈면 하빈로 118,053-235-3900,053-582-4445
7281016,대구광역시교육청 대구광역시달성교육지원청 현풍중학교,현풍중학교,711872,현존,대구광역시 달성군 현풍읍 비슬로 675,053-235-3963,053-615-2074
7281109,대구광역시교육청 대구광역시달성교육지원청 유가중학교,유가중학교,,현존,대구광역시 달성군 유가읍 테크노대로5길 20,053-235-2750,053-615-2718
7281118,대구광역시교육청 대구광역시달성교육지원청 한울안중학교,한울안중학교,,현존,대구광역시 달성군 현풍읍 지동길 31,053-233-9970,053-256-4578
7281119,대구광역시교육청 대구광역시달성교육지원청 서동중학교,서동중학교,,현존,대구광역시 달성군 다사읍 서재로12길 11-11,053-233-9810,053-584-8935
7281123,대구광역시교육청 대구광역시달성교육지원청 심인중학교,심인중학교,711815,현존,대구광역시 달성군 다사읍 대실역남로1길 21,053-234-8540,053-655-3336
7321069,인천광역시교육청 인천광역시남부교육지원청 관교여자중학교,관교여자중학교,402080,현존,인천광역시 미추홀구 경원대로 691,032-434-2763,032-438-0277
7321070,인천광역시교육청 인천광역시남부교육지원청 관교중학교,관교중학교,402080,현존,인천광역시 미추홀구 경원대로 670번길 19,032-435-0345,032-434-6722
7321071,인천광역시교육청 인천광역시남부교육지원청 남인천여자중학교,남인천여자중학교,402080,현존,인천광역시 미추홀구 인하로 426,032-629-2469,032-421-1826
7321072,인천광역시교육청 인천광역시남부교육지원청 대청중학교,대청중학교,409850,현존,인천광역시 옹진군 대청면 대청로244번길 116-45,032-836-2206,032-836-7072
7321073,인천광역시교육청 인천광역시남부교육지원청 덕적중학교,덕적중학교,409890,현존,인천광역시 옹진군 덕적면 덕적남로 15,032-832-9303,032-832-9305
7321074,인천광역시교육청 인천광역시남부교육지원청 백령중학교,백령중학교,409910,현존,인천광역시 옹진군 백령면 백령로 708,032-836-0092,032-836-2210
7321075,인천광역시교육청 인천광역시남부교육지원청 선인중학교,선인중학교,402060,현존,인천광역시 미추홀구 석정로 165,032-764-4311,032-772-9627
7321076,인천광역시교육청 인천광역시남부교육지원청 선화여자중학교,선화여자중학교,402060,현존,인천광역시 미추홀구 석정로 165,032-766-5690,032-762-9117
7321077,인천광역시교육청 인천광역시남부교육지원청 신흥여자중학교,신흥여자중학교,400103,현존,인천광역시 제물포구 인항로24번길 37,032-883-2922,032-629-2597
7321078,인천광역시교육청 인천광역시남부교육지원청 신흥중학교,신흥중학교,,현존,인천광역시 제물포구 인항로24번길 38,032-883-1955,032-885-9275
7321079,인천광역시교육청 인천광역시남부교육지원청 연평중학교,연평중학교,409840,현존,인천광역시 옹진군 연평면 연평로 137번길,032-627-1819,032-831-1655
7321080,인천광역시교육청 인천광역시남부교육지원청 영종중학교,영종중학교,400812,현존,인천광역시 영종구 남디로 92,032-746-0010,032-746-2342
7321081,인천광역시교육청 인천광역시남부교육지원청 영흥중학교,영흥중학교,409871,현존,인천광역시 옹진군 영흥면 내동로 107,032-886-0433,032-886-0434
7321082,인천광역시교육청 인천광역시남부교육지원청 용유중학교,용유중학교,400440,현존,인천광역시 영종구 남북로87번길 4,032-746-5823,032-629-2824
7321083,인천광역시교육청 인천광역시남부교육지원청 용현여자중학교,용현여자중학교,402025,현존,인천광역시 미추홀구 낙섬동로 28,032-884-8462,032-885-4159
7321084,인천광역시교육청 인천광역시남부교육지원청 용현중학교,용현중학교,402834,현존,인천광역시 미추홀구 낙섬동로 16,032-885-2509,032-888-9877
7321085,인천광역시교육청 인천광역시남부교육지원청 인주중학교,인주중학교,402040,현존,인천광역시 미추홀구 매소홀로 335,032-863-9314,032-863-9316
7321086,인천광역시교육청 인천광역시남부교육지원청 인천공항중학교,인천공항중학교,400717,현존,인천광역시 영종구 영종대로27번길 49,032-746-3703,032-746-3706
7321087,인천광역시교육청 인천광역시남부교육지원청 인천남중학교,인천남중학교,,현존,인천광역시 미추홀구 수봉로 16-23,032-882-2503,032-882-8180
7321088,인천광역시교육청 인천광역시남부교육지원청 인화여자중학교,인화여자중학교,402080,현존,인천광역시 미추홀구 석정로 165,032-762-2015,032-766-5024
7321089,인천광역시교육청 인천광역시남부교육지원청 제물포여자중학교,제물포여자중학교,402860,현존,인천광역시 미추홀구 인주대로470번길 20,032-422-2069,032-426-8826
7321090,인천광역시교육청 인천광역시남부교육지원청 화도진중학교,화도진중학교,401022,현존,인천광역시 제물포구 화수로 64,032-761-4612,032-761-3247
7321091,인천광역시교육청 인천광역시남부교육지원청 광성중학교,광성중학교,400140,현존,인천광역시 제물포구 참외전로244번길 47,032-760-5260,032-887-1062
7321092,인천광역시교육청 인천광역시남부교육지원청 동산중학교,동산중학교,401818,현존,인천광역시 제물포구 동산로 58,032-763-7829,032-763-7837
7321094,인천광역시교육청 인천광역시남부교육지원청 송도중학교,송도중학교,400090,현존,인천광역시 제물포구 제물량로 123,032-772-9384,032-764-1766
7321095,인천광역시교육청 인천광역시남부교육지원청 인성여자중학교,인성여자중학교,400052,현존,인천광역시 제물포구 홍예문로 39,032-762-8505,032-766-2857
7321097,인천광역시교육청 인천광역시남부교육지원청 인하대학교사범대학부속중학교,인하대학교사범대학부속중학교,402042,현존,인천광역시 미추홀구 재넘이길123번길 29,032-452-9900,032-875-1325
7321223,인천광역시교육청 인천광역시남부교육지원청 인천중산중학교,인천중산중학교,,현존,인천광역시 영종구 두미포로 189,032-509-4900,032-509-4920
7321230,인천광역시교육청 인천광역시남부교육지원청 인천하늘중학교,인천하늘중학교,400310,현존,인천광역시 영종구 찬들로284번길 16,032-452-6100,032-752-8364
7321233,인천광역시교육청 인천광역시남부교육지원청 인천운서중학교,인천운서중학교,400340,현존,인천광역시 영종구 하늘초롱길 73,032-310-8700,032-752-9868
7321235,인천광역시교육청 인천광역시남부교육지원청 재능중학교,재능중학교,401075,현존,인천광역시 제물포구 재능로 178,032-627-6950,032-627-6985
7331053,인천광역시교육청 인천광역시북부교육지원청 갈산중학교,갈산중학교,403080,현존,인천광역시 부평구 주부토로 166,032-527-7144,032-525-6549
7331054,인천광역시교육청 인천광역시북부교육지원청 구산중학교,구산중학교,403103,현존,인천광역시 부평구 수변로 199,032-361-9092,032-361-9095
7331055,인천광역시교육청 인천광역시북부교육지원청 동암중학교,동암중학교,403849,현존,인천광역시 부평구 동암산로 43번길 12,032-425-9676,032-426-5515
7331056,인천광역시교육청 인천광역시북부교육지원청 부광중학교,부광중학교,403103,현존,인천광역시 부평구 충선로 140,032-511-6052,032-505-3914
7331057,인천광역시교육청 인천광역시북부교육지원청 부원여자중학교,부원여자중학교,403818,현존,인천광역시 부평구 부영로 88,032-526-3968,032-525-7106
7331058,인천광역시교육청 인천광역시북부교육지원청 부원중학교,부원중학교,403010,현존,인천광역시 부평구 경원대로 1339,032-505-2632,032-505-2639
7331060,인천광역시교육청 인천광역시북부교육지원청 부일중학교,부일중학교,403090,현존,인천광역시 부평구 영성로 3,032-519-8322,032-528-2155
7331061,인천광역시교육청 인천광역시북부교육지원청 부평동중학교,부평동중학교,403102,현존,인천광역시 부평구 수변로107번길 4,032-529-2082,032-505-1536
7331062,인천광역시교육청 인천광역시북부교육지원청 부평서여자중학교,부평서여자중학교,403130,현존,인천광역시 부평구 경원대로 1213,032-504-0412,032-504-0419
7331063,인천광역시교육청 인천광역시북부교육지원청 부평서중학교,부평서중학교,403839,현존,인천광역시 부평구 화랑로 29,032-522-3577,032-628-3131
7331064,인천광역시교육청 인천광역시북부교육지원청 부평여자중학교,부평여자중학교,403807,현존,인천광역시 부평구 부평문화로 193-1,032-515-5814,032-516-8492
7331065,인천광역시교육청 인천광역시북부교육지원청 부평중학교,부평중학교,403820,현존,인천광역시 부평구 부흥북로57번길 10,032-529-5132,032-516-1540
7331066,인천광역시교육청 인천광역시북부교육지원청 부흥중학교,부흥중학교,403806,현존,인천광역시 부평구 충선로 152,032-527-5383,032-514-0876
7331067,인천광역시교육청 인천광역시북부교육지원청 산곡남중학교,산곡남중학교,403837,현존,인천광역시 부평구 안남로 187,032-525-0430,032-525-5874
7331068,인천광역시교육청 인천광역시북부교육지원청 산곡여자중학교,산곡여자중학교,403837,현존,인천광역시 부평구 마장로204번길 37,032-512-6746,032-502-6846
7331069,인천광역시교육청 인천광역시북부교육지원청 산곡중학교,산곡중학교,403833,현존,인천광역시 부평구 원적로300번길 14,032-523-7322,032-524-7322
7331070,인천광역시교육청 인천광역시북부교육지원청 삼산중학교,삼산중학교,403090,현존,인천광역시 부평구 충선로 308,032-511-5667,032-511-5668
7331071,인천광역시교육청 인천광역시북부교육지원청 인천상정중학교,인천상정중학교,403843,현존,인천광역시 부평구 경원대로 1083,032-421-4126,032-421-4127
7331072,인천광역시교육청 인천광역시북부교육지원청 진산중학교,진산중학교,403090,현존,인천광역시 부평구 충선로234번길 70,032-628-4300,032-511-1924
7331073,인천광역시교육청 인천광역시북부교육지원청 청천중학교,청천중학교,403032,현존,인천광역시 부평구 마장로364번길 23,032-503-3902,032-504-5293
7331211,인천광역시교육청 인천광역시북부교육지원청 계산여자중학교,계산여자중학교,407050,현존,인천광역시 계양구 장제로755번길 16,032-549-6279,032-554-4620
7331212,인천광역시교육청 인천광역시북부교육지원청 계산중학교,계산중학교,407813,현존,인천광역시 계양구 도두리로 67-16,032-545-8563,032-543-1917
7331213,인천광역시교육청 인천광역시북부교육지원청 계양중학교,계양중학교,407350,현존,인천광역시 계양구 장제로1181번길 9,032-515-6500,032-515-0039
7331214,인천광역시교육청 인천광역시북부교육지원청 명현중학교,명현중학교,407040,현존,인천광역시 계양구 안남로554번길 26,032-554-6832,032-554-6835
7331215,인천광역시교육청 인천광역시북부교육지원청 북인천여자중학교,북인천여자중학교,407832,현존,인천광역시 계양구 아나지로85번길 12,032-547-0288,032-552-5731
7331216,인천광역시교육청 인천광역시북부교육지원청 북인천중학교,북인천중학교,407050,현존,인천광역시 계양구 계산로22번길 6,032-554-5560,032-554-5564
7331217,인천광역시교육청 인천광역시북부교육지원청 서운중학교,서운중학교,407070,현존,인천광역시 계양구 아나지로 467,032-555-0562,032-555-0565
7331218,인천광역시교육청 인천광역시북부교육지원청 인천계수중학교,인천계수중학교,,현존,인천광역시 계양구 살라리로2번길 25,032-542-6237,032-628-9561
7331219,인천광역시교육청 인천광역시북부교육지원청 인천동양중학교,인천동양중학교,407340,현존,인천광역시 계양구 당미길 56,032-556-4650,032-556-3883
7331220,인천광역시교육청 인천광역시북부교육지원청 인천안남중학교,인천안남중학교,407800,현존,인천광역시 계양구 계산새로33번길 5,032-549-4784,032-549-5334
7331221,인천광역시교육청 인천광역시북부교육지원청 인천양촌중학교,인천양촌중학교,407320,현존,인천광역시 계양구 장제로948번길 13,032-555-9540,032-555-9549
7331222,인천광역시교육청 인천광역시북부교육지원청 인천예일중학교,인천예일중학교,407480,현존,인천광역시 계양구 장제로995번길 39,032-556-4102,032-556-4105
7331223,인천광역시교육청 인천광역시북부교육지원청 인천효성중학교,인천효성중학교,407041,현존,인천광역시 계양구 안남로 607,032-547-2527,032-547-3527
7331224,인천광역시교육청 인천광역시북부교육지원청 임학중학교,임학중학교,407320,현존,인천광역시 계양구 장제로 894,032-552-2122,032-552-2125
7331225,인천광역시교육청 인천광역시북부교육지원청 작전중학교,작전중학교,407817,현존,인천광역시 계양구 주부토로448번길 16,032-556-1845,032-556-1848
7331246,인천광역시교육청 인천광역시북부교육지원청 인천동수중학교,인천동수중학교,403829,현존,인천광역시 부평구 동수로 8,032-522-4177,032-529-2918
7341066,인천광역시교육청 인천광역시동부교육지원청 간석여자중학교,간석여자중학교,405233,현존,인천광역시 남동구 간석로25번길 13,032-429-5969,032-629-7667
7341067,인천광역시교육청 인천광역시동부교육지원청 구월여자중학교,구월여자중학교,405841,현존,인천 남동구 성말로13번길 78,032-433-4005,032-435-0467
7341068,인천광역시교육청 인천광역시동부교육지원청 구월중학교,구월중학교,405220,현존,인천광역시 남동구 남동대로 814,032-460-6503,032-467-5913
7341069,인천광역시교육청 인천광역시동부교육지원청 남동중학교,남동중학교,405246,현존,인천광역시 남동구 담방로 7,032-462-0120,032-468-5326
7341070,인천광역시교육청 인천광역시동부교육지원청 논곡중학교,논곡중학교,405850,현존,인천광역시 남동구 논곡로 84,032-442-0413,032-442-0414
7341071,인천광역시교육청 인천광역시동부교육지원청 능허대중학교,능허대중학교,406050,현존,인천광역시 연수구 송도교육로 31,032-550-7800,032-550-7808
7341072,인천광역시교육청 인천광역시동부교육지원청 동인천중학교,동인천중학교,405223,현존,인천광역시 남동구 구월남로57번길 12,032-422-3743,032-629-7405
7341073,인천광역시교육청 인천광역시동부교육지원청 만성중학교,만성중학교,405867,현존,인천광역시 남동구 인주대로 899,032-468-8016,032-472-2239
7341074,인천광역시교육청 인천광역시동부교육지원청 만수북중학교,만수북중학교,405244,현존,인천광역시 남동구 만수서로 117,032-472-3122,032-472-3127
7341075,인천광역시교육청 인천광역시동부교육지원청 만수여자중학교,만수여자중학교,405244,현존,인천광역시 남동구 만수로50번길 22-36,032-464-2262,032-468-7374
7341076,인천광역시교육청 인천광역시동부교육지원청 만수중학교,만수중학교,405244,현존,인천광역시 남동구 인수로 13,032-467-1833~6,032-467-1837
7341077,인천광역시교육청 인천광역시동부교육지원청 만월중학교,만월중학교,405260,현존,인천광역시 남동구 서창남순환로 22,032-457-4631,032-457-4601
7341078,인천광역시교육청 인천광역시동부교육지원청 상인천여자중학교,상인천여자중학교,405231,현존,인천광역시 남동구 문화로169번길 30,032-437-9711,032-437-9714
7341079,인천광역시교육청 인천광역시동부교육지원청 상인천중학교,상인천중학교,405800,현존,인천광역시 남동구 백범로297번길 21,032-422-0952,032-422-0941
7341080,인천광역시교육청 인천광역시동부교육지원청 석정중학교,석정중학교,405810,현존,인천광역시 남동구 방축로469번길 1,032-425-0780,032-425-0781
7341081,인천광역시교육청 인천광역시동부교육지원청 선학중학교,선학중학교,406090,현존,인천광역시 연수구 선학로 19,032-814-2907,032-629-7948
7341082,인천광역시교육청 인천광역시동부교육지원청 신송중학교,신송중학교,406130,현존,인천광역시 연수구 해돋이로56번길 12,032-851-0562,032-851-0564
7341083,인천광역시교육청 인천광역시동부교육지원청 연성중학교,연성중학교,406826,현존,인천광역시 연수구 원인재로 105,032-815-4129,032-817-4051
7341084,인천광역시교육청 인천광역시동부교육지원청 연수중학교,연수중학교,406110,현존,인천광역시 연수구 원인재로 231,032-815-4038,032-819-8106
7341085,인천광역시교육청 인천광역시동부교육지원청 연화중학교,연화중학교,406110,현존,인천광역시 연수구 용담로 156,032-822-5581,032-822-5585
7341086,인천광역시교육청 인천광역시동부교육지원청 옥련중학교,옥련중학교,406838,현존,인천광역시 연수구 청량로 222,032-834-1581,032-834-1548
7341087,인천광역시교육청 인천광역시동부교육지원청 인송중학교,인송중학교,406050,현존,인천광역시 연수구 능허대로79번길 55,032-832-8511,032-832-8517
7341088,인천광역시교육청 인천광역시동부교육지원청 인천고잔중학교,인천고잔중학교,405847,현존,인천광역시 남동구 논고개로 20,032-438-1380,032-438-1379
7341089,인천광역시교육청 인천광역시동부교육지원청 인천논현중학교,인천논현중학교,405847,현존,인천광역시 남동구 포구로 118,032-446-7910,032-446-7912
7341090,인천광역시교육청 인천광역시동부교육지원청 인천동방중학교,인천동방중학교,405300,현존,인천광역시 남동구 논현역로 41,032-429-2922,032-429-2923
7341091,인천광역시교육청 인천광역시동부교육지원청 인천서창중학교,인천서창중학교,405260,현존,인천광역시 남동구 독곡로60번길 16,032-473-0338,032-473-0341
7341092,인천광역시교육청 인천광역시동부교육지원청 인천성리중학교,인천성리중학교,405220,현존,인천광역시 남동구 성리로 26,032-469-3924,032-469-3931
7341093,인천광역시교육청 인천광역시동부교육지원청 인천여자중학교,인천여자중학교,406132,현존,인천광역시 연수구 원인재로 47,032-629-8283,032-821-6342
7341094,인천광역시교육청 인천광역시동부교육지원청 인천정각중학교,인천정각중학교,405823,현존,인천광역시 남동구 구월로 240,032-770-1700,032-770-1710
7341095,인천광역시교육청 인천광역시동부교육지원청 인천중학교,인천중학교,406110,현존,인천광역시 연수구 함박뫼로 203,032-811-3621,032-812-4892
7341096,인천광역시교육청 인천광역시동부교육지원청 인천해송중학교,인천해송중학교,406840,현존,인천광역시 연수구 해송로 148,032-851-6831,032-851-6838
7341097,인천광역시교육청 인천광역시동부교육지원청 청량중학교,청량중학교,406130,현존,인천광역시 연수구 먼우금로 138,032-819-8149,032-819-8287
7341098,인천광역시교육청 인천광역시동부교육지원청 청학중학교,청학중학교,,현존,인천 연수구 함박뫼로 5,032-817-4038,032-817-9382
7341099,인천광역시교육청 인천광역시동부교육지원청 함박중학교,함박중학교,406828,현존,인천광역시 연수구 솔샘로 143,032-831-1462,032-629-8599
7341100,인천광역시교육청 인천광역시동부교육지원청 숭덕여자중학교,숭덕여자중학교,405242,현존,인천광역시 남동구 만수로73번길 20-23,032-463-7436,032-463-3825
7341223,인천광역시교육청 인천광역시동부교육지원청 인천사리울중학교,인천사리울중학교,405300,현존,인천광역시 남동구 에코중앙로84번길 12,032-435-1635,032-435-1633
7341224,인천광역시교육청 인천광역시동부교육지원청 인천신정중학교,인천신정중학교,406840,현존,인천광역시 연수구 컨벤시아대로42번길 80,032-858-9124,032-858-9132
7341256,인천광역시교육청 인천광역시동부교육지원청 박문중학교,박문중학교,,현존,인천광역시 연수구 송도과학로51번길 102,032-890-1965,032-890-1990
7341285,인천광역시교육청 인천광역시동부교육지원청 인천예송중학교,인천예송중학교,406840,현존,인천광역시 연수구 아카데미로 212,032-340-8600,032-858-8505
7341310,인천광역시교육청 인천광역시동부교육지원청 인천미송중학교,인천미송중학교,,현존,인천광역시 연수구 아카데미로 679,032-456-3100,032-858-8823
7341312,인천광역시교육청 인천광역시동부교육지원청 인천현송중학교,인천현송중학교,406840,현존,인천광역시 연수구 아카데미로312번길 84,032-610-6100,032-858-7523
7341315,인천광역시교육청 인천광역시동부교육지원청 인천은송중학교,인천은송중학교,406840,현존,인천광역시 연수구 센트럴로 464,032-626-2600,032-626-2710
7351029,인천광역시교육청 인천광역시강화교육지원청 강남중학교,강남중학교,417841,현존,인천광역시 강화군 길상면 강화남로 62-2,032-937-4284,032-937-5326
7351030,인천광역시교육청 인천광역시강화교육지원청 강서중학교,강서중학교,417873,현존,인천광역시 강화군 하점면 강화서로 909-19,032-933-5290,032-933-5298
7351031,인천광역시교육청 인천광역시강화교육지원청 강화여자중학교,강화여자중학교,417800,현존,인천광역시 강화군 강화읍 갑룡길 11,032-932-8801,032-934-1202
7351032,인천광역시교육청 인천광역시강화교육지원청 강화중학교,강화중학교,417800,현존,인천광역시 강화군 강화읍 동문로 53,032-933-9984,032-933-9987
7351033,인천광역시교육청 인천광역시강화교육지원청 교동중학교,교동중학교,417922,현존,인천광역시 강화군 교동면 교동남로 77,032-932-4126,032-932-6690
7351034,인천광역시교육청 인천광역시강화교육지원청 서도중학교,서도중학교,417930,현존,인천광역시 강화군 서도면 주문도길 173,032-932-7005,032-932-7034
7351036,인천광역시교육청 인천광역시강화교육지원청 심도중학교,심도중학교,417860,현존,인천광역시 강화군 화도면 마니산로 703-20,032-627-4010,032-937-5907
7351037,인천광역시교육청 인천광역시강화교육지원청 동광중학교,동광중학교,417853,현존,인천광역시 강화군 양도면 강화남로 704,032-937-2009,032-627-4275
7351069,인천광역시교육청 인천광역시강화교육지원청 승영중학교,승영중학교,417913,현존,인천광역시 강화군 삼산면 삼산북로 473,032-932-3102,032-932-4170
7361074,인천광역시교육청 인천광역시서부교육지원청 마전중학교,마전중학교,404820,현존,인천광역시 검단구 완정로 91,032-568-7093,032-568-7190
7361075,인천광역시교육청 인천광역시서부교육지원청 가정여자중학교,가정여자중학교,404816,현존,인천광역시 서해구 고래울로28번길 13,032-577-6781,032-577-2293
7361076,인천광역시교육청 인천광역시서부교육지원청 인천가좌여자중학교,인천가좌여자중학교,404223,현존,인천광역시 서해구 서달로 110,032-573-5976,032-582-1491
7361077,인천광역시교육청 인천광역시서부교육지원청 가좌중학교,가좌중학교,404813,현존,인천광역시 서해구 건지로334번길 31,032-571-7444,032-582-5467
7361078,인천광역시교육청 인천광역시서부교육지원청 간재울중학교,간재울중학교,404847,현존,인천광역시 서해구 승학로512번길 34,032-568-1628,032-568-1629
7361079,인천광역시교육청 인천광역시서부교육지원청 검단중학교,검단중학교,404260,현존,인천광역시 검단구 완정로188번길 12,032-627-7420,032-627-7422
7361080,인천광역시교육청 인천광역시서부교육지원청 검암중학교,검암중학교,404842,현존,인천광역시 서해구 검암로29번길 12,032-567-1975,032-567-1976
7361084,인천광역시교육청 인천광역시서부교육지원청 동인천여자중학교,동인천여자중학교,404254,현존,인천광역시 서해구 여우재로112번길 13,032-577-9430,032-578-2126
7361087,인천광역시교육청 인천광역시서부교육지원청 백석중학교,백석중학교,404140,현존,인천광역시 검단구 서곶로 695,032-567-2432,032-567-2435
7361090,인천광역시교육청 인천광역시서부교육지원청 불로중학교,불로중학교,404270,현존,인천광역시 검단구 고산후로 363,032-566-9588,032-565-5836
7361091,인천광역시교육청 인천광역시서부교육지원청 서곶중학교,서곶중학교,404180,현존,인천광역시 서해구 대평로56번길 22,032-562-0384,032-562-0385
7361093,인천광역시교육청 인천광역시서부교육지원청 신현여자중학교,신현여자중학교,404831,현존,인천광역시 서해구 새오개로111번길 15,032-577-3992,032-582-6497
7361094,인천광역시교육청 인천광역시서부교육지원청 신현중학교,신현중학교,,현존,인천광역시 서해구 원창로131번길 23,032-575-0379,032-581-0822
7361095,인천광역시교육청 인천광역시서부교육지원청 원당중학교,원당중학교,404320,현존,인천광역시 검단구 고산로40번길 22,032-564-5422,032-564-5412
7361098,인천광역시교육청 인천광역시서부교육지원청 제물포중학교,제물포중학교,404254,현존,인천광역시 서해구 여우재로112번길 7,032-578-5826,032-571-3036
7361101,인천광역시교육청 인천광역시서부교육지원청 인천당하중학교,인천당하중학교,404310,현존,인천광역시 검단구 청마로 38,032-569-2137,032-569-2138
7361103,인천광역시교육청 인천광역시서부교육지원청 인천가현중학교,인천가현중학교,404831,현존,인천광역시 서해구 염곡로 409,032-571-9934,032-571-9902
7361105,인천광역시교육청 인천광역시서부교육지원청 인천석남중학교,인천석남중학교,404220,현존,인천광역시 서해구 건지로 333,032-584-1830,032-584-1834
7361247,인천광역시교육청 인천광역시서부교육지원청 인천청라중학교,인천청라중학교,404180,현존,인천광역시 서해구 청라라임로 112,032-561-1973,032-561-1974
7361255,인천광역시교육청 인천광역시서부교육지원청 인천초은중학교,인천초은중학교,404180,현존,인천광역시 서해구 청라라임로 10,032-569-5791,032-569-5795
7361256,인천광역시교육청 인천광역시서부교육지원청 인천해원중학교,인천해원중학교,404170,현존,인천광역시 서해구 청라한내로 21,032-560-3600,032-560-3629
7361292,인천광역시교육청 인천광역시서부교육지원청 인천청람중학교,인천청람중학교,22748,현존,인천광역시 서해구 청라커낼로 335,032-568-8171,032-628-9727
7361310,인천광역시교육청 인천광역시서부교육지원청 인천경연중학교,인천경연중학교,,현존,인천광역시 서해구 차오름로 64,032-510-7200,032-569-7387
7361314,인천광역시교육청 인천광역시서부교육지원청 인천청호중학교,인천청호중학교,,현존,인천광역시 서해구 청라한울로 44,032-456-9100,032-569-4582
7361321,인천광역시교육청 인천광역시서부교육지원청 인천아라중학교,인천아라중학교,404310,현존,인천광역시 검단구 서로2로 50,032-457-1500,032-457-1571
7361322,인천광역시교육청 인천광역시서부교육지원청 인천이음중학교,인천이음중학교,404320,현존,인천광역시 검단구 이음1로 455,032-580-2800,032-580-2801
7361329,인천광역시교육청 인천광역시서부교육지원청 인천루원중학교,인천루원중학교,404230,현존,인천광역시 서해구 염곡로 517,032-500-9500,032-500-9580
7361339,인천광역시교육청 인천광역시서부교육지원청 인천단봉중학교,인천단봉중학교,404300,현존,인천광역시 검단구 봉화로15번길 10,032-500-2400,032-561-9605
7361341,인천광역시교육청 인천광역시서부교육지원청 인천검단가온중학교,인천검단가온중학교,404270,현존,인천광역시 검단구 동화시로 122,032-458-1210,032-561-7320
7392167,전남광주통합특별시교육청 전남광주통합특별시광주동부교육지원청 광주북성중학교,광주북성중학교,500864,현존,전남광주통합특별시 북구 금남로 61,062-607-7007,062-607-7050
7392168,전남광주통합특별시교육청 전남광주통합특별시광주동부교육지원청 광주충장중학교,광주충장중학교,501090,현존,전남광주통합특별시 동구 경양로 379번길 19,062-230-9500,062-226-1930
7392169,전남광주통합특별시교육청 전남광주통합특별시광주동부교육지원청 무등중학교,무등중학교,501827,현존,전남광주통합특별시 동구 지원로5번길 12,062-220-2300,062-225-5439
7392170,전남광주통합특별시교육청 전남광주통합특별시광주동부교육지원청 운림중학교,운림중학교,501200,현존,전남광주통합특별시 동구 의재로 137,062-230-3915,062-230-3922
7392171,전남광주통합특별시교육청 전남광주통합특별시광주동부교육지원청 운암중학교,운암중학교,500860,현존,전남광주통합특별시 북구 서강로131번길 24,062-605-6511,062-514-3263
7392172,전남광주통합특별시교육청 전남광주통합특별시광주동부교육지원청 우산중학교,우산중학교,500130,현존,전남광주통합특별시 북구 신촌로 22,062-260-5850,062-260-5870
7392173,전남광주통합특별시교육청 전남광주통합특별시광주동부교육지원청 용봉중학교,용봉중학교,500838,현존,전남광주통합특별시 북구 서하로274번길 33,062-250-5700,062-250-5720
7392174,전남광주통합특별시교육청 전남광주통합특별시광주동부교육지원청 신광중학교,신광중학교,,현존,전남광주통합특별시 북구 면앙로165번길 80,062-250-6500,062-250-6591
7392175,전남광주통합특별시교육청 전남광주통합특별시광주동부교육지원청 문화중학교,문화중학교,500848,현존,전남광주통합특별시 북구 면앙로 111,062-260-8600,062-265-7728
7392176,전남광주통합특별시교육청 전남광주통합특별시광주동부교육지원청 광주체육중학교,광주체육중학교,500170,현존,전남광주통합특별시 북구 하서로 55,062-520-8700,062-520-8790
7392177,전남광주통합특별시교육청 전남광주통합특별시광주동부교육지원청 두암중학교,두암중학교,500103,현존,전남광주통합특별시 북구 밤실로208번길 23,062-260-0500,062-268-3793
7392178,전남광주통합특별시교육청 전남광주통합특별시광주동부교육지원청 각화중학교,각화중학교,500120,현존,전남광주통합특별시 북구 군왕로 234,062-250-1600,062-250-1660
7392179,전남광주통합특별시교육청 전남광주통합특별시광주동부교육지원청 문흥중학교,문흥중학교,500110,현존,전남광주통합특별시 북구 능안로 2,062-250-1510,062-266-8361
7392180,전남광주통합특별시교육청 전남광주통합특별시광주동부교육지원청 문산중학교,문산중학교,500818,현존,전남광주통합특별시 북구 대천로 174,062-260-3500,062-260-3588
7392181,전남광주통합특별시교육청 전남광주통합특별시광주동부교육지원청 양산중학교,양산중학교,500200,현존,전남광주통합특별시 북구 하서로229번길 30,062-570-6111,062-571-4148
7392182,전남광주통합특별시교육청 전남광주통합특별시광주동부교육지원청 일곡중학교,일곡중학교,500160,현존,전남광주통합특별시 북구 설죽로 570,062-570-1700,062-570-1797
7392183,전남광주통합특별시교육청 전남광주통합특별시광주동부교육지원청 일동중학교,일동중학교,500160,현존,전남광주통합특별시 북구 일곡택지로 10,062-608-1100,062-574-1295
7392184,전남광주통합특별시교육청 전남광주통합특별시광주동부교육지원청 지산중학교,지산중학교,500210,현존,전남광주통합특별시 북구 양산택지로 130,062-606-6300,062-571-9124
7392185,전남광주통합특별시교육청 전남광주통합특별시광주동부교육지원청 일신중학교,일신중학교,500866,현존,전남광주통합특별시 북구 일곡택지로 107,062-605-6600,062-605-6695
7392186,전남광주통합특별시교육청 전남광주통합특별시광주동부교육지원청 용두중학교,용두중학교,500220,현존,전남광주통합특별시 북구 하서로483번길 48,062-570-6600,062-570-6609
7392187,전남광주통합특별시교육청 전남광주통합특별시광주동부교육지원청 조선대학교부속중학교,조선대학교부속중학교,501759,현존,전남광주통합특별시 동구 조선대길 13,062-230-2200,062-230-2291
7392188,전남광주통합특별시교육청 전남광주통합특별시광주동부교육지원청 광주숭일중학교,광주숭일중학교,500865,현존,전남광주통합특별시 북구 모룡대길 40,062-520-0700,062-520-0708
7392189,전남광주통합특별시교육청 전남광주통합특별시광주동부교육지원청 광주동신중학교,광주동신중학교,500090,현존,전남광주통합특별시 북구 동문대로 50,062-520-3450,062-528-5481
7392190,전남광주통합특별시교육청 전남광주통합특별시광주동부교육지원청 서강중학교,서강중학교,500170,현존,전남광주통합특별시 북구 서강로 1,062-520-0077,062-520-7892
7392191,전남광주통합특별시교육청 전남광주통합특별시광주동부교육지원청 고려중학교,고려중학교,500140,현존,전남광주통합특별시 북구 설죽로 369,062-570-9210,062-573-9075
7392192,전남광주통합특별시교육청 전남광주통합특별시광주동부교육지원청 조선대학교여자중학교,조선대학교여자중학교,501150,현존,전남광주통합특별시 동구 지산로 16,062-230-9400,062-226-6514
7392193,전남광주통합특별시교육청 전남광주통합특별시광주동부교육지원청 광주동신여자중학교,광주동신여자중학교,500090,현존,전남광주통합특별시 북구 동문대로 50,062-520-7350,062-528-5485
7392194,전남광주통합특별시교육청 전남광주통합특별시광주동부교육지원청 광주경신중학교,광주경신중학교,500070,현존,전남광주통합특별시 북구 금호로40번길 40,062-605-4851,062-521-6124
7392195,전남광주통합특별시교육청 전남광주통합특별시광주동부교육지원청 살레시오중학교,살레시오중학교,500866,현존,전남광주통합특별시 북구 모룡대길 67,062-608-9200,062-608-9298
7392196,전남광주통합특별시교육청 전남광주통합특별시광주동부교육지원청 살레시오여자중학교,살레시오여자중학교,501150,현존,전남광주통합특별시 동구 필문대로273번길 21,062-220-1500,062-220-1450
7392198,전남광주통합특별시교육청 전남광주통합특별시광주동부교육지원청 신용중학교,신용중학교,500832,현존,전남광주통합특별시 북구 첨단연신로133번길 32,062-713-6100,062-713-6110
7392199,전남광주통합특별시교육청 전남광주통합특별시광주동부교육지원청 금호중앙중학교,금호중앙중학교,500172,현존,전남광주통합특별시 북구 금호로 100,062-605-5001,062-605-5010
7392200,전남광주통합특별시교육청 전남광주통합특별시광주동부교육지원청 광주예술중학교,광주예술중학교,,현존,전남광주통합특별시 북구 서하로 72,062-520-8302,062-576-9780
7402270,전남광주통합특별시교육청 전남광주통합특별시광주서부교육지원청 광주무진중학교,광주무진중학교,503230,현존,전남광주통합특별시 남구 중앙로 7,062-350-5300,062-361-5207
7402271,전남광주통합특별시교육청 전남광주통합특별시광주서부교육지원청 봉선중학교,봉선중학교,503812,현존,전남광주통합특별시 남구 봉선중길 14,062-650-1300,062-650-1399
7402272,전남광주통합특별시교육청 전남광주통합특별시광주서부교육지원청 상무중학교,상무중학교,502856,현존,전남광주통합특별시 서구 운천로 142,062-380-6356,(062)380-6399
7402273,전남광주통합특별시교육청 전남광주통합특별시광주서부교육지원청 광주서광중학교,광주서광중학교,503302,현존,전남광주통합특별시 남구 진다리로24번길 13,062-603-8203,062-652-0992
7402274,전남광주통합특별시교육청 전남광주통합특별시광주서부교육지원청 광주효광중학교,광주효광중학교,502260,현존,전남광주통합특별시 서구 쌍촌로15번길 8,062-380-7311,062-380-7339
7402275,전남광주통합특별시교육청 전남광주통합특별시광주서부교육지원청 광주화정중학교,광주화정중학교,,현존,전남광주통합특별시 서구 화운로 53,062-380-3700,062-380-3709
7402276,전남광주통합특별시교육청 전남광주통합특별시광주서부교육지원청 광주중학교,광주중학교,502154,현존,전남광주통합특별시 서구 화개중앙로 60,062-650-0700,062-650-0710
7402277,전남광주통합특별시교육청 전남광주통합특별시광주서부교육지원청 치평중학교,치평중학교,61991,현존,전남광주통합특별시 서구 화정로21번길 5,062-380-2354,062-380-2355
7402278,전남광주통합특별시교육청 전남광주통합특별시광주서부교육지원청 주월중학교,주월중학교,503310,현존,전남광주통합특별시 남구 봉선로52번길 9,062-670-5800,062-670-5890
7402279,전남광주통합특별시교육청 전남광주통합특별시광주서부교육지원청 금당중학교,금당중학교,503311,현존,전남광주통합특별시 남구 회재로1156번길 9,062-650-0800,062-650-0899
7402280,전남광주통합특별시교육청 전남광주통합특별시광주서부교육지원청 송정중학교,송정중학교,506012,현존,전남광주통합특별시 광산구 내상로15번길 23,062-949-7506,062-949-7500
7402281,전남광주통합특별시교육청 전남광주통합특별시광주서부교육지원청 광산중학교,광산중학교,506050,현존,전남광주통합특별시 광산구 사암로158번길 23,062-601-6890,062-942-4096
7402282,전남광주통합특별시교육청 전남광주통합특별시광주서부교육지원청 대촌중학교,대촌중학교,503200,현존,전남광주통합특별시 남구 고싸움로164번길 28,062-712-3106,062-712-3115
7402283,전남광주통합특별시교육청 전남광주통합특별시광주서부교육지원청 평동중학교,평동중학교,506503,현존,전남광주통합특별시 광산구 평동로735번길 70,062-949-5811,062-949-5898
7402284,전남광주통합특별시교육청 전남광주통합특별시광주서부교육지원청 상일중학교,상일중학교,502261,현존,전남광주통합특별시 서구 내방로 229,062-380-0200,062-380-0210
7402285,전남광주통합특별시교육청 전남광주통합특별시광주서부교육지원청 하남중학교,하남중학교,506826,현존,전남광주통합특별시 광산구 산정로6번길 21-2,062-958-5200,062-958-5299
7402286,전남광주통합특별시교육청 전남광주통합특별시광주서부교육지원청 월곡중학교,월곡중학교,506055,현존,전남광주통합특별시 광산구 월곡산정로 95,062-950-7655,062-950-7690
7402287,전남광주통합특별시교육청 전남광주통합특별시광주서부교육지원청 금호중학교,금호중학교,502805,현존,전남광주통합특별시 서구 금화로115번길 72,062-370-0700,062-370-0795
7402288,전남광주통합특별시교육청 전남광주통합특별시광주서부교육지원청 월계중학교,월계중학교,506302,현존,전남광주통합특별시 광산구 첨단중앙로181번길 82,062-970-9700,062-972-7539
7402289,전남광주통합특별시교육청 전남광주통합특별시광주서부교육지원청 운남중학교,운남중학교,,현존,전남광주통합특별시 광산구 목련로 307-10,062-960-2551,062-955-3413
7402290,전남광주통합특별시교육청 전남광주통합특별시광주서부교육지원청 광주동명중학교,광주동명중학교,502260,현존,전남광주통합특별시 서구 운천로 306,062-603-8130,062-376-0294
7402291,전남광주통합특별시교육청 전남광주통합특별시광주서부교육지원청 풍암중학교,풍암중학교,502833,현존,전남광주통합특별시 서구 풍암순환로 51,062-650-9500,062-650-9590
7402292,전남광주통합특별시교육청 전남광주통합특별시광주서부교육지원청 금구중학교,금구중학교,62325,현존,전남광주통합특별시 광산구 목련로153번길 76,062-960-0118,062-956-3866
7402293,전남광주통합특별시교육청 전남광주통합특별시광주서부교육지원청 천곡중학교,천곡중학교,506302,현존,전남광주통합특별시 광산구 월계로16번길 78,062-970-4000,062-970-4009
7402294,전남광주통합특별시교육청 전남광주통합특별시광주서부교육지원청 전남중학교,전남중학교,502830,현존,전남광주통합특별시 서구 상무공원로 70,062-720-5154,062-720-5159
7402295,전남광주통합특별시교육청 전남광주통합특별시광주서부교육지원청 첨단중학교,첨단중학교,506302,현존,전남광주통합특별시 광산구 첨단내촌로 16,062-970-9500,062-970-9527
7402296,전남광주통합특별시교육청 전남광주통합특별시광주서부교육지원청 송광중학교,송광중학교,506010,현존,전남광주통합특별시 광산구 송정로 74,062-949-6440,062-946-0784
7402297,전남광주통합특별시교육청 전남광주통합특별시광주서부교육지원청 영천중학교,영천중학교,506054,현존,전남광주통합특별시 광산구 사암로340번안길 21,062-958-4721,062-956-1696
7402298,전남광주통합특별시교육청 전남광주통합특별시광주서부교육지원청 신가중학교,신가중학교,506307,현존,전남광주통합특별시 광산구 신창로 26,062-960-7300,062-955-8380
7402299,전남광주통합특별시교육청 전남광주통합특별시광주서부교육지원청 봉산중학교,봉산중학교,506305,현존,전남광주통합특별시 광산구 산월로 67,062-970-4400,062-972-8669
7402300,전남광주통합특별시교육청 전남광주통합특별시광주서부교육지원청 운리중학교,운리중학교,502832,현존,전남광주통합특별시 서구 풍암신흥로11번길 28,062-260-3900,062-260-3955
7402301,전남광주통합특별시교육청 전남광주통합특별시광주서부교육지원청 신창중학교,신창중학교,506306,현존,전남광주통합특별시 광산구 왕버들로290번길 40,062-958-9500,062-953-4158
7402302,전남광주통합특별시교육청 전남광주통합특별시광주서부교육지원청 유덕중학교,유덕중학교,502863,현존,전남광주통합특별시 서구 상무버들로 29,062-370-2705,062-385-2619
7402303,전남광주통합특별시교육청 전남광주통합특별시광주서부교육지원청 월봉중학교,월봉중학교,506305,현존,전남광주통합특별시 광산구 산월로 107,062-960-1703,062-974-4134
7402304,전남광주통합특별시교육청 전남광주통합특별시광주서부교육지원청 진남중학교,진남중학교,503320,현존,전남광주통합특별시 남구 노대실로41번길 21,062-717-3490,062-675-3695
7402305,전남광주통합특별시교육청 전남광주통합특별시광주서부교육지원청 성덕중학교,성덕중학교,506830,현존,전남광주통합특별시 광산구 장덕로 65,062-950-9800,062-950-9898
7402306,전남광주통합특별시교육청 전남광주통합특별시광주서부교육지원청 수완중학교,수완중학교,506304,현존,전남광주통합특별시 광산구 수완로 19,062-975-2206,062-956-9130
7402307,전남광주통합특별시교육청 전남광주통합특별시광주서부교육지원청 산정중학교,산정중학교,506053,현존,전남광주통합특별시 광산구 목련로22번길 31,062-960-5863,062-953-4707
7402308,전남광주통합특별시교육청 전남광주통합특별시광주서부교육지원청 숭의중학교,숭의중학교,503050,현존,전남광주통합특별시 남구 오방로 34-13,062-606-5900,(82-62)671-1518
7402309,전남광주통합특별시교육청 전남광주통합특별시광주서부교육지원청 광주송원중학교,광주송원중학교,503370,현존,전남광주통합특별시 남구 송암로 73,062-570-5906,062-570-5914
7402310,전남광주통합특별시교육청 전남광주통합특별시광주서부교육지원청 광덕중학교,광덕중학교,502242,현존,전남광주통합특별시 서구 화정로 202,062-380-6600,627106610
7402311,전남광주통합특별시교육청 전남광주통합특별시광주서부교육지원청 문성중학교,문성중학교,61701,현존,전남광주통합특별시 남구 제석로 73,626707600,626707505
7402312,전남광주통합특별시교육청 전남광주통합특별시광주서부교육지원청 광주서석중학교,광주서석중학교,502840,현존,전남광주통합특별시 서구 화정로253번길 27,062-360-3900,062-364-6692
7402313,전남광주통합특별시교육청 전남광주통합특별시광주서부교육지원청 대성여자중학교,대성여자중학교,503330,현존,전남광주통합특별시 남구 서문대로663번길 37,062-600-0960,062-671-0236
7402314,전남광주통합특별시교육청 전남광주통합특별시광주서부교육지원청 동아여자중학교,동아여자중학교,503062,현존,전남광주통합특별시 남구 오방로 16-10,062-650-1200,062-673-4781
7402315,전남광주통합특별시교육청 전남광주통합특별시광주서부교육지원청 정광중학교,정광중학교,,현존,전남광주통합특별시 광산구 소촌로 90-36,062-960-7400,062-945-5366
7402316,전남광주통합특별시교육청 전남광주통합특별시광주서부교육지원청 임곡중학교,임곡중학교,506350,현존,전남광주통합특별시 광산구 고봉로 812,062-960-1600,070-4324-0900
7402317,전남광주통합특별시교육청 전남광주통합특별시광주서부교육지원청 비아중학교,비아중학교,62254,현존,전남광주통합특별시 광산구 첨단중앙로181번길 42-26,062-970-2000,062-973-9668
7402318,전남광주통합특별시교육청 전남광주통합특별시광주서부교육지원청 장덕중학교,장덕중학교,506830,현존,전남광주통합특별시 광산구 수등로 11,062-717-8500,062-717-8510
7402319,전남광주통합특별시교육청 전남광주통합특별시광주서부교육지원청 대자중학교,대자중학교,502882,현존,전남광주통합특별시 서구 하남대로680번길 27,062-510-3800,062-510-3809
7402320,전남광주통합특별시교육청 전남광주통합특별시광주서부교육지원청 선운중학교,선운중학교,506100,현존,전남광주통합특별시 광산구 선운로20번길 37,062-717-9400,062-943-9411
7402321,전남광주통합특별시교육청 전남광주통합특별시광주서부교육지원청 수완하나중학교,수완하나중학교,506304,현존,전남광주통합특별시 광산구 수완로105번길 47,062-720-2600,062-720-2696
7402322,전남광주통합특별시교육청 전남광주통합특별시광주서부교육지원청 효천중학교,효천중학교,503350,현존,전남광주통합특별시 남구 서문대로 402,062-720-2200,062-720-2298
7402323,전남광주통합특별시교육청 전남광주통합특별시광주서부교육지원청 광주동성중학교,광주동성중학교,503843,현존,전남광주통합특별시 남구 서문대로627번길 20,062-670-4800,062-670-4888
7402324,전남광주통합특별시교육청 전남광주통합특별시광주서부교육지원청 광주동성여자중학교,광주동성여자중학교,503330,현존,전남광주통합특별시 남구 서문대로627번길 20,062-670-4900,062-670-4999
7402326,전남광주통합특별시교육청 전남광주통합특별시광주서부교육지원청 고실중학교,고실중학교,506251,현존,전남광주통합특별시 광산구 풍영로229번길 30,062-960-5600,062-960-5609
7402327,전남광주통합특별시교육청 전남광주통합특별시광주서부교육지원청 광주진흥중학교,광주진흥중학교,506306,현존,전남광주통합특별시 광산구 왕버들로 307,062-960-2240,062-956-4936
7402328,전남광주통합특별시교육청 전남광주통합특별시광주서부교육지원청 광주수피아여자중학교,광주수피아여자중학교,503040,현존,전남광주통합특별시 남구 백서로 13,062-720-8282,062-672-4566
7441012,대전광역시교육청 대전광역시동부교육지원청 대전가양중학교,대전가양중학교,300801,현존,대전광역시 동구 비래서로62번길 100,042-620-1500,042-626-3397
7441013,대전광역시교육청 대전광역시동부교육지원청 대전가오중학교,대전가오중학교,300050,현존,대전광역시 동구 은어송로 79,042-282-0425,042-285-0085
7441014,대전광역시교육청 대전광역시동부교육지원청 대전글꽃중학교,대전글꽃중학교,301131,현존,대전광역시 중구 계룡로918번길 103,042-250-0347,042-250-0319
7441015,대전광역시교육청 대전광역시동부교육지원청 대전대문중학교,대전대문중학교,301814,현존,대전광역시 중구 송리로 33,042-583-2596,042-583-2597
7441016,대전광역시교육청 대전광역시동부교육지원청 대전대청중학교,대전대청중학교,306814,현존,대전광역시 대덕구 신탄진동로 81,042-934-8860,042-934-8858
7441017,대전광역시교육청 대전광역시동부교육지원청 대전대화중학교,대전대화중학교,306817,현존,대전광역시 대덕구 대오길 9,042-634-4623,042-633-6451
7441018,대전광역시교육청 대전광역시동부교육지원청 대전동산중학교,대전동산중학교,301131,현존,대전광역시 중구 문화로 183,042-587-2702,042-587-2710
7441019,대전광역시교육청 대전광역시동부교육지원청 대전매봉중학교,대전매봉중학교,306813,현존,대전광역시 대덕구 선비마을로 165,042-620-0077,042-635-2475
7441020,대전광역시교육청 대전광역시동부교육지원청 대전문화여자중학교,대전문화여자중학교,301131,현존,대전광역시 중구 문화로218번길 63,042-580-1210,042-580-1250
7441021,대전광역시교육청 대전광역시동부교육지원청 대전법동중학교,대전법동중학교,306806,현존,대전광역시 대덕구 쌍청당로 55,042-336-3000,042-634-4506
7441022,대전광역시교육청 대전광역시동부교육지원청 대전송촌중학교,대전송촌중학교,306813,현존,대전광역시 대덕구 계족산로 110,042-627-4931-3,042-627-4934
7441023,대전광역시교육청 대전광역시동부교육지원청 대전여자중학교,대전여자중학교,301803,현존,대전광역시 중구 보문로230번길 69,042-332-4708,042-222-1901
7441024,대전광역시교육청 대전광역시동부교육지원청 대전용운중학교,대전용운중학교,300820,현존,대전광역시 동구 용운로 208,042-284-6653,042-285-2541
7441025,대전광역시교육청 대전광역시동부교육지원청 대전용전중학교,대전용전중학교,306050,현존,대전광역시 대덕구 한밭대로1146번길 46,042-620-1905,042-636-5106
7441026,대전광역시교육청 대전광역시동부교육지원청 대전은어송중학교,대전은어송중학교,300210,현존,대전광역시 동구 동구청로 26,042-281-5500,042-286-0269
7441028,대전광역시교육청 대전광역시동부교육지원청 대전중앙중학교,대전중앙중학교,301840,현존,대전광역시 중구 대종로 634,042-255-8582,042-253-6544
7441029,대전광역시교육청 대전광역시동부교육지원청 대전중학교,대전중학교,301805,현존,대전광역시 중구 수도산로 9,042-250-7802,042-250-7898
7441030,대전광역시교육청 대전광역시동부교육지원청 대전태평중학교,대전태평중학교,301151,현존,대전광역시 중구 수침로111번길 12,042-481-0870,042-537-0869
7441031,대전광역시교육청 대전광역시동부교육지원청 동대전중학교,동대전중학교,,현존,대전광역시 동구 충정로 73-6,042-330-8800,042-330-8850
7441032,대전광역시교육청 대전광역시동부교육지원청 동명중학교,동명중학교,301821,현존,대전광역시 중구 사득로54번길 29,042-272-6697,042-283-3790
7441033,대전광역시교육청 대전광역시동부교육지원청 동신중학교,동신중학교,34674,현존,대전광역시 동구 동부로 56-22,042-283-4081,042-274-1001
7441034,대전광역시교육청 대전광역시동부교육지원청 보문중학교,보문중학교,300812,현존,대전광역시 동구 우암로 57,042-620-6705,042-672-9365
7441036,대전광역시교육청 대전광역시동부교육지원청 신탄중앙중학교,신탄중앙중학교,306804,현존,대전광역시 대덕구 덕암로 233,042-331-3333,042-931-1019
7441037,대전광역시교육청 대전광역시동부교육지원청 신탄진중학교,신탄진중학교,306810,현존,대전광역시 대덕구 석봉로 15,042-930-0600,042-931-0452
7441038,대전광역시교육청 대전광역시동부교육지원청 오정중학교,오정중학교,306820,현존,대전광역시 대덕구 한남로150번길 135,042-627-0602,042-623-4273
7441039,대전광역시교육청 대전광역시동부교육지원청 우송중학교,우송중학교,300829,현존,대전광역시 동구 동대전로131번길 53,042-620-5050,042-623-0071
7441040,대전광역시교육청 대전광역시동부교육지원청 중리중학교,중리중학교,306827,현존,대전광역시 대덕구 중리동로 85,042-620-3015,042-625-1749
7441041,대전광역시교육청 대전광역시동부교육지원청 청란여자중학교,청란여자중학교,301816,현존,대전광역시 중구 보문로 95번길40,422538844,422536008
7441042,대전광역시교육청 대전광역시동부교육지원청 충남여자중학교,충남여자중학교,301807,현존,대전광역시 중구 동서대로 1368,042-253-7615,042-253-9462
7441043,대전광역시교육청 대전광역시동부교육지원청 충남중학교,충남중학교,300110,현존,대전광역시 동구 계족로 123,042-273-1692,042-282-7330
7441044,대전광역시교육청 대전광역시동부교육지원청 한밭여자중학교,한밭여자중학교,300808,현존,대전광역시 동구 동대전로110번길 74-57,042-623-2373,042-626-9994
7441045,대전광역시교육청 대전광역시동부교육지원청 한밭중학교,한밭중학교,300170,현존,대전광역시 동구 태전로 67,042-620-3950,042-620-3960
7441046,대전광역시교육청 대전광역시동부교육지원청 호수돈여자중학교,호수돈여자중학교,301825,현존,대전광역시 중구 선화로 50,042-221-1676,042-221-1677
7441047,대전광역시교육청 대전광역시동부교육지원청 회덕중학교,회덕중학교,306100,현존,대전광역시 대덕구 신탄진로218번길 22,042-621-3072,042-621-3071
7441263,대전광역시교육청 대전광역시동부교육지원청 대전대성여자중학교,대전대성여자중학교,300804,현존,대전광역시 동구 대성2길 20,042-670-3001,042-672-3730
7441264,대전광역시교육청 대전광역시동부교육지원청 대전대성중학교,대전대성중학교,301080,현존,대전광역시 중구 목동로 23,042-250-6000,042-254-2604
7441266,대전광역시교육청 대전광역시동부교육지원청 대전경덕중학교,대전경덕중학교,306819,현존,대전광역시 대덕구 동산초교로63번길 12,042-632-7823,042-621-7827
7441277,대전광역시교육청 대전광역시동부교육지원청 대전신일중학교,대전신일중학교,301815,현존,대전광역시 중구 부사로32번길 27,042-250-8500,042-221-1781
7451009,대전광역시교육청 대전광역시서부교육지원청 가수원중학교,가수원중학교,,현존,대전광역시 서구 가수원로 26,042-541-0145,042-541-6623
7451010,대전광역시교육청 대전광역시서부교육지원청 갈마중학교,갈마중학교,302807,현존,대전광역시 서구 계룡로326번길 138,042-714-2225,042-714-2220
7451011,대전광역시교육청 대전광역시서부교육지원청 기성중학교,기성중학교,302010,현존,대전광역시 서구 장안로 54,042-610-0200,042-585-5305
7451012,대전광역시교육청 대전광역시서부교육지원청 대덕중학교,대덕중학교,305350,현존,대전광역시 유성구 대덕대로 515,042-860-8907,042-862-3632
7451013,대전광역시교육청 대전광역시서부교육지원청 대전갑천중학교,대전갑천중학교,302283,현존,대전광역시 서구 월평동로 80,042-488-8600,042-485-1999
7451014,대전광역시교육청 대전광역시서부교육지원청 대전관저중학교,대전관저중학교,302812,현존,대전광역시 서구 관저동로 143,042-540-5881,042-545-4769
7451015,대전광역시교육청 대전광역시서부교육지원청 대전관평중학교,대전관평중학교,305509,현존,대전광역시 유성구 테크노4로 132,042-671-0811,042-671-0820
7451016,대전광역시교육청 대전광역시서부교육지원청 대전괴정중학교,대전괴정중학교,302816,현존,대전광역시 서구 가장로 15,042-530-1700,042-530-1731
7451017,대전광역시교육청 대전광역시서부교육지원청 대전구봉중학교,대전구봉중학교,302812,현존,대전광역시 서구 관저서로 86,042-540-7500,042-544-7558
7451018,대전광역시교육청 대전광역시서부교육지원청 대전남선중학교,대전남선중학교,302280,현존,대전광역시 서구 월평북로 41,042-484-6212,042-484-6215
7451019,대전광역시교육청 대전광역시서부교육지원청 대전내동중학교,대전내동중학교,302838,현존,대전광역시 서구 배재로 263,042-534-6154,042-522-2849
7451020,대전광역시교육청 대전광역시서부교육지원청 대전노은중학교,대전노은중학교,305325,현존,대전광역시 유성구 노은동로 104,042-479-5554,042-476-3158
7451021,대전광역시교육청 대전광역시서부교육지원청 대전느리울중학교,대전느리울중학교,302243,현존,대전광역시 서구 관저중로64번길 84,042-540-4500,042-544-0619
7451022,대전광역시교육청 대전광역시서부교육지원청 대전대신중학교,대전대신중학교,302840,현존,대전광역시 서구 오량1길 98,042-585-5908,042-585-1884
7451023,대전광역시교육청 대전광역시서부교육지원청 대전도마중학교,대전도마중학교,302162,현존,대전광역시 서구 도솔2길 22,042-520-1500,042-533-6397
7451024,대전광역시교육청 대전광역시서부교육지원청 대전동화중학교,대전동화중학교,305509,현존,대전광역시 유성구 관평2로 43,042-935-9617,042-935-9616
7451025,대전광역시교육청 대전광역시서부교육지원청 대전두리중학교,대전두리중학교,305802,현존,대전광역시 유성구 와룡로 37,042-935-8613,042-935-8618
7451026,대전광역시교육청 대전광역시서부교육지원청 대전둔산중학교,대전둔산중학교,302808,현존,대전광역시 서구 갈마역로25번길 70,042-486-6146,042-486-6149
7451027,대전광역시교육청 대전광역시서부교육지원청 대전둔원중학교,대전둔원중학교,302171,현존,대전광역시 서구 괴정로11번길 73,042-530-3200,042-534-5172
7451028,대전광역시교육청 대전광역시서부교육지원청 대전만년중학교,대전만년중학교,302834,현존,대전광역시 서구 만년남로 17,042-480-2851,042-486-8232
7451029,대전광역시교육청 대전광역시서부교육지원청 대전문정중학교,대전문정중학교,302123,현존,대전광역시 서구 둔산북로 232-11,042-486-0824,042-487-2071
7451030,대전광역시교육청 대전광역시서부교육지원청 대전문지중학교,대전문지중학교,305390,현존,대전광역시 유성구 전민로 53,042-863-0926,042-863-0928
7451031,대전광역시교육청 대전광역시서부교육지원청 대전버드내중학교,대전버드내중학교,302161,현존,대전광역시 서구 유등로 285,042-530-1500,042-527-2053
7451032,대전광역시교육청 대전광역시서부교육지원청 대전변동중학교,대전변동중학교,302190,현존,대전광역시 서구 도산로181번길 39,042-530-8503,042-523-3422
7451033,대전광역시교육청 대전광역시서부교육지원청 대전봉산중학교,대전봉산중학교,302838,현존,대전광역시 서구 배재로262번길 60,042-524-4585,042-522-4584
7451034,대전광역시교육청 대전광역시서부교육지원청 대전봉우중학교,대전봉우중학교,302812,현존,대전광역시 서구 관저로 102,042-543-7325,042-543-7327
7451035,대전광역시교육청 대전광역시서부교육지원청 대전삼육중학교,대전삼육중학교,302823,현존,대전광역시 서구 도림1길 15,042-522-0035,042-524-8208
7451036,대전광역시교육청 대전광역시서부교육지원청 대전삼천중학교,대전삼천중학교,302827,현존,대전광역시 서구 문정로 271,042-483-6733,042-489-6630
7451037,대전광역시교육청 대전광역시서부교육지원청 대전서중학교,대전서중학교,302816,현존,대전광역시 서구 동서대로997번길 57,042-522-4601,042-535-5001
7451038,대전광역시교육청 대전광역시서부교육지원청 대전송강중학교,대전송강중학교,305503,현존,대전광역시 유성구 와룡로 122,042-606-9000,042-934-7458
7451039,대전광역시교육청 대전광역시서부교육지원청 대전신계중학교,대전신계중학교,302840,현존,대전광역시 서구 복수동로 40-30,042-580-8000,042-586-4151
7451040,대전광역시교육청 대전광역시서부교육지원청 대전어은중학교,대전어은중학교,,현존,대전광역시 유성구 농대로 56,042-861-9764,042-863-1709
7451041,대전광역시교육청 대전광역시서부교육지원청 대전외삼중학교,대전외삼중학교,305150,현존,대전광역시 유성구 반석동로 75,042-332-1049,042-332-1057
7451042,대전광역시교육청 대전광역시서부교육지원청 대전월평중학교,대전월평중학교,302281,현존,대전광역시 서구 월평동로 21,042-600-7800,042-600-7899
7451043,대전광역시교육청 대전광역시서부교육지원청 대전자운중학교,대전자운중학교,305154,현존,대전광역시 유성구 자운로97번길 356,042-867-9371,042-867-9372
7451044,대전광역시교육청 대전광역시서부교육지원청 대전장대중학교,대전장대중학교,305308,현존,대전광역시 유성구 문화원로 26,042-824-6713,042-824-6718
7451045,대전광역시교육청 대전광역시서부교육지원청 대전전민중학교,대전전민중학교,305812,현존,대전광역시 유성구 엑스포로466번길 97,042-863-5797,042-861-3274
7451046,대전광역시교육청 대전광역시서부교육지원청 대전정림중학교,대전정림중학교,302110,현존,대전광역시 서구 괴곡길 70,042-586-8100,042-586-8107
7451048,대전광역시교육청 대전광역시서부교육지원청 대전지족중학교,대전지족중학교,305330,현존,대전광역시 유성구 노은동로 193,042-477-4630,042-477-4645
7451049,대전광역시교육청 대전광역시서부교육지원청 대전체육중학교,대전체육중학교,305315,현존,대전광역시 유성구 원신흥로40번길 6,042-820-5200,042-825-3446
7451050,대전광역시교육청 대전광역시서부교육지원청 대전탄방중학교,대전탄방중학교,302120,현존,대전광역시 서구 문정로 181,042-380-3100,042-471-5759
7451051,대전광역시교육청 대전광역시서부교육지원청 대전하기중학교,대전하기중학교,305358,현존,대전광역시 유성구 송림로48번길 6-30,042-714-0650,042-824-8369
7451052,대전광역시교육청 대전광역시서부교육지원청 동방여자중학교,동방여자중학교,302840,현존,대전광역시 서구 복수중로 27,042-580-3701,042-580-3709
7451053,대전광역시교육청 대전광역시서부교육지원청 성덕중학교,성덕중학교,305805,현존,대전광역시 유성구 신성로 19,042-861-6705,042-863-3253
7451054,대전광역시교육청 대전광역시서부교육지원청 유성중학교,유성중학교,305313,현존,대전광역시 유성구 상대로 33,042-822-1605,042-825-8049
7451055,대전광역시교육청 대전광역시서부교육지원청 진잠중학교,진잠중학교,305809,현존,대전광역시 유성구 진잠로 60-23,042-330-8000,042-543-2809
7451255,대전광역시교육청 대전광역시서부교육지원청 대전봉명중학교,대전봉명중학교,305301,현존,대전광역시 유성구 계룡로132번길 71,042-820-4800,042-826-6878
7451265,대전광역시교육청 대전광역시서부교육지원청 대전도안중학교,대전도안중학교,302318,현존,대전광역시 서구 원도안로 160,042-545-9701,042-545-9705
7451266,대전광역시교육청 대전광역시서부교육지원청 대전덕명중학교,대전덕명중학교,305320,현존,대전광역시 유성구 학하중앙로 61,042-364-1600,042-825-1678
7451303,대전광역시교육청 대전광역시서부교육지원청 대전새미래중학교,대전새미래중학교,305330,현존,대전광역시 유성구 지족동로 55,042-828-3800,042-828-3810
7451342,대전광역시교육청 대전광역시서부교육지원청 대전원신흥중학교,대전원신흥중학교,,현존,대전광역시 유성구 동서대로735번길 20,042-820-5600,042-826-9031
7451350,대전광역시교육청 대전광역시서부교육지원청 대전둔곡중학교,대전둔곡중학교,,현존,대전광역시 유성구 과학인재4길 10,042-620-9700,042-620-9890
7491148,울산광역시교육청 울산광역시강북교육지원청 강동중학교,강동중학교,683260,현존,울산광역시 북구 산음12길 10,052-295-0010,052-295-5675
7491149,울산광역시교육청 울산광역시강북교육지원청 남목중학교,남목중학교,682807,현존,울산광역시 동구 방어진순환도로 1155,052-710-4051,052-708-7081
7491150,울산광역시교육청 울산광역시강북교육지원청 남외중학교,남외중학교,681800,현존,울산광역시 중구 남외3길 50,052-710-4112,052-707-2505
7491151,울산광역시교육청 울산광역시강북교육지원청 농소중학교,농소중학교,683813,현존,울산광역시 북구 동대11길 39,052-295-5011,052-295-5285
7491152,울산광역시교육청 울산광역시강북교육지원청 다운중학교,다운중학교,681803,현존,울산광역시 중구 다운로 178,052-710-3001,052-225-3060
7491153,울산광역시교육청 울산광역시강북교육지원청 달천중학교,달천중학교,683470,현존,울산광역시 북구 가재길 51,052-710-4900,052-294-3230
7491154,울산광역시교육청 울산광역시강북교육지원청 대송중학교,대송중학교,682090,현존,울산광역시 동구 학문로 90,052-236-3740,052-236-3743
7491155,울산광역시교육청 울산광역시강북교육지원청 매곡중학교,매곡중학교,683420,현존,울산광역시 북구 매곡1로 59,052-286-5644,052-282-6050
7491157,울산광역시교육청 울산광역시강북교육지원청 무룡중학교,무룡중학교,681430,현존,울산광역시 중구 화합로 456,052-293-3824,052-292-6812
7491158,울산광역시교육청 울산광역시강북교육지원청 방어진중학교,방어진중학교,682090,현존,울산광역시 동구 학문로 100,052-235-8553,052-251-4095
7491159,울산광역시교육청 울산광역시강북교육지원청 상안중학교,상안중학교,683480,현존,울산광역시 북구 양지길 5,052-291-0797,052-291-0798
7491160,울산광역시교육청 울산광역시강북교육지원청 성안중학교,성안중학교,681300,현존,울산광역시 중구 성안2길 30,052-246-6614,052-246-6613
7491161,울산광역시교육청 울산광역시강북교육지원청 연암중학교,연암중학교,683804,현존,울산광역시 북구 사청1길 12,052-289-6496,052-289-6498
7491165,울산광역시교육청 울산광역시강북교육지원청 울산제일중학교,울산제일중학교,681320,현존,울산광역시 중구 태화로 77,052-247-1801,052-224-1456
7491166,울산광역시교육청 울산광역시강북교육지원청 울산중학교,울산중학교,681810,현존,울산광역시 중구 도화골15길 15,052-296-7703,052-297-0882
7491166,울산광역시교육청 울산광역시강북교육지원청 울산중학교,울산중학교,,현존,울산광역시 중구 종가7길 6,052-244-0613,052-244-0617
7491167,울산광역시교육청 울산광역시강북교육지원청 유곡중학교,유곡중학교,681818,현존,울산광역시 중구 유곡로 85,052-246-9140,052-246-9066
7491168,울산광역시교육청 울산광역시강북교육지원청 이화중학교,이화중학교,683808,현존,울산광역시 북구 산업로 1631,052-286-4121,052-286-3322
7491169,울산광역시교육청 울산광역시강북교육지원청 일산중학교,일산중학교,682810,현존,울산광역시 동구 진성15길 15,052-251-6862,052-232-9115
7491170,울산광역시교육청 울산광역시강북교육지원청 진장중학교,진장중학교,683350,현존,울산광역시 북구 진장10길 24,052-289-6483,052-289-6484
7491171,울산광역시교육청 울산광역시강북교육지원청 천곡중학교,천곡중학교,683500,현존,울산광역시 북구 고래로 38,052-286-6109,052-286-6096
7491172,울산광역시교육청 울산광역시강북교육지원청 학성여자중학교,학성여자중학교,681819,현존,울산광역시 중구 명정3길 12,052-247-2384,052-224-0678
7491173,울산광역시교육청 울산광역시강북교육지원청 현대중학교,현대중학교,682807,현존,울산광역시 동구 봉수로 453,052-230-7300,052-230-7350
7491174,울산광역시교육청 울산광역시강북교육지원청 현대청운중학교,현대청운중학교,682809,현존,울산광역시 동구 방어진순환도로 1073,052-230-7500,052-230-7676
7491175,울산광역시교육청 울산광역시강북교육지원청 호계중학교,호계중학교,683812,현존,울산광역시 북구 당수골5길 30,052-286-6921,052-286-6910
7491176,울산광역시교육청 울산광역시강북교육지원청 화봉중학교,화봉중학교,683300,현존,울산광역시 북구 통샘1길 2,052-287-6711,052-289-0803
7491177,울산광역시교육청 울산광역시강북교육지원청 화암중학교,화암중학교,682806,현존,울산광역시 동구 문현5길 35,052-201-9174,052-201-9156
7491178,울산광역시교육청 울산광역시강북교육지원청 화진중학교,화진중학교,682090,현존,울산광역시 동구 양지1길 45,052-251-1754,052-235-5363
7491179,울산광역시교육청 울산광역시강북교육지원청 효정중학교,효정중학교,683380,현존,울산광역시 북구 염포로 363,052-287-0809,052-287-4975
7491197,울산광역시교육청 울산광역시강북교육지원청 약사중학교,약사중학교,681430,현존,울산광역시 중구 평산4길 10,052-290-7500,052-281-2287
7491199,울산광역시교육청 울산광역시강북교육지원청 울산스포츠과학중학교,울산스포츠과학중학교,683260,현존,울산광역시 북구 산음3길 16,052-716-5010,070-8255-5034
7491206,울산광역시교육청 울산광역시강북교육지원청 외솔중학교,외솔중학교,681290,현존,울산광역시 중구 종가로 710,052-294-2420,052-296-9738
7491238,울산광역시교육청 울산광역시강북교육지원청 고헌중학교,고헌중학교,,현존,울산광역시 북구 박상진2로 81,052-901-8000,052-901-8098
7491245,울산광역시교육청 울산광역시강북교육지원청 가온중학교,가온중학교,681261,현존,울산광역시 중구 구교10길 60,052-294-5340,052-292-2584
7491254,울산광역시교육청 울산광역시강북교육지원청 명덕중학교,명덕중학교,682810,현존,울산광역시 동구 학문로 40,052-252-1638,052-235-7797
7501009,울산광역시교육청 울산광역시강남교육지원청 대현중학교,대현중학교,680030,현존,울산광역시 남구 왕생로86번길 33,052-267-7725,052-265-5912
7501010,울산광역시교육청 울산광역시강남교육지원청 동평중학교,동평중학교,680800,현존,울산광역시 남구 도산로77번길 13-34,052-272-7924,052-269-6715
7501011,울산광역시교육청 울산광역시강남교육지원청 무거중학교,무거중학교,680190,현존,울산광역시 남구 대학로1번길 17-18,052-710-5300,052-223-1364
7501012,울산광역시교육청 울산광역시강남교육지원청 문수중학교,문수중학교,680808,현존,울산광역시 남구 옥현로 6,052-277-8701,052-277-8703
7501013,울산광역시교육청 울산광역시강남교육지원청 삼호중학교,삼호중학교,680190,현존,울산광역시 남구 삼호로38번길 6,052-277-3687,052-224-0096
7501014,울산광역시교육청 울산광역시강남교육지원청 신일중학교,신일중학교,680830,현존,울산광역시 남구 두왕로 278,052-275-0631,052-268-5047
7501015,울산광역시교육청 울산광역시강남교육지원청 신정중학교,신정중학교,680844,현존,울산광역시 남구 은월로 11,052-269-2914,052-266-9878
7501016,울산광역시교육청 울산광역시강남교육지원청 야음중학교,야음중학교,680040,현존,울산광역시 남구 수암로 170,052-256-6875,052-256-6874
7501017,울산광역시교육청 울산광역시강남교육지원청 옥동중학교,옥동중학교,680845,현존,울산광역시 남구 법대로14번길 9,052-240-3600,052-269-4791
7501018,울산광역시교육청 울산광역시강남교육지원청 옥현중학교,옥현중학교,680808,현존,울산광역시 남구 문수로75번길 18,052-222-1805,052-222-1795
7501019,울산광역시교육청 울산광역시강남교육지원청 울산강남중학교,울산강남중학교,680817,현존,울산광역시 남구 돋질로 325번길,052-273-2570,052-265-4921
7501020,울산광역시교육청 울산광역시강남교육지원청 울산서여자중학교,울산서여자중학교,680833,현존,울산광역시 남구 문수로 432,052-267-3181,052-269-3970
7501021,울산광역시교육청 울산광역시강남교육지원청 울산중앙중학교,울산중앙중학교,680831,현존,울산광역시 남구 중앙로63번길 5,052-269-1747,052-273-0083
7501022,울산광역시교육청 울산광역시강남교육지원청 월평중학교,월평중학교,680010,현존,울산광역시 남구 중앙로204번길 31,052-272-9903,052-273-3491
7501023,울산광역시교육청 울산광역시강남교육지원청 태화중학교,태화중학교,680040,현존,울산광역시 남구 화합로71번길 24,052-220-6400,052-268-9165
7501024,울산광역시교육청 울산광역시강남교육지원청 학성중학교,학성중학교,680833,현존,울산광역시 남구 문수로 426,052-272-7480,052-272-7572
7501025,울산광역시교육청 울산광역시강남교육지원청 구영중학교,구영중학교,689852,현존,울산광역시 울주군 범서읍 점촌3길 46,052-711-2400,052-245-6644
7501026,울산광역시교육청 울산광역시강남교육지원청 범서중학교,범서중학교,689852,현존,울산광역시 울주군 범서읍 대리1길 16,052-946-7227,052-946-7297
7501027,울산광역시교육청 울산광역시강남교육지원청 천상중학교,천상중학교,689855,현존,울산광역시 울주군 범서읍 천상중앙길 161,052-248-5101,052-248-5110
7501028,울산광역시교육청 울산광역시강남교육지원청 남창중학교,남창중학교,689901,현존,울산광역시 울주군 온양읍 동상로 66,052-239-0625,052-239-0626
7501029,울산광역시교육청 울산광역시강남교육지원청 두광중학교,두광중학교,689833,현존,울산광역시 울주군 두서면 반구대로 1930-5,052-264-6012,052-262-6986
7501030,울산광역시교육청 울산광역시강남교육지원청 삼남중학교,삼남중학교,689811,현존,울산광역시 울주군 삼남읍 강당로 95,052-710-4300,052-708-7094
7501031,울산광역시교육청 울산광역시강남교육지원청 서생중학교,서생중학교,689882,현존,울산광역시 울주군 서생면 당물길 1,052-239-5001,052-239-4168
7501032,울산광역시교육청 울산광역시강남교육지원청 신언중학교,신언중학교,689806,현존,울산광역시 울주군 언양읍 방천9길 19,052-703-1211,052-703-1210
7501033,울산광역시교육청 울산광역시강남교육지원청 언양중학교,언양중학교,689804,현존,울산광역시 울주군 언양읍 북문13길 7,052-264-6537,052-264-6765
7501034,울산광역시교육청 울산광역시강남교육지원청 온산중학교,온산중학교,689893,현존,울산광역시 울주군 온산읍 명봉거남로 78,052-238-4120,052-700-4150
7501035,울산광역시교육청 울산광역시강남교육지원청 웅촌중학교,웅촌중학교,689872,현존,울산광역시 울주군 웅촌면 새초천길 13,052-225-4767,052-225-7550
7501036,울산광역시교육청 울산광역시강남교육지원청 청량중학교,청량중학교,689864,현존,울산광역시 울주군 청량읍 송전길 2,052-988-6789,052-988-6797
7501037,울산광역시교육청 울산광역시강남교육지원청 상북중학교,상북중학교,689821,현존,울산광역시 울주군 상북면 상북로 162,052-263-0760,052-264-4631
7501225,울산광역시교육청 울산광역시강남교육지원청 장검중학교,장검중학교,,현존,울산광역시 울주군 범서읍 장검1길 4,522259339,522259669
7541009,경기도교육청 경기도수원교육지원청 조원중학교,조원중학교,,현존,경기도 수원시 장안구 수일로233번길 35,031-242-0668,031-242-0438
7541010,경기도교육청 경기도수원교육지원청 세류중학교,세류중학교,441862,현존,경기도 수원시 권선구 덕영대로1031번길 6,031-898-9911,031-898-9912
7541011,경기도교육청 경기도수원교육지원청 영동중학교,영동중학교,,현존,경기도 수원시 영통구 망포로 84번길 3,031-203-2587,031-203-2586
7541012,경기도교육청 경기도수원교육지원청 고색중학교,고색중학교,,현존,경기도 수원시 권선구 매송고색로711번길 50,031-295-9472,031-295-9475
7541013,경기도교육청 경기도수원교육지원청 곡반중학교,곡반중학교,,현존,경기도 수원시 권선구 동수원로146번길 144-7,031-267-3143,031-267-3149
7541014,경기도교육청 경기도수원교육지원청 곡선중학교,곡선중학교,,현존,경기도 수원시 권선구 경수대로312번길 23-10,031-231-8330,031-235-3440
7541015,경기도교육청 경기도수원교육지원청 구운중학교,구운중학교,441819,현존,경기도 수원시 권선구 금호로 257,031-294-3012,031-294-3015
7541016,경기도교육청 경기도수원교육지원청 권선중학교,권선중학교,,현존,경기도 수원시 권선구 경수대로 239,031-237-3356,031-239-7354
7541017,경기도교육청 경기도수원교육지원청 남수원중학교,남수원중학교,441835,현존,경기도 수원시 권선구 권중로 162,031-233-9732,031-234-1794
7541018,경기도교육청 경기도수원교육지원청 동수원중학교,동수원중학교,443370,현존,경기도 수원시 영통구 동탄원천로1109번길 92,031-214-0041,031-214-0043
7541019,경기도교육청 경기도수원교육지원청 대평중학교,대평중학교,440300,현존,경기도 수원시 장안구 만석로68번길 7,031-269-2502,031-269-2679
7541020,경기도교육청 경기도수원교육지원청 명인중학교,명인중학교,440842,현존,경기도 수원시 장안구 정자천로134번길 37,031-249-1860,031-269-3495
7541021,경기도교육청 경기도수원교육지원청 매원중학교,매원중학교,443370,현존,경기도 수원시 영통구 매탄로 177,031-213-5585,031-212-0075
7541023,경기도교육청 경기도수원교육지원청 매현중학교,매현중학교,443848,현존,경기도 수원시 영통구 동탄원천로881번길 20,031-217-1653,031-217-1658
7541024,경기도교육청 경기도수원교육지원청 산남중학교,산남중학교,443372,현존,경기도 수원시 영통구 매영로 79,031-213-6105,031-212-8733
7541025,경기도교육청 경기도수원교육지원청 삼일중학교,삼일중학교,442160,현존,경기도 수원시 팔달구 수원천로 342,031-255-3133,031-247-5625
7541026,경기도교육청 경기도수원교육지원청 수성중학교,수성중학교,,현존,경기도 수원시 장안구 수성로363번길 2,031-255-0953,031-241-0785
7541027,경기도교육청 경기도수원교육지원청 수원중학교,수원중학교,442845,현존,경기도 수원시 팔달구 정조로 666-10,031-232-8215,031-236-7791
7541028,경기도교육청 경기도수원교육지원청 수원북중학교,수원북중학교,440816,현존,경기도 수원시 장안구 광교산로 37,031-243-7500,031-243-7509
7541029,경기도교육청 경기도수원교육지원청 수일여자중학교,수일여자중학교,440843,현존,경기도 수원시 장안구 수일로 145,031-248-2611,031-241-3829
7541030,경기도교육청 경기도수원교육지원청 수일중학교,수일중학교,440852,현존,경기도 수원시 장안구 수일로 103,031-246-6113,031-244-3818
7541031,경기도교육청 경기도수원교육지원청 숙지중학교,숙지중학교,,현존,경기도 수원시 팔달구 덕영대로735번길 23,031-369-5600,031-258-9687
7541032,경기도교육청 경기도수원교육지원청 연무중학교,연무중학교,443270,현존,경기도 수원시 영통구 센트럴타운로100번길 30,031-216-2982,031-216-2984
7541033,경기도교육청 경기도수원교육지원청 영덕중학교,영덕중학교,443809,현존,경기도 수원시 영통구 청명로 146,031-202-2292,031-202-2295
7541034,경기도교육청 경기도수원교육지원청 영복여자중학교,영복여자중학교,,현존,경기도 수원시 팔달구 장안로7번길 49,031-245-2514,031-241-4736
7541035,경기도교육청 경기도수원교육지원청 영신중학교,영신중학교,441850,현존,경기도 수원시 권선구 삼천병마로 1566-30,031-8012-8082,031-8012-8099
7541036,경기도교육청 경기도수원교육지원청 영일중학교,영일중학교,,현존,경기도 수원시 영통구 매영로 393,031-203-0053,031-203-0054
7541037,경기도교육청 경기도수원교육지원청 영통중학교,영통중학교,443811,현존,경기도 수원시 영통구 영통로 316,031-203-2093,031-203-2095
7541038,경기도교육청 경기도수원교육지원청 율전중학교,율전중학교,440824,현존,경기도 수원시 장안구 덕영대로381번길 59,031-548-8118,031-548-8100
7541039,경기도교육청 경기도수원교육지원청 율현중학교,율현중학교,16424,현존,경기도 수원시 팔달구 일월로22번길 60,031-298-9672,031-298-9675
7541040,경기도교육청 경기도수원교육지원청 원천중학교,원천중학교,443821,현존,경기도 수원시 영통구 동수원로551번길 38,031-211-4292,031-211-4279
7541041,경기도교육청 경기도수원교육지원청 이목중학교,이목중학교,440310,현존,경기도 수원시 장안구 장안로 426,031-547-5210,031-207-4402
7541042,경기도교육청 경기도수원교육지원청 천천중학교,천천중학교,440330,현존,경기도 수원시 장안구 정자로42번길 16,031-547-5000,031-547-5008
7541043,경기도교육청 경기도수원교육지원청 청명중학교,청명중학교,,현존,경기도 수원시 영통구 청명북로 118,031-547-4100,031-547-4219
7541044,경기도교육청 경기도수원교육지원청 칠보중학교,칠보중학교,441460,현존,경기도 수원시 권선구 금곡로 126,031-291-3481,031-291-3484
7541045,경기도교육청 경기도수원교육지원청 태장중학교,태장중학교,443470,현존,경기도 수원시 영통구 봉영로1517번길 45,031-201-9400,031-202-2239
7541046,경기도교육청 경기도수원교육지원청 호매실중학교,호매실중학교,441884,현존,경기도 수원시 권선구 금호로 32,031-8025-5500,031-291-4859
7541047,경기도교육청 경기도수원교육지원청 화홍중학교,화홍중학교,,현존,경기도 수원시 권선구 덕영대로1323번길 25-11,031-225-9917,031-225-9970
7541048,경기도교육청 경기도수원교육지원청 망포중학교,망포중학교,443400,현존,경기도 수원시 영통구 태장로82번길 15,031-273-9435,031-273-9355
7541049,경기도교육청 경기도수원교육지원청 정천중학교,정천중학교,,현존,경기도 수원시 팔달구 정자천로32번길 11,031-292-4918,031-292-4919
7541050,경기도교육청 경기도수원교육지원청 수원제일중학교,수원제일중학교,442857,현존,경기도 수원시 팔달구 수성로244번길 37-52,031-255-2953,031-247-3892
7541051,경기도교육청 경기도수원교육지원청 서호중학교,서호중학교,441853,현존,경기도 수원시 권선구 서호로 71,031-293-5207,031-293-5246
7541052,경기도교육청 경기도수원교육지원청 송원중학교,송원중학교,440801,현존,경기 수원시 장안구 송정로21번길 42,031-252-3545,031-241-4755
7541053,경기도교육청 경기도수원교육지원청 잠원중학교,잠원중학교,,현존,경기도 수원시 영통구 태장로 25,031-895-5004,031-895-5008
7541054,경기도교육청 경기도수원교육지원청 상촌중학교,상촌중학교,441842,현존,경기도 수원시 권선구 금곡로73번길 60,031-294-6721,031-294-3482
7541055,경기도교육청 경기도수원교육지원청 창용중학교,창용중학교,440813,현존,경기도 수원시 장안구 연무로8,031-548-1401,031-548-4131
7541056,경기도교육청 경기도수원교육지원청 동성중학교,동성중학교,442190,현존,경기도 수원시 팔달구 월드컵로 293,031-245-1437,031-241-5418
7541057,경기도교육청 경기도수원교육지원청 중앙기독중학교,중앙기독중학교,443380,현존,경기도 수원시 영통구 월드컵로 70,070-7018-1400,031-215-7500
7541058,경기도교육청 경기도수원교육지원청 수원원일중학교,수원원일중학교,443370,현존,경기도 수원시 영통구 삼성로213번길 122,031-218-0100,031-211-0167
7541059,경기도교육청 경기도수원교육지원청 매향중학교,매향중학교,442160,현존,경기도 수원시 팔달구 수원천로392번길 44-22,031-259-0888,031-259-0837
7541236,경기도교육청 경기도수원교육지원청 매탄중학교,매탄중학교,443370,현존,경기도 수원시 영통구 효원로 337,031-547-1442,031-547-1444
7541327,경기도교육청 경기도수원교육지원청 경기체육중학교,경기체육중학교,16322,현존,경기도 수원시 장안구 상률로 106,031-547-8700,031-269-2084
7541332,경기도교육청 경기도수원교육지원청 광교중학교,광교중학교,,현존,경기도 수원시 영통구 웰빙타운로 55,031-218-3520,031-218-3599
7541333,경기도교육청 경기도수원교육지원청 이의중학교,이의중학교,443280,현존,경기도 수원시 영통구 법조로 129,031-8006-2919,031-8006-2908
7541354,경기도교육청 경기도수원교육지원청 능실중학교,능실중학교,441884,현존,경기도 수원시 권선구 호매실로165번길 28-1,031-546-5690,031-296-8425
7541355,경기도교육청 경기도수원교육지원청 수원다산중학교,수원다산중학교,,현존,경기도 수원시 영통구 혜령로 12,031-259-5799,031-217-6716
7541405,경기도교육청 경기도수원교육지원청 광교호수중학교,광교호수중학교,,현존,경기도 수원시 영통구 월드컵로 8,031-895-2800,031-895-2899
7541467,경기도교육청 경기도수원교육지원청 규장중학교,규장중학교,,현존,경기도 수원시 권선구 덕영대로1190번길 152,031-8067-7630,031-8067-7634
7551009,경기도교육청 경기도성남교육지원청 늘푸른중학교,늘푸른중학교,463834,현존,경기도 성남시 분당구 정자일로 77,031-725-8801,031-725-8891
7551010,경기도교육청 경기도성남교육지원청 샛별중학교,샛별중학교,,현존,경기도 성남시 분당구 불정로 288,031-778-7302,031-778-7307
7551012,경기도교육청 경기도성남교육지원청 금광중학교,금광중학교,462802,현존,경기도 성남시 중원구 황송로 25,031-735-7922,031-735-7923
7551013,경기도교육청 경기도성남교육지원청 내정중학교,내정중학교,463864,현존,경기도 성남시 분당구 백현로 197,031-711-2026,031-711-2024
7551015,경기도교육청 경기도성남교육지원청 매송중학교,매송중학교,463807,현존,경기도 성남시 분당구 탄천로 49,031-706-0121-2,031-706-0125
7551016,경기도교육청 경기도성남교육지원청 백현중학교,백현중학교,463010,현존,경기도 성남시 분당구 황새울로 124,031-728-9109,031-714-1983
7551017,경기도교육청 경기도성남교육지원청 분당중학교,분당중학교,463834,현존,경기도 성남시 분당구 황새울로 4,031-714-2093,031-714-2095
7551018,경기도교육청 경기도성남교육지원청 불곡중학교,불곡중학교,,현존,경기도 성남시 분당구 금곡로 139,031-785-3123,031-714-2109
7551019,경기도교육청 경기도성남교육지원청 상원여자중학교,상원여자중학교,461800,현존,경기도 성남시 수정구 논골로35번길 6-1,031-747-5457,031-749-6654
7551020,경기도교육청 경기도성남교육지원청 서현중학교,서현중학교,463823,현존,경기도 성남시 분당구 중앙공원로 54-1,031-701-4503,031-701-6426
7551021,경기도교육청 경기도성남교육지원청 성남동중학교,성남동중학교,462803,현존,경기도 성남시 중원구 광명로361번길 23,031-747-5538,031-747-8197
7551022,경기도교육청 경기도성남교육지원청 성남문원중학교,성남문원중학교,461800,현존,경기도 성남시 수정구 논골로 79,031-779-1800,031-744-6272
7551023,경기도교육청 경기도성남교육지원청 성남서중학교,성남서중학교,461801,현존,경기도 성남시 수정구 희망로 496,031-739-6201,031-741-6653
7551024,경기도교육청 경기도성남교육지원청 성남여자중학교,성남여자중학교,461860,현존,경기도 성남시 수정구 공원로 446,031-737-7226,031-747-8088
7551025,경기도교육청 경기도성남교육지원청 성남중학교,성남중학교,462826,현존,경기도 성남시 중원구 원터로 64,031-751-8746,031-751-8749
7551026,경기도교육청 경기도성남교육지원청 수내중학교,수내중학교,463825,현존,경기도 성남시 분당구 수내로192번길 12,031-710-4700,031-711-2272
7551027,경기도교육청 경기도성남교육지원청 야탑중학교,야탑중학교,,현존,경기도 성남시 분당구 양현로 442,031-709-9013,031-709-9010
7551028,경기도교육청 경기도성남교육지원청 양영중학교,양영중학교,463818,현존,경기도 성남시 분당구 돌마로486번길 23,031-701-4470,031-701-4474
7551029,경기도교육청 경기도성남교육지원청 영성여자중학교,영성여자중학교,461802,현존,경기도 성남시 수정구 수정로 386,031-742-5182,031-742-5180
7551030,경기도교육청 경기도성남교육지원청 영성중학교,영성중학교,462839,현존,경기도 성남시 중원구 둔촌대로248번길 7,031-754-0868,031-756-1639
7551031,경기도교육청 경기도성남교육지원청 은행중학교,은행중학교,13151,현존,경기도 성남시 중원구 순환로379번길 20,031-739-3810,031-735-8738
7551032,경기도교육청 경기도성남교육지원청 이매중학교,이매중학교,463829,현존,경기 성남시 분당구 양현로 194,031-776-1000,031-703-0879
7551033,경기도교육청 경기도성남교육지원청 장안중학교,장안중학교,463832,현존,경기도 성남시 분당구 장안로 70,031-702-6236,031-707-3163
7551034,경기도교육청 경기도성남교육지원청 정자중학교,정자중학교,463834,현존,경기도 성남시 분당구 황새울로 60,031-784-6702,031-784-6704
7551035,경기도교육청 경기도성남교육지원청 창곡여자중학교,창곡여자중학교,461802,현존,경기도 성남시 수정구 수정로 400,031-746-9453,031-746-9450
7551036,경기도교육청 경기도성남교육지원청 창곡중학교,창곡중학교,461802,현존,경기도 성남시 수정구 수정로 402,031-746-9451,031-747-1372
7551037,경기도교육청 경기도성남교육지원청 청솔중학교,청솔중학교,463480,현존,경기도 성남시 분당구 금곡로 283,031-714-2326,031-714-2328
7551038,경기도교육청 경기도성남교육지원청 태평중학교,태평중학교,461823,현존,경기도 성남시 수정구 제일로 223,031-755-3506,031-755-3507
7551039,경기도교육청 경기도성남교육지원청 하탑중학교,하탑중학교,463839,현존,경기도 성남시 분당구 벌말로 11,031-706-2073,031-706-2075
7551041,경기도교육청 경기도성남교육지원청 성일중학교,성일중학교,,현존,경기도 성남시 중원구 시민로77번길 10-1,031-720-2700,031-756-8762
7551042,경기도교육청 경기도성남교육지원청 송림중학교,송림중학교,,현존,경기도 성남시 분당구 이매로 100,031-704-6702,031-704-6709
7551044,경기도교육청 경기도성남교육지원청 풍생중학교,풍생중학교,461807,현존,경기도 성남시 수정구 산성대로 111,031-751-0490,031-752-7875
7551045,경기도교육청 경기도성남교육지원청 이우중학교,이우중학교,463490,현존,경기도 성남시 분당구 동막로 287,031-711-9295,031-711-9209
7551151,경기도교육청 경기도성남교육지원청 도촌중학교,도촌중학교,462080,현존,경기도 성남시 중원구 도촌북로 50,031-755-2703,031-755-2718
7551152,경기도교육청 경기도성남교육지원청 수진중학교,수진중학교,461180,현존,경기도 성남시 수정구 모란로 55,031-697-4107,031-697-4108
7551156,경기도교육청 경기도성남교육지원청 보평중학교,보평중학교,463420,현존,경기도 성남시 분당구 동판교로 131,031-779-2263,031-8016-7927
7551157,경기도교육청 경기도성남교육지원청 삼평중학교,삼평중학교,13492,현존,경기도 성남시 분당구 대왕판교로644번길 77,031-8016-1012,031-8016-1014
7551158,경기도교육청 경기도성남교육지원청 운중중학교,운중중학교,463440,현존,경기도 성남시 분당구 운중로 96,031-270-7743,031-270-7799
7551159,경기도교육청 경기도성남교육지원청 판교중학교,판교중학교,463410,현존,경기도 성남시 분당구 판교원로 193,031-8016-5002,031-8016-5007
7551236,경기도교육청 경기도성남교육지원청 낙원중학교,낙원중학교,463410,현존,경기도 성남시 분당구 서판교로132번길 11,070-4288-4670,031-8017-0570
7551237,경기도교육청 경기도성남교육지원청 신백현중학교,신백현중학교,463420,현존,경기도 성남시 분당구 판교역로50번길 19,031-8017-0392,031-8017-0397
7551251,경기도교육청 경기도성남교육지원청 동광중학교,동광중학교,462130,현존,경기도 성남시 중원구 원터로 84,031-750-1600,031-754-3425
7551253,경기도교육청 경기도성남교육지원청 대원중학교,대원중학교,462802,현존,경기도 성남시 중원구 황송로 35,031-747-0547,031-744-5849
7551277,경기도교육청 경기도성남교육지원청 위례중앙중학교,위례중앙중학교,461210,현존,경기도 성남시 수정구 위례순환로 91,031-759-8681,031-759-8685
7551278,경기도교육청 경기도성남교육지원청 위례한빛중학교,위례한빛중학교,461210,현존,경기도 성남시 수정구 위례동로 85,031-5171-0600,031-5171-0620
7551287,경기도교육청 경기도성남교육지원청 창성중학교,창성중학교,,현존,경기도 성남시 수정구 수정로 400,031-742-5181,031-742-5180
7551297,경기도교육청 경기도성남교육지원청 판교대장중학교,판교대장중학교,,현존,경기도 성남시 분당구 판교대장로5길 71,031-724-0712,031-719-6903
7551333,경기도교육청 경기도성남교육지원청 분당구미중학교,분당구미중학교,,현존,경기도 성남시 분당구 구미로173번길 29,031-726-2852,031-726-2856
7551334,경기도교육청 경기도성남교육지원청 숭신중학교,숭신중학교,462803,현존,경기도 성남시 중원구 황송로77번길 34,031-747-0448,031-741-6454
7561003,경기도교육청 경기도의정부교육지원청 경민중학교,경민중학교,480100,현존,경기도 의정부시 서부로 545,031-828-7861,031-828-7956
7561004,경기도교육청 경기도의정부교육지원청 경민여자중학교,경민여자중학교,480811,현존,경기도 의정부시 서부로 545,031-828-7881,031-828-7957
7561005,경기도교육청 경기도의정부교육지원청 민락중학교,민락중학교,480861,현존,경기도 의정부시 오목로 151,031-850-7916,031-851-2145
7561006,경기도교육청 경기도의정부교육지원청 발곡중학교,발곡중학교,480071,현존,경기도 의정부시 회룡로 185,031-826-7525,031-826-6819
7561007,경기도교육청 경기도의정부교육지원청 부용중학교,부용중학교,480090,현존,경기도 의정부시 오목로 86,031-852-6301,031-852-6304
7561008,경기도교육청 경기도의정부교육지원청 신곡중학교,신곡중학교,480072,현존,경기도 의정부시 추동로24번길 23,031-844-2431,031-844-2433
7561010,경기도교육청 경기도의정부교육지원청 의정부중학교,의정부중학교,480814,현존,경기도 의정부시 가능로 75,031-876-0572,031-876-0574
7561011,경기도교육청 경기도의정부교육지원청 의정부여자중학교,의정부여자중학교,480814,현존,경기도 의정부시 신흥로365번길 40,031-873-8612,031-873-7998
7561012,경기도교육청 경기도의정부교육지원청 천보중학교,천보중학교,480130,현존,경기도 의정부시 부용로 61,031-849-8600,031-852-3767
7561013,경기도교육청 경기도의정부교육지원청 충의중학교,충의중학교,480090,현존,경기도 의정부시 용현로 125,031-850-3203,031-852-6066
7561014,경기도교육청 경기도의정부교육지원청 호원중학교,호원중학교,480020,현존,경기도 의정부시 호암로 205,031-829-0742,031-829-0744
7561015,경기도교육청 경기도의정부교육지원청 효자중학교,효자중학교,480864,현존,경기도 의정부시 부용로185번길 15,031-852-4136,031-852-4139
7561016,경기도교육청 경기도의정부교육지원청 회룡중학교,회룡중학교,480020,현존,경기도 의정부시 안말로 45,031-878-2234~6,031-878-2238
7561075,경기도교육청 경기도의정부교육지원청 금오중학교,금오중학교,480130,현존,경기도 의정부시 금신로 380,031-847-8201,031-847-8205
7561080,경기도교육청 경기도의정부교육지원청 녹양중학교,녹양중학교,480120,현존,경기도 의정부시 체육로 187,031-829-9742,031-829-9747
7561081,경기도교육청 경기도의정부교육지원청 동암중학교,동암중학교,480030,현존,경기도 의정부시 장곡로226번길 132,031-849-0300,031-894-7006
7561082,경기도교육청 경기도의정부교육지원청 솔뫼중학교,솔뫼중학교,11796,현존,경기도 의정부시 시민로 464-14,031-840-8612,031-840-8614
7561125,경기도교육청 경기도의정부교육지원청 송양중학교,송양중학교,480080,현존,경기도 의정부시 용민로 308,031-853-6551,031-853-6553
7561134,경기도교육청 경기도의정부교육지원청 다온중학교,다온중학교,480819,현존,경기도 의정부시 둔야로49번길 30,031-876-5074,031-872-7193
7561145,경기도교육청 경기도의정부교육지원청 훈민중학교,훈민중학교,,현존,경기도 의정부시 홈다리길 10,031-869-2500,031-869-2519
7569053,경기도교육청 경기도안양과천교육지원청 과천중학교,과천중학교,427010,현존,경기도 과천시 희망4길 33,02-330-6300,02-504-5788
7569054,경기도교육청 경기도안양과천교육지원청 과천문원중학교,과천문원중학교,,현존,경기도 과천시 코오롱로 57,02-507-4901,02-507-4905
7569055,경기도교육청 경기도안양과천교육지원청 관양중학교,관양중학교,431060,현존,경기도 안양시 동안구 관악대로339번길 35,031-384-9667,031-384-1960
7569056,경기도교육청 경기도안양과천교육지원청 귀인중학교,귀인중학교,,현존,경기도 안양시 동안구 귀인로190번길 114,"031-478-2800,2826",031-382-0049
7569057,경기도교육청 경기도안양과천교육지원청 대안중학교,대안중학교,431080,현존,경기도 안양시 동안구 흥안대로249번길 25,031-451-1982,031-452-7771
7569058,경기도교육청 경기도안양과천교육지원청 대안여자중학교,대안여자중학교,431080,현존,경기도 안양시 동안구 흥안대로223번길 46,031-453-1997,031-452-7606
7569059,경기도교육청 경기도안양과천교육지원청 범계중학교,범계중학교,431085,현존,경기도 안양시 동안구 동안로 56,031-383-0233,031-381-1598
7569060,경기도교육청 경기도안양과천교육지원청 부림중학교,부림중학교,431814,현존,경기도 안양시 동안구 달안로 95,031-381-2726,031-381-0229
7569061,경기도교육청 경기도안양과천교육지원청 부안중학교,부안중학교,431814,현존,경기도 안양시 동안구 달안로 170,031-387-4033,031-387-4035
7569062,경기도교육청 경기도안양과천교육지원청 비산중학교,비산중학교,431825,현존,경기도 안양시 동안구 평촌대로427번길 42,031-8084-9300,031-387-1203
7569063,경기도교육청 경기도안양과천교육지원청 신기중학교,신기중학교,431080,현존,경기도 안양시 동안구 경수대로610번길 57,031-459-4026,031-459-4028
7569064,경기도교육청 경기도안양과천교육지원청 신안중학교,신안중학교,430813,현존,경기도 안양시 만안구 능곡로 78,031-443-2513,031-445-4233
7569065,경기도교육청 경기도안양과천교육지원청 안양중학교,안양중학교,430811,현존,경기도 안양시 만안구 와룡로 53,031-342-9800,031-471-6508
7569066,경기도교육청 경기도안양과천교육지원청 안양부흥중학교,안양부흥중학교,431816,현존,경기도 안양시 동안구 달안로 25,031-381-0168,031-381-2317
7569067,경기도교육청 경기도안양과천교육지원청 안양서중학교,안양서중학교,430843,현존,경기도 안양시 만안구 창박로 26,031-447-1147,031-441-9117
7569069,경기도교육청 경기도안양과천교육지원청 연현중학교,연현중학교,,현존,경기도 안양시 만안구 석수로 462,031-474-1184,031-474-1187
7569070,경기도교육청 경기도안양과천교육지원청 인덕원중학교,인덕원중학교,431810,현존,경기도 안양시 동안구 벌말로 174,031-349-3267,031-422-4684
7569071,경기도교육청 경기도안양과천교육지원청 임곡중학교,임곡중학교,431051,현존,경기도 안양시 동안구 임곡로 105,031-8084-4100,031-465-4298
7569072,경기도교육청 경기도안양과천교육지원청 평촌중학교,평촌중학교,,현존,경기도 안양시 동안구 관평로 127,031-381-0050,031-381-8052
7569073,경기도교육청 경기도안양과천교육지원청 호계중학교,호계중학교,431830,현존,경기도 안양시 동안구 경수대로665번길 74-23,031-390-1616,031-390-1606
7569074,경기도교육청 경기도안양과천교육지원청 호성중학교,호성중학교,,현존,경기도 안양시 동안구 호성로 55,031-451-7921,031-451-7923
7569075,경기도교육청 경기도안양과천교육지원청 성문중학교,성문중학교,430018,현존,경기도 안양시 만안구 성문길 1,031-380-6484,031-446-1100
7569076,경기도교육청 경기도안양과천교육지원청 신성중학교,신성중학교,430016,현존,경기도 안양시 만안구 소곡로 93,031-469-2173,031-469-2761
7569077,경기도교육청 경기도안양과천교육지원청 안양여자중학교,안양여자중학교,430012,현존,경기도 안양시 만안구 안양로 357,031-428-0801,031-469-2202
7569110,경기도교육청 경기도안양과천교육지원청 근명중학교,근명중학교,430834,현존,경기도 안양시 만안구 삼덕로 49,031-446-1205,031-468-9949
7569192,경기도교육청 경기도안양과천교육지원청 박달중학교,박달중학교,430030,현존,경기도 안양시 만안구 박달로418번길 70,313613800,313613899
7569217,경기도교육청 경기도안양과천교육지원청 과천율목중학교,과천율목중학교,,현존,경기도 과천시 과천대로2길 37,02-3405-6900,02-3418-9672
7581010,경기도교육청 경기도부천교육지원청 계남중학교,계남중학교,420856,현존,경기도 부천시 조마루로 274,070-7096-6906,032-325-4805
7581011,경기도교육청 경기도부천교육지원청 내동중학교,내동중학교,421805,현존,경기도 부천시 삼작로108번길 53,070-7099-4932,032-682-7244
7581012,경기도교육청 경기도부천교육지원청 덕산중학교,덕산중학교,421170,현존,경기도 부천시 성오로 203,070-7099-5041,032-677-3365
7581013,경기도교육청 경기도부천교육지원청 부명중학교,부명중학교,,현존,경기도 부천시 조마루로 182,070-7099-4894,032-324-3188
7581014,경기도교육청 경기도부천교육지원청 부인중학교,부인중학교,420813,현존,경기도 부천시 상일로 62,070-7099-5005,032-321-4801
7581015,경기도교육청 경기도부천교육지원청 부일중학교,부일중학교,422812,현존,경기도 부천시 소사구 소사로 86,070-7099-5245,032-347-9760
7581016,경기도교육청 경기도부천교육지원청 부천남중학교,부천남중학교,422820,현존,경기도 부천시 성주로 148,070-7879-4190,032-657-9083
7581017,경기도교육청 경기도부천교육지원청 부천동여자중학교,부천동여자중학교,422826,현존,경기도 부천시 경인로484번길 36,070-7014-7816,032-348-0746
7581018,경기도교육청 경기도부천교육지원청 부천동중학교,부천동중학교,422826,현존,경기도 부천시 경인로484번길 36,070-7099-8089,032-349-9610
7581019,경기도교육청 경기도부천교육지원청 부천부곡중학교,부천부곡중학교,420020,현존,경기도 부천시 원미구 부흥로 284,070-7099-5339,032-665-9644
7581020,경기도교육청 경기도부천교육지원청 부천부흥중학교,부천부흥중학교,420849,현존,경기도 부천시 계남로 268,070-7099-0854,032-326-5216
7581023,경기도교육청 경기도부천교육지원청 부천여월중학교,부천여월중학교,,현존,경기도 부천시 오정구 성곡로57번길 25,070-7099-4560,032-673-8555
7581024,경기도교육청 경기도부천교육지원청 부천여자중학교,부천여자중학교,422040,현존,경기도 부천시 소사구 성주로23번길 22,032-223-0610,032-666-8551
7581025,경기도교육청 경기도부천교육지원청 부천일신중학교,부천일신중학교,,현존,경기도 부천시 소사구 범안로96번길 44,032-225-8711,032-351-0304
7581026,경기도교육청 경기도부천교육지원청 부천중학교,부천중학교,420020,현존,경기도 부천시 심중로75번길 64,070-7099-5125,032-611-9290
7581027,경기도교육청 경기도부천교육지원청 상도중학교,상도중학교,420030,현존,경기도 부천시 장말로 159,032-710-5296,032-323-4094
7581028,경기도교육청 경기도부천교육지원청 상동중학교,상동중학교,420030,현존,경기도 부천시 부흥로 19,070-7099-5191,032-326-5020
7581029,경기도교육청 경기도부천교육지원청 상일중학교,상일중학교,420032,현존,경기도 부천시 조마루로 69,032-710-6528,032-324-7676
7581030,경기도교육청 경기도부천교육지원청 석천중학교,석천중학교,420030,현존,경기도 부천시 원미구 계남로 71,070-7096-7361,032-328-3486
7581031,경기도교육청 경기도부천교육지원청 성곡중학교,성곡중학교,421824,현존,경기도 부천시 오정구 삼작로496번길 10-25,070-7099-9914,032-682-4714
7581032,경기도교육청 경기도부천교육지원청 성주중학교,성주중학교,,현존,경기도 부천시 성주로 24,070-7099-8820,032-651-3807
7581033,경기도교육청 경기도부천교육지원청 소사중학교,소사중학교,422233,현존,경기도 부천시 소사로102번길 80,032-347-5083,032-347-5085
7581034,경기도교육청 경기도부천교육지원청 심원중학교,심원중학교,420850,현존,경기도 부천시 계남로 352,7070995284,032-613-3693
7581035,경기도교육청 경기도부천교육지원청 역곡중학교,역곡중학교,420101,현존,경기도 부천시 역곡로58번길 27,070-7099-5927,032-348-9610
7581036,경기도교육청 경기도부천교육지원청 중원중학교,중원중학교,420024,현존,경기도 부천시 도약로 119,070-5161-9350,032-328-1893
7581037,경기도교육청 경기도부천교육지원청 중흥중학교,중흥중학교,420849,현존,경기도 부천시 원미구 신흥로 245,032-204-1094,032-323-1095
7581038,경기도교육청 경기도부천교육지원청 소명여자중학교,소명여자중학교,420818,현존,경기도 부천시 부일로 571번길 84,032-349-5526,032-349-5532
7581149,경기도교육청 경기도부천교육지원청 까치울중학교,까치울중학교,14485,현존,경기도 부천시 오정구 소사로 647,032-242-6500,032-684-3492
7581150,경기도교육청 경기도부천교육지원청 수주중학교,수주중학교,421800,현존,경기도 부천시 오정구 역곡로 524,070-7013-2503,032-681-7928
7581151,경기도교육청 경기도부천교육지원청 원미중학교,원미중학교,14561,현존,경기도 부천시 원미구 원미로182번길 15,070-7099-9551,032-665-1613
7581258,경기도교육청 경기도부천교육지원청 옥길중학교,옥길중학교,,현존,경기도 부천시 양지로 234-41,070-7013-9120,032-341-9101
7581267,경기도교육청 경기도부천교육지원청 도당중학교,도당중학교,,현존,경기도 부천시 평천로849번길 58,032-710-5920,070-5175-4743
7581289,경기도교육청 경기도부천교육지원청 범박중학교,범박중학교,,현존,경기도 부천시 양지남로 69-16,032-610-2700,032-610-2799
7581293,경기도교육청 경기도부천교육지원청 옥길새길중학교,옥길새길중학교,,현존,경기도 부천시 소사구 양지로166번길 45,032-860-6254,032-860-6240
7591003,경기도교육청 경기도광명교육지원청 가림중학교,가림중학교,423853,현존,경기도 광명시 오리로 616,02-6917-0200,02-895-7516
7591004,경기도교육청 경기도광명교육지원청 광남중학교,광남중학교,423817,현존,경기도 광명시 광명로 785,02-2617-6071,02-2619-1994
7591005,경기도교육청 경기도광명교육지원청 광명북중학교,광명북중학교,423830,현존,경기도 광명시 시청로 121,02-2687-3801,02-2689-3682
7591006,경기도교육청 경기도광명교육지원청 광명중학교,광명중학교,423834,현존,경기도 광명시 오리로876번길 27,02-2684-3669,02-2616-9170
7591007,경기도교육청 경기도광명교육지원청 광문중학교,광문중학교,423819,현존,경기도 광명시 덕단이로 43,02-2619-1728,02-2686-6689
7591008,경기도교육청 경기도광명교육지원청 소하중학교,소하중학교,423050,현존,경기도 광명시 소하일로 31,02-895-8389,02-895-8388
7591009,경기도교육청 경기도광명교육지원청 안서중학교,안서중학교,,현존,경기도 광명시 기아로13번안길 9-9,02-6911-4200,02-899-2590
7591010,경기도교육청 경기도광명교육지원청 철산중학교,철산중학교,423033,현존,경기도 광명시 철망산로 71,02-2610-4500,02-2610-4598
7591011,경기도교육청 경기도광명교육지원청 충현중학교,충현중학교,423052,현존,경기도 광명시 서원로 42,02-6278-4000,02-897-0057
7591012,경기도교육청 경기도광명교육지원청 하안중학교,하안중학교,423064,현존,경기도 광명시 안현로 80-1,02-895-8505,02-896-8506
7591013,경기도교육청 경기도광명교육지원청 하안북중학교,하안북중학교,423854,현존,경기도 광명시 가림로 22,02-898-3820,02-898-7497
7591099,경기도교육청 경기도광명교육지원청 빛가온중학교,빛가온중학교,,현존,경기도 광명시 오리로84번길 16,02-3397-4200,02-899-7231
7602005,경기도교육청 경기도동두천양주교육지원청 고암중학교,고암중학교,482060,현존,경기도 양주시 고암길 305-18,031-859-2253,031-859-2255
7602013,경기도교육청 경기도동두천양주교육지원청 남문중학교,남문중학교,482873,현존,경기도 양주시 남면 개나리18길 1,031-863-3837,031-863-8066
7602014,경기도교육청 경기도동두천양주교육지원청 덕계중학교,덕계중학교,482050,현존,경기도 양주시 평화로1416번길 66-13,031-864-0684,031-864-0687
7602019,경기도교육청 경기도동두천양주교육지원청 덕정중학교,덕정중학교,,현존,경기도 양주시 화합로 1397,031-858-1075,031-859-4203
7602022,경기도교육청 경기도동두천양주교육지원청 덕현중학교,덕현중학교,482020,현존,경기도 양주시 고읍로35번길 21,031-856-9764,031-856-9772
7602028,경기도교육청 경기도동두천양주교육지원청 동두천여자중학교,동두천여자중학교,483031,현존,경기도 동두천시 평화로2452번길 31,031-860-7400,031-864-0852
7602029,경기도교육청 경기도동두천양주교육지원청 동두천중앙중학교,동두천중앙중학교,483020,현존,,031-863-4586,031-863-0420
7602030,경기도교육청 경기도동두천양주교육지원청 동두천중학교,동두천중학교,483707,현존,경기도 동두천시 평화로2434번길 8,031-860-1400,031-865-9287
7602046,경기도교육청 경기도동두천양주교육지원청 삼숭중학교,삼숭중학교,,현존,경기도 양주시 삼숭로38번길 136,031-840-8160,031-840-8161
7602052,경기도교육청 경기도동두천양주교육지원청 생연중학교,생연중학교,483032,현존,경기도 동두천시 생연로 46,031-857-9972,031-857-9919
7602060,경기도교육청 경기도동두천양주교육지원청 신흥중학교,신흥중학교,483090,현존,경기도 동두천시 신천로 159,031-862-1033,031-865-3168
7602065,경기도교육청 경기도동두천양주교육지원청 양주백석중학교,양주백석중학교,482836,현존,경기도 양주시 백석읍 양주산성로574번길 38,031-855-1201,031-855-1205
7602078,경기도교육청 경기도동두천양주교육지원청 조양중학교,조양중학교,482840,현존,경기도 양주시 광적면 부흥로 757,031-836-2182,031-836-2151
7602089,경기도교육청 경기도동두천양주교육지원청 회천중학교,회천중학교,482010,현존,경기도 양주시 고암길 77,031-864-9460,031-864-9466
7602099,경기도교육청 경기도동두천양주교육지원청 송내중앙중학교,송내중앙중학교,483010,현존,경기도 동두천시 중앙로 78,031-859-6315~8,031-859-4968
7602133,경기도교육청 경기도동두천양주교육지원청 옥정중학교,옥정중학교,482130,현존,경기도 양주시 옥정로5길 55,031-860-4800,031-860-4802
7602145,경기도교육청 경기도동두천양주교육지원청 옥빛중학교,옥빛중학교,482130,현존,경기도 양주시 옥정동로3길 57,031-894-0899,"031-894-0810,0825"
7602152,경기도교육청 경기도동두천양주교육지원청 한빛누리중학교,한빛누리중학교,483710,현존,경기도 동두천시 동광로 124,031-863-8338,031-864-2443
7602153,경기도교육청 경기도동두천양주교육지원청 율정중학교,율정중학교,482150,현존,경기도 양주시 옥정동로 245-7,031-868-9297,031-868-9295
7602160,경기도교육청 경기도동두천양주교육지원청 회암중학교,회암중학교,,현존,경기도 양주시 옥정서로5길 27-19,031-951-8600,031-951-8699
7611009,경기도교육청 경기도안산교육지원청 초지중학교,초지중학교,,현존,경기도 안산시 단원구 광덕3로 48,031-8040-8472,031-405-5775
7611010,경기도교육청 경기도안산교육지원청 석호중학교,석호중학교,426170,현존,경기도 안산시 상록구 석호공원로4길 8,031-364-1400,031-364-1497
7611011,경기도교육청 경기도안산교육지원청 관산중학교,관산중학교,425850,현존,경기도 안산시 단원구 삼일로 184,031-487-8104,070-4855-2113
7611012,경기도교육청 경기도안산교육지원청 대부중학교,대부중학교,,현존,경기도 안산시 단원구 대부중앙로 3,032-886-4272,032-886-4279
7611013,경기도교육청 경기도안산교육지원청 반월중학교,반월중학교,426200,현존,경기도 안산시 상록구 남산평길 25,031-487-2102,031-487-2109
7611014,경기도교육청 경기도안산교육지원청 본오중학교,본오중학교,426813,현존,경기도 안산시 상록구 본오로 90,031-400-8666,031-487-7645
7611015,경기도교육청 경기도안산교육지원청 상록중학교,상록중학교,426183,현존,경기도 안산시 상록구 각골로4길 29,031-487-7623,031-487-7624
7611016,경기도교육청 경기도안산교육지원청 선부중학교,선부중학교,,현존,경기 안산시 단원구 달미로 95,031-487-7614,031-487-7616
7611017,경기도교육청 경기도안산교육지원청 선일중학교,선일중학교,425142,현존,경기도 안산시 단원구 선부광장서로 59,031-503-9001,031-484-9083
7611018,경기도교육청 경기도안산교육지원청 성포중학교,성포중학교,426854,현존,경기도 안산시 상록구 월피로 73,031-8063-1600,031-487-7505
7611019,경기도교육청 경기도안산교육지원청 시곡중학교,시곡중학교,426170,현존,경기도 안산시 상록구 감골로 123,031-363-8140,031-363-8199
7611020,경기도교육청 경기도안산교육지원청 안산부곡중학교,안산부곡중학교,426821,현존,경기도 안산시 상록구 부곡로 15,031-487-2235,031-487-2240
7611021,경기도교육청 경기도안산교육지원청 양지중학교,양지중학교,425021,현존,경기도 안산시 단원구 안산천남로 119,031-489-9711,031-414-3038
7611022,경기도교육청 경기도안산교육지원청 와동중학교,와동중학교,425840,현존,경기도 안산시 단원구 사세충열로 54,031-485-7617,031-485-7618
7611023,경기도교육청 경기도안산교육지원청 원곡중학교,원곡중학교,425850,현존,경기도 안산시 단원구 원선로 81,031-599-9701,031-487-7266
7611024,경기도교육청 경기도안산교육지원청 원일중학교,원일중학교,425140,현존,경기도 안산시 단원구 석수로 32,031-487-7283,031-487-7285
7611025,경기도교육청 경기도안산교육지원청 중앙중학교,중앙중학교,425805,현존,경기도 안산시 단원구 안산천서로 65,031-8042-2775,031-487-8280
7611026,경기도교육청 경기도안산교육지원청 안산중학교,안산중학교,426410,현존,경기도 안산시 상록구 수인로 1981,031-482-7532,031-483-6183
7611027,경기도교육청 경기도안산교육지원청 경수중학교,경수중학교,426837,현존,경기도 안산시 상록구 삼일로 678,031-412-4100,031-412-4108
7611028,경기도교육청 경기도안산교육지원청 성안중학교,성안중학교,,현존,경기도 안산시 상록구 석호로 81,031-362-4288,031-437-3587
7611029,경기도교육청 경기도안산교육지원청 별망중학교,별망중학교,425866,현존,경기도 안산시 단원구 초지1로 35,031-482-3263,031-482-3262
7611030,경기도교육청 경기도안산교육지원청 송호중학교,송호중학교,,현존,경기도 안산시 단원구 광덕3로 240,031-414-2349,031-414-2473
7611118,경기도교육청 경기도안산교육지원청 석수중학교,석수중학교,,현존,경기도 안산시 단원구 선부로 133,031-504-1551,031-475-9966
7611120,경기도교육청 경기도안산교육지원청 단원중학교,단원중학교,425800,현존,경기도 안산시 단원구 단원로 27,031-475-1383,031-475-1384
7611122,경기도교육청 경기도안산교육지원청 안산성호중학교,안산성호중학교,,현존,경기도 안산시 상록구 구룡서길 21-11,031-408-2896,031-408-2917
7611124,경기도교육청 경기도안산교육지원청 안산해양중학교,안산해양중학교,,현존,경기도 안산시 상록구 해양로 11,031-3621-300,031-415-0287
7611129,경기도교육청 경기도안산교육지원청 광덕중학교,광덕중학교,426855,현존,경기도 안산시 상록구 광덕산3로 15,031-362-7373,031-362-6197
7611133,경기도교육청 경기도안산교육지원청 신길중학교,신길중학교,425120,현존,경기도 안산시 단원구 신길로 81,031-364-3220,031-508-5327
7611187,경기도교육청 경기도안산교육지원청 이호중학교,이호중학교,426180,현존,경기도 안산시 상록구 충장로 50,031-415-2757,031-415-2756
7611223,경기도교육청 경기도안산교육지원청 안산해솔중학교,안산해솔중학교,,현존,경기도 안산시 상록구 해양5로 10,031-8085-1600,031-8085-1666
7621009,경기도교육청 경기도고양교육지원청 현산중학교,현산중학교,411310,현존,경기도 고양시 일산서구 일청로 85,031-9108-300,031-9108-377
7621010,경기도교육청 경기도고양교육지원청 목암중학교,목암중학교,412500,현존,경기도 고양시 덕양구 푸른마을로 65,031-960-0610,031-962-1584
7621011,경기도교육청 경기도고양교육지원청 가람중학교,가람중학교,,현존,경기도 고양시 덕양구 화신로 122,031-930-4821,031-973-2244
7621012,경기도교육청 경기도고양교육지원청 고양중학교,고양중학교,,현존,경기도 고양시 덕양구 동세로 82,02-350-1115,02-381-6499
7621013,경기도교육청 경기도고양교육지원청 능곡중학교,능곡중학교,412818,현존,경기도 고양시 덕양구 행당로11번길 48,031-974-7006,031-974-7005
7621014,경기도교육청 경기도고양교육지원청 대송중학교,대송중학교,,현존,경기도 고양시 일산서구 송포로 49,031-910-1890,031-924-5893
7621015,경기도교육청 경기도고양교육지원청 대화중학교,대화중학교,411805,현존,경기도 고양시 일산서구 고양대로 348,031-914-0524,031-914-0525
7621017,경기도교육청 경기도고양교육지원청 덕양중학교,덕양중학교,412160,현존,경기도 고양시 덕양구 중앙로176번길 18-29,02-3158-4896,02-3158-5351
7621018,경기도교육청 경기도고양교육지원청 무원중학교,무원중학교,412220,현존,경기도 고양시 덕양구 무원로 45,031-974-9995,031-974-9998
7621019,경기도교육청 경기도고양교육지원청 발산중학교,발산중학교,411370,현존,경기도 고양시 일산서구 고봉로 99,031-910-9999,031-910-9888
7621020,경기도교육청 경기도고양교육지원청 백마중학교,백마중학교,410350,현존,경기도 고양시 일산동구 강촌로 189,031-902-2813,031-902-2816
7621021,경기도교육청 경기도고양교육지원청 백석중학교,백석중학교,,현존,경기도 고양시 일산동구 호수로 404,031-960-6789,031-904-4075
7621022,경기도교육청 경기도고양교육지원청 백신중학교,백신중학교,104-15,현존,경기도 고양시 일산동구 강촌로 89,031-901-1741,031-901-1748
7621023,경기도교육청 경기도고양교육지원청 백양중학교,백양중학교,,현존,경기도 고양시 덕양구 화신로 236,031-971-4005,031-971-4007
7621024,경기도교육청 경기도고양교육지원청 신능중학교,신능중학교,,현존,경기도 고양시 덕양구 충장로,031-930-2823,031-973-2249
7621025,경기도교육청 경기도고양교육지원청 신일중학교,신일중학교,411313,현존,경기도 고양시 일산서구 고봉로 177,031-912-4053,031-912-4054
7621026,경기도교육청 경기도고양교육지원청 오마중학교,오마중학교,411370,현존,경기도 고양시 일산서구 주엽로 213,031-606-9113-5,031-606-9110
7621027,경기도교육청 경기도고양교육지원청 원당중학교,원당중학교,412809,현존,경기도 고양시 덕양구 마상로 1,031-960-1910,031-966-0934
7621028,경기도교육청 경기도고양교육지원청 일산동중학교,일산동중학교,411320,현존,경기도 고양시 일산서구 현중로 48,031-914-0212,031-914-0215
7621029,경기도교육청 경기도고양교육지원청 일산중학교,일산중학교,411826,현존,경기도 고양시 일산서구 원일로 53,031-839-6900,031-975-1980
7621030,경기도교육청 경기도고양교육지원청 장성중학교,장성중학교,411410,현존,경기도 고양시 일산서구 대산로 254,031-929-1821,031-911-1767
7621031,경기도교육청 경기도고양교육지원청 저동중학교,저동중학교,410829,현존,경기도 고양시 일산동구 무궁화로 159,031-915-1903,031-915-1905
7621032,경기도교육청 경기도고양교육지원청 정발중학교,정발중학교,410350,현존,경기도 고양시 일산동구 정발산로 115,031-902-3381,031-902-3385
7621033,경기도교육청 경기도고양교육지원청 중산중학교,중산중학교,410831,현존,경기도 고양시 일산동구 탄중로 361,031-960-6301,031-977-6495
7621034,경기도교육청 경기도고양교육지원청 지도중학교,지도중학교,412272,현존,경기도 고양시 덕양구 성신로 46,031-830-8000,031-973-2254
7621035,경기도교육청 경기도고양교육지원청 한수중학교,한수중학교,411370,현존,경기도 고양시 일산서구 주엽로 117,031-929-4700,031-912-4070
7621036,경기도교육청 경기도고양교육지원청 행신중학교,행신중학교,412220,현존,경기도 고양시 덕양구 화신로 22,031-970-2334,031-970-2336
7621037,경기도교육청 경기도고양교육지원청 호곡중학교,호곡중학교,411839,현존,경기도 고양시 일산서구 탄현로 110,031-929-2500,031-929-2566
7621038,경기도교육청 경기도고양교육지원청 화수중학교,화수중학교,412270,현존,경기도 고양시 덕양구 화수로 47,031-965-4385,031-965-4386
7621039,경기도교육청 경기도고양교육지원청 화정중학교,화정중학교,412270,현존,경기도 고양시 덕양구 화신로 343,031-930-1900,031-930-1903
7621167,경기도교육청 경기도고양교육지원청 고양송산중학교,고양송산중학교,411440,현존,경기도 고양시 일산서구 가좌2로 15,031-910-1319,031-925-8320
7621168,경기도교육청 경기도고양교육지원청 풍동중학교,풍동중학교,,현존,경기도 고양시 일산동구 숲속마을1로 101,031-811-2111/031-811-2012,031-932-8748
7621180,경기도교육청 경기도고양교육지원청 안곡중학교,안곡중학교,410315,현존,경기도 고양시 일산동구 하늘마을로 93,031-830-2900,031-977-7116
7621181,경기도교육청 경기도고양교육지원청 풍산중학교,풍산중학교,410330,현존,경기도 고양시 일산동구 숲속마을1로 33,031-903-1127,031-906-1127
7621186,경기도교육청 경기도고양교육지원청 서정중학교,서정중학교,412220,현존,경기도 고양시 덕양구 서정마을로 22,031-970-1691,031-970-1692
7621187,경기도교육청 경기도고양교육지원청 성사중학교,성사중학교,,현존,경기도 고양시 덕양구 호국로 887,031-967-2516,031-967-2518
7621290,경기도교육청 경기도고양교육지원청 일산양일중학교,일산양일중학교,410050,현존,경기도 고양시 일산동구 위시티3로 47,031-960-1510,031-966-7701
7621299,경기도교육청 경기도고양교육지원청 덕이중학교,덕이중학교,,현존,경기도 고양시 일산서구 하이파크3로,031-913-7861,031-913-7864
7621314,경기도교육청 경기도고양교육지원청 신원중학교,신원중학교,,현존,경기도 고양시 덕양구 신원2로,02-381-0992,02-381-0994
7621320,경기도교육청 경기도고양교육지원청 고양제일중학교,고양제일중학교,412803,현존,경기도 고양시 덕양구 통일로 820,031-969-8072,031-962-4722
7621365,경기도교육청 경기도고양교육지원청 향동중학교,향동중학교,,현존,경기도 고양시 덕양구 향동1로 38,02-3153-5300,02-3159-3990
7621375,경기도교육청 경기도고양교육지원청 지축중학교,지축중학교,,현존,경기도 고양시 덕양구 오부자2길 14,02-3700-5600,02-381-9863
7621395,경기도교육청 경기도고양교육지원청 덕은한강중학교,덕은한강중학교,,현존,경기도 고양시 덕양구 대덕산로 111,031-994-6902,031-994-6920
7621408,경기도교육청 경기도고양교육지원청 원흥중학교,원흥중학교,412040,현존,경기도 고양시 덕양구 원흥1로 10,031-994-3480,031-994-3476
7631003,경기도교육청 경기도평택교육지원청 비전중학교,비전중학교,450150,현존,경기도 평택시 평남로 972,031-615-2410,031-657-1743
7631004,경기도교육청 경기도평택교육지원청 장당중학교,장당중학교,,현존,경기도 평택시 장당길 40,031-615-3500,031-667-3080
7631005,경기도교육청 경기도평택교육지원청 송탄중학교,송탄중학교,459110,현존,경기도 평택시 지산3로10번길 5,031-667-5985,031-667-5988
7631006,경기도교육청 경기도평택교육지원청 청북중학교,청북중학교,451831,현존,경기도 평택시 청북읍 건의길 46,031-683-5032,031-683-3751
7631007,경기도교육청 경기도평택교육지원청 평택여자중학교,평택여자중학교,450152,현존,경기도 평택시 평택4로 60,031-690-0910,031-690-0999
7631008,경기도교육청 경기도평택교육지원청 평택중학교,평택중학교,,현존,경기도 평택시 용죽2로 95,031-646-5000,031-646-5099
7631009,경기도교육청 경기도평택교육지원청 포승중학교,포승중학교,451823,현존,경기도 평택시 포승읍 서동대로 1138,031-681-2760,031-681-1819
7631010,경기도교육청 경기도평택교육지원청 세교중학교,세교중학교,450817,현존,경기도 평택시 영신로 198,031-615-9100,031-651-9103
7631011,경기도교육청 경기도평택교육지원청 신한중학교,신한중학교,450152,현존,경기도 평택시 신한1길,031-653-8116,031-651-3102
7631012,경기도교육청 경기도평택교육지원청 안중중학교,안중중학교,451885,현존,경기도 평택시 안중읍 안중믿음길 32,031-683-3107,031-683-3109
7631013,경기도교육청 경기도평택교육지원청 오성중학교,오성중학교,,현존,경기도 평택시 오성면 오성새싹길 6,031-681-1100,031-681-3350
7631014,경기도교육청 경기도평택교육지원청 진위중학교,진위중학교,451861,현존,경기도 평택시 진위면 진위서로 47,031-646-0100,031-668-1308
7631015,경기도교육청 경기도평택교육지원청 청담중학교,청담중학교,451803,현존,경기도 평택시 팽성읍 부용로56번길 20,031-691-8801,031-691-2321
7631016,경기도교육청 경기도평택교육지원청 태광중학교,태광중학교,459120,현존,경기도 평택시 탄현1로 155,031-646-5212,031-611-5607
7631017,경기도교육청 경기도평택교육지원청 한광여자중학교,한광여자중학교,450152,현존,경기도 평택시 중앙1로 115,031-651-3128,031-651-3135
7631018,경기도교육청 경기도평택교육지원청 한광중학교,한광중학교,450152,현존,경기도 평택시 중앙1로 115,031-651-3118,031-651-3107
7631019,경기도교육청 경기도평택교육지원청 효명중학교,효명중학교,459020,현존,경기도 평택시 송탄로 51,031-611-5000,031-611-5005
7631020,경기도교육청 경기도평택교육지원청 현화중학교,현화중학교,451885,현존,경기도 평택시 안중읍 현화중앙길 41,031-615-5042,031-615-5009
7631119,경기도교육청 경기도평택교육지원청 은혜중학교,은혜중학교,,현존,경기 평택시 장안웃길 66,031-612-1000,031-611-1092
7631122,경기도교육청 경기도평택교육지원청 안일중학교,안일중학교,451885,현존,경기도 평택시 안중읍 안중로 25,031-660-9801,031-681-2158
7631124,경기도교육청 경기도평택교육지원청 이충중학교,이충중학교,459030,현존,경기도 평택시 이충로35번길 5,031-615-3700,031-668-0044
7631125,경기도교육청 경기도평택교육지원청 도곡중학교,도곡중학교,,현존,경기도 평택시 포승읍 여술로 58,031-686-8562,031-686-8566
7631183,경기도교육청 경기도평택교육지원청 청옥중학교,청옥중학교,451832,현존,경기도 평택시 청북읍 안청로1길 11,031-686-6341,031-686-6343
7631216,경기도교육청 경기도평택교육지원청 라온중학교,라온중학교,459010,현존,경기도 평택시 경기대로1376번길 38-6,031-615-3390,031-666-7434
7631223,경기도교육청 경기도평택교육지원청 용이중학교,용이중학교,,현존,경기도 평택시 현신로 64,031-650-5211,031-658-5205
7631265,경기도교육청 경기도평택교육지원청 동삭중학교,동삭중학교,,현존,경기도 평택시 상서재로2길 101,031-5182-6800,031-5182-6899
7631266,경기도교육청 경기도평택교육지원청 민세중학교,민세중학교,,현존,경기도 평택시 고덕국제1로 184,031-660-6800,031-660-6899
7631269,경기도교육청 경기도평택교육지원청 배다리중학교,배다리중학교,,현존,경기도 평택시 죽백4로 65,031-8053-5757,031-8053-5797
7631278,경기도교육청 경기도평택교육지원청 해창중학교,해창중학교,,현존,경기도 평택시 고덕국제5로 175,3180548490,3180548447
7631283,경기도교육청 경기도평택교육지원청 소사벌중학교,소사벌중학교,,현존,경기도 평택시 비전3로 77,031-6190-3700,031-618-1998
7631291,경기도교육청 경기도평택교육지원청 평택화양중학교,평택화양중학교,,현존,경기도 평택시 현덕면 화양현화1로 70,031-681-8405,031-681-8410
7642035,경기도교육청 경기도군포의왕교육지원청 갈뫼중학교,갈뫼중학교,437080,현존,경기도 의왕시 갈미로 61,031-400-9004 031-400-9014,031-425-3216
7642036,경기도교육청 경기도군포의왕교육지원청 고천중학교,고천중학교,437822,현존,경기도 의왕시 백운로 25,031-458-8624,031-458-8629
7642037,경기도교육청 경기도군포의왕교육지원청 곡란중학교,곡란중학교,,현존,경기도 군포시 곡란로 95,031-463-8225,031-395-0035
7642038,경기도교육청 경기도군포의왕교육지원청 군포중학교,군포중학교,435010,현존,경기도 군포시 금당로124번길 19,031-412-3802,031-459-3446
7642039,경기도교육청 경기도군포의왕교육지원청 궁내중학교,궁내중학교,435040,현존,경기도 군포시 수리산로 171,031-389-8000,031-396-0035
7642040,경기도교육청 경기도군포의왕교육지원청 금정중학교,금정중학교,435050,현존,경기도 군포시 오금로 114,031-688-4100,031-688-4108
7642041,경기도교육청 경기도군포의왕교육지원청 도장중학교,도장중학교,435040,현존,경기도 군포시 고산로 460,031-5183-2311,031-391-2265
7642042,경기도교육청 경기도군포의왕교육지원청 백운중학교,백운중학교,437829,현존,경기도 의왕시 안양판교로 168,031-8040-7500,031-421-3185
7642043,경기도교육청 경기도군포의왕교육지원청 산본중학교,산본중학교,435040,현존,경기도 군포시 산본로432번길 17,031-393-7703,031-393-6334
7642044,경기도교육청 경기도군포의왕교육지원청 수리중학교,수리중학교,435040,현존,경기도 군포시 수리산로 139,031-390-4201,031-396-0055
7642045,경기도교육청 경기도군포의왕교육지원청 용호중학교,용호중학교,435010,현존,경기도 군포시 용호2로54번길 14,031-398-4361,031-398-4365
7642046,경기도교육청 경기도군포의왕교육지원청 의왕부곡중학교,의왕부곡중학교,437050,현존,경기도 의왕시 부곡중학길 61,031-461-3603,031-461-2593
7642047,경기도교육청 경기도군포의왕교육지원청 의왕중학교,의왕중학교,437822,현존,경기 의왕시 등칙골길 28,031-453-8953,031-450-1515
7642048,경기도교육청 경기도군포의왕교육지원청 흥진중학교,흥진중학교,435050,현존,경기 군포시 오금로 15-35,031-390-5174,031-390-5169
7642049,경기도교육청 경기도군포의왕교육지원청 당동중학교,당동중학교,435010,현존,경기도 군포시 용호1로21번길 12,031-470-7900,031-391-6772
7642050,경기도교육청 경기도군포의왕교육지원청 당정중학교,당정중학교,435833,현존,경기도 군포시 이당로 152,031-459-7614,031-459-9652
7642073,경기도교육청 경기도군포의왕교육지원청 모락중학교,모락중학교,437816,현존,경기도 의왕시 모락로 110,031-477-7091,031-477-9658
7642123,경기도교육청 경기도군포의왕교육지원청 부곡중앙중학교,부곡중앙중학교,435835,현존,경기도 군포시 송부로 241,031-462-7671,031-462-7672
7642124,경기도교육청 경기도군포의왕교육지원청 덕장중학교,덕장중학교,437110,현존,경기도 의왕시 덕장로 55,031-421-2102,031-421-2104
7642151,경기도교육청 경기도군포의왕교육지원청 내손중학교,내손중학교,,현존,경기도 의왕시 내손순환로 51,031-467-0400,031-423-5946
7642154,경기도교육청 경기도군포의왕교육지원청 백운호수중학교,백운호수중학교,,현존,경기도 의왕시 백운중앙로 61,031-340-0488,031-340-0497
7652013,경기도교육청 경기도구리남양주교육지원청 광동중학교,광동중학교,,현존,경기도 남양주시 진접읍 장현로광동1길 10,031-570-3200,031-570-3220
7652016,경기도교육청 경기도구리남양주교육지원청 교문중학교,교문중학교,471020,현존,경기도 구리시 장자대로37번길 15,031-553-4890,031-562-4172
7652019,경기도교육청 경기도구리남양주교육지원청 구리여자중학교,구리여자중학교,471060,현존,경기도 구리시 벌말로 168,031-563-4372,031-563-4370
7652020,경기도교육청 경기도구리남양주교육지원청 구리중학교,구리중학교,,현존,경기도 구리시 장자대로 89-1,031-551-4191,031-555-6123
7652025,경기도교육청 경기도구리남양주교육지원청 금곡중학교,금곡중학교,472010,현존,경기도 남양주시 경춘로 1008,031-592-7087,031-592-2780
7652053,경기도교육청 경기도구리남양주교육지원청 덕소중학교,덕소중학교,472908,현존,경기도 남양주시 와부읍 도곡길 7,031-577-0714,031-577-4886
7652056,경기도교육청 경기도구리남양주교육지원청 도농중학교,도농중학교,,현존,경기도 남양주시 미금로 234,031-555-4082,031-555-4085
7652065,경기도교육청 경기도구리남양주교육지원청 동구중학교,동구중학교,,현존,경기도 구리시 동구릉로103번길 75,031-567-0618,031-567-0616
7652070,경기도교육청 경기도구리남양주교육지원청 동화중학교,동화중학교,,현존,경기도 남양주시 경춘로 434,031-551-0528,031-551-7811
7652071,경기도교육청 경기도구리남양주교육지원청 마석중학교,마석중학교,472848,현존,경기도 남양주시 화도읍 수레로 1234-38,031-595-2456,031-595-2459
7652076,경기도교육청 경기도구리남양주교육지원청 미금중학교,미금중학교,472934,현존,경기도 남양주시 미금로 140,031-562-9762,031-562-9760
7652079,경기도교육청 경기도구리남양주교육지원청 별내중학교,별내중학교,472810,현존,경기도 남양주시 별내면 청학로132번길 30,031-841-4765,031-841-4768
7652085,경기도교육청 경기도구리남양주교육지원청 송라중학교,송라중학교,,현존,경기도 남양주시 화도읍 마석로45번길 31,031-523-7100,031-559-3272
7652086,경기도교육청 경기도구리남양주교육지원청 수동중학교,수동중학교,472853,현존,경기도 남양주시 수동면 비룡로 790-22,031-593-6050,031-594-0463
7652092,경기도교육청 경기도구리남양주교육지원청 심석중학교,심석중학교,472845,현존,경기도 남양주시 화도읍 마석로 62,031-593-4919,031-593-7806
7652094,경기도교육청 경기도구리남양주교육지원청 양오중학교,양오중학교,472881,현존,경기도 남양주시 오남읍 양지로 261-31,031-574-2047,031-574-0650
7652097,경기도교육청 경기도구리남양주교육지원청 연세중학교,연세중학교,,현존,경기도 남양주시 조안면 북한강로 545,031-576-9860,031-576-9861
7652098,경기도교육청 경기도구리남양주교육지원청 오남중학교,오남중학교,472881,현존,경기도 남양주시 오남읍 진건오남로808번길 34,031-574-1987,031-574-1985
7652101,경기도교육청 경기도구리남양주교육지원청 와부중학교,와부중학교,472901,현존,경기도 남양주시 와부읍 월문천로 65,031-579-6299,031-521-0725
7652106,경기도교육청 경기도구리남양주교육지원청 인창중학교,인창중학교,471841,현존,경기도 구리시 건원대로34번길 118,031-552-9983,031-552-9987
7652109,경기도교육청 경기도구리남양주교육지원청 장내중학교,장내중학교,472938,현존,경기도 남양주시 평내로 37,031-559-4362,031-559-4363
7652114,경기도교육청 경기도구리남양주교육지원청 장자중학교,장자중학교,471022,현존,경기도 구리시 장자호수길 45,031-556-6232,031-556-6234
7652121,경기도교육청 경기도구리남양주교육지원청 진건중학교,진건중학교,472830,현존,경기도 남양주시 진건읍 진건오남로 39,031-573-6152,031-573-6150
7652124,경기도교육청 경기도구리남양주교육지원청 진접중학교,진접중학교,472865,현존,경기도 남양주시 진접읍 금강로 1641-1,031-529-6107,031-624-4208
7652129,경기도교육청 경기도구리남양주교육지원청 토평중학교,토평중학교,471060,현존,경기도 구리시 장자대로111번길 61,031-556-6195,031-556-6197
7652132,경기도교육청 경기도구리남양주교육지원청 퇴계원중학교,퇴계원중학교,472820,현존,경기도 남양주시 퇴계원면 퇴계원로 49-8,031-570-1406,031-572-2480
7652135,경기도교육청 경기도구리남양주교육지원청 판곡중학교,판곡중학교,472120,현존,경기도 남양주시 늘을1로 115,031-593-8436,031-593-8441
7652138,경기도교육청 경기도구리남양주교육지원청 평내중학교,평내중학교,472938,현존,경기도 남양주시 경춘로1286번길 23,031-594-6473,031-594-6472
7652145,경기도교육청 경기도구리남양주교육지원청 호평중학교,호평중학교,472120,현존,경기도 남양주시 호평로 76-7,031-591-9158,031-591-6184
7652148,경기도교육청 경기도구리남양주교육지원청 화광중학교,화광중학교,,현존,경기도 남양주시 화도읍 경춘로 2226,031-594-1736,031-593-8064
7652156,경기도교육청 경기도구리남양주교육지원청 어람중학교,어람중학교,472883,현존,경기도 남양주시 오남읍 진건오남로550번길 35,031-575-0584,031-575-0535
7652163,경기도교육청 경기도구리남양주교육지원청 광릉중학교,광릉중학교,472861,현존,경기도 남양주시 진접읍 진벌로 78-23,031-570-5533,031-529-5341
7652164,경기도교육청 경기도구리남양주교육지원청 예봉중학교,예봉중학교,472901,현존,경기도 남양주시 와부읍 수레로 127-37,031-579-2500,031-521-6926
7652170,경기도교육청 경기도구리남양주교육지원청 가운중학교,가운중학교,,현존,경기도 남양주시 가운로2길 74,031-566-3861,031-566-3863
7652171,경기도교육청 경기도구리남양주교육지원청 풍양중학교,풍양중학교,472861,현존,경기도 남양주시 진접읍 해밀예당1로 109,031-574-9023,031-574-9022
7652241,경기도교육청 경기도구리남양주교육지원청 주곡중학교,주곡중학교,472861,현존,경기도 남양주시 진접읍 해밀예당1로 283,031-575-9430,031-575-9433
7652250,경기도교육청 경기도구리남양주교육지원청 별가람중학교,별가람중학교,,현존,경기도 남양주시 별내3로,031-524-9403,031-524-9412
7652263,경기도교육청 경기도구리남양주교육지원청 한별중학교,한별중학교,472501,현존,경기도 남양주시 별내4로 70,031-570-5811,031-570-5899
7652272,경기도교육청 경기도구리남양주교육지원청 천마중학교,천마중학교,,현존,경기도 남양주시 화도읍 먹갓로28번길 12,031-522-2620,031-522-2619
7652287,경기도교육청 경기도구리남양주교육지원청 갈매중학교,갈매중학교,471859,현존,경기도 구리시 갈매순환로 121,031-570-7800,031-570-7891
7652298,경기도교육청 경기도구리남양주교육지원청 남양주다산중학교,남양주다산중학교,,현존,경기도 남양주시 다산중앙로172번길 50,031-522-1400,031-522-5671
7652309,경기도교육청 경기도구리남양주교육지원청 다산한강중학교,다산한강중학교,,현존,경기도 남양주시 다산지금로145번길 20,031-560-4200,031-567-9872
7652319,경기도교육청 경기도구리남양주교육지원청 하랑중학교,하랑중학교,,현존,경기도 남양주시 백봉로 92,031-570-5300,031-595-8191
7652343,경기도교육청 경기도구리남양주교육지원청 다산새봄중학교,다산새봄중학교,,현존,경기도 남양주시 다산순환로 435,031-522-8400,031-522-8460
7652350,경기도교육청 경기도구리남양주교육지원청 화접중학교,화접중학교,472811,현존,경기도 남양주시 별내4로 26,031-579-3400,031-575-9021
7661004,경기도교육청 경기도여주교육지원청 여주제일중학교,여주제일중학교,12661,현존,경기도 여주시 가남읍 여주남로 1155-15,031-882-3303,031-882-2933
7661005,경기도교육청 경기도여주교육지원청 강천중학교,강천중학교,469862,현존,경기도 여주시 강천면 강문로 594,031-883-1902,031-883-1904
7661006,경기도교육청 경기도여주교육지원청 상품중학교,상품중학교,12603,현존,경기도 여주시 산북면 상품1길 28,031-883-0003,031-882-3839
7661008,경기도교육청 경기도여주교육지원청 여주중학교,여주중학교,469800,현존,경기도 여주시 세종대왕면 농도원1길 78,031-880-8993,031-884-9805
7661009,경기도교육청 경기도여주교육지원청 이포중학교,이포중학교,,현존,경기도 여주시 흥천면 이여로 1075,031-882-9526,031-884-4980
7661010,경기도교육청 경기도여주교육지원청 점동중학교,점동중학교,469872,현존,경기도 여주시 점동면 청안로 152,031-882-6706,031-884-1248
7661011,경기도교육청 경기도여주교육지원청 흥천중학교,흥천중학교,12607,현존,경기도 여주시 흥천면 흥천로 308-27,031-881-2302,031-881-2304
7661012,경기도교육청 경기도여주교육지원청 대신중학교,대신중학교,469843,현존,경기도 여주시 대신면 여양로 1196,031-883-3881,031-883-7944
7661013,경기도교육청 경기도여주교육지원청 세정중학교,세정중학교,469811,현존,경기도 여주시 세종대왕면 양화로 697,031-882-4700,031-883-9336
7661014,경기도교육청 경기도여주교육지원청 여강중학교,여강중학교,469853,현존,경기도 여주시 북내면 여강로 337-8,031-884-1470,031-883-5774
7661015,경기도교육청 경기도여주교육지원청 창명여자중학교,창명여자중학교,469844,현존,경기도 여주시 대신면 여양로 1416,031-882-9195,031-884-6545
7661072,경기도교육청 경기도여주교육지원청 세종중학교,세종중학교,,현존,경기도 여주시 세종로 204-17,031-884-6175,031-884-6176
7661094,경기도교육청 경기도여주교육지원청 여흥중학교,여흥중학교,469804,현존,경기도 여주시 청심로 221,031-880-8380,031-885-8705
7679100,경기도교육청 경기도화성오산교육지원청 기산중학교,기산중학교,445300,현존,경기도 화성시 병점구 동탄지성로 286,031-898-7921,031-898-7925
7679101,경기도교육청 경기도화성오산교육지원청 기안중학교,기안중학교,445310,현존,경기도 화성시 효행로291번길 29,031-290-1898,031-226-2012
7679102,경기도교육청 경기도화성오산교육지원청 남양중학교,남양중학교,445010,현존,경기도 화성시 남양읍 시청로45번길 9-12,031-355-9402,031-355-9405
7679103,경기도교육청 경기도화성오산교육지원청 능동중학교,능동중학교,,현존,경기 화성시 동탄원천로 289-17,031-8003-7842,031-8003-7846
7679104,경기도교육청 경기도화성오산교육지원청 대호중학교,대호중학교,,현존,경기도 오산시 궐리사로29번길 19,031-378-8374,031-378-8376
7679105,경기도교육청 경기도화성오산교육지원청 동탄중학교,동탄중학교,445813,현존,경기도 화성시 동탄구 동탄대로시범길 97,031-8077-4510,031-8077-4519
7679106,경기도교육청 경기도화성오산교육지원청 동학중학교,동학중학교,445330,현존,경기도 화성시 영통로27번길 60,031-204-6229,031-204-1563
7679107,경기도교육청 경기도화성오산교육지원청 매홀중학교,매홀중학교,,현존,경기도 오산시 내삼미로48번길 17,031-374-2632,031-373-2957
7679108,경기도교육청 경기도화성오산교육지원청 반송중학교,반송중학교,,현존,경기도 화성시 동탄구 탄요1길 13,031-370-7700,031-613-0948
7679109,경기도교육청 경기도화성오산교육지원청 발안중학교,발안중학교,445939,현존,경기도 화성시 향남읍 발안로 73,031-8077-2750,031-353-2386
7679110,경기도교육청 경기도화성오산교육지원청 병점중학교,병점중학교,445360,현존,경기도 화성시 병점3로 71,031-224-0417,031-224-0458
7679111,경기도교육청 경기도화성오산교육지원청 봉담중학교,봉담중학교,445891,현존,경기도 화성시 봉담읍 샘마을길 53,031-298-5816,031-298-5818
7679112,경기도교육청 경기도화성오산교육지원청 석우중학교,석우중학교,,현존,경기도 화성시 동탄구 동탄중앙로 264,031-8077-6062,031-8077-6114
7679113,경기도교육청 경기도화성오산교육지원청 솔빛중학교,솔빛중학교,445160,현존,경기도 화성시 동탄구 동탄반석로 83,031-5183-0005,031-5183-0007
7679114,경기도교육청 경기도화성오산교육지원청 성호중학교,성호중학교,447804,현존,경기도 오산시 동부대로436번길 34,031-374-0147,031-374-0149
7679115,경기도교육청 경기도화성오산교육지원청 안화중학교,안화중학교,445360,현존,경기도 화성시 병점구 병점2로 125,031-221-4732,031-221-4735
7679116,경기도교육청 경기도화성오산교육지원청 양감중학교,양감중학교,,현존,경기도 화성시 만세구 양감면 초록로 49,031-352-8429,031-352-6913
7679117,경기도교육청 경기도화성오산교육지원청 오산원일중학교,오산원일중학교,447805,현존,경기도 오산시 오산로132번길 29,"031-378-7311,7313","031-378-7314,7354"
7679118,경기도교육청 경기도화성오산교육지원청 와우중학교,와우중학교,445893,현존,경기도 화성시 봉담읍 동화역말길 55-40,031-547-8100,031-298-7288
7679119,경기도교육청 경기도화성오산교육지원청 운암중학교,운암중학교,447060,현존,경기도 오산시 대원로 76,031-376-2691,031-376-2694
7679120,경기도교육청 경기도화성오산교육지원청 운천중학교,운천중학교,447010,현존,경기도 오산시 운암로 133,031-377-7842,031-377-7845
7679121,경기도교육청 경기도화성오산교육지원청 정남중학교,정남중학교,445967,현존,경기도 화성시 정남면 신리길 76,031-352-3046,031-352-4474
7679122,경기도교육청 경기도화성오산교육지원청 진안중학교,진안중학교,445390,현존,경기도 화성시 병점동로 138,031-221-4711,031-221-4714
7679123,경기도교육청 경기도화성오산교육지원청 푸른중학교,푸른중학교,445320,현존,경기도 화성시 동탄공원로 21-24,031-8015-8708,031-8015-8777
7679124,경기도교육청 경기도화성오산교육지원청 향남중학교,향남중학교,445920,현존,경기도 화성시 만세구 향남읍 행정동로 50,031-8059-1014,031-8059-1012
7679125,경기도교육청 경기도화성오산교육지원청 화성동화중학교,화성동화중학교,445890,현존,경기도 화성시 효행구 봉담읍 동화역말길 12,031-227-7566,031-227-7564
7679126,경기도교육청 경기도화성오산교육지원청 두레자연중학교,두레자연중학교,445953,현존,경기도 화성시 만세구 우정읍 두레길 42,031-358-8773,031-351-8770
7679127,경기도교육청 경기도화성오산교육지원청 비봉중학교,비봉중학교,,현존,경기도 화성시 비봉면 양노로109번길 5,031-356-0795,031-356-8240
7679128,경기도교육청 경기도화성오산교육지원청 삼괴중학교,삼괴중학교,445955,현존,경기도 화성시 우정읍 장안로 35,031-351-3102,031-358-4313
7679129,경기도교육청 경기도화성오산교육지원청 서신중학교,서신중학교,445881,현존,경기도 화성시 만세구 서신면 바다뜰길 49-9,031-355-0782,031-355-0786
7679130,경기도교육청 경기도화성오산교육지원청 송산중학교,송산중학교,445874,현존,경기도 화성시 만세구 송산면 송산포도로 162(사강리 558번지),031-357-1021,031-357-0090
7679131,경기도교육청 경기도화성오산교육지원청 안용중학교,안용중학교,445370,현존,경기도 화성시 효행로 833,031-237-4473,031-237-4472
7679132,경기도교육청 경기도화성오산교육지원청 오산중학교,오산중학교,447130,현존,경기도 오산시 청학로 43,031-371-9000,031-373-7468
7679133,경기도교육청 경기도화성오산교육지원청 화도중학교,화도중학교,,현존,경기도 화성시 마도면 석교로 162,031-356-6622,031-356-6624
7679134,경기도교육청 경기도화성오산교육지원청 화성중학교,화성중학교,445925,현존,경기도 화성시 향남읍 장짐길 4,031-352-7816,031-350-2704
7679220,경기도교육청 경기도화성오산교육지원청 장안여자중학교,장안여자중학교,445940,현존,경기도 화성시 만세구 장안면 기아자동차로 814,031-351-2082,031-358-6406
7679284,경기도교육청 경기도화성오산교육지원청 문시중학교,문시중학교,447280,현존,경기도 오산시 여계산로 52-24,031-378-6453,031-378-6451
7679285,경기도교육청 경기도화성오산교육지원청 세마중학교,세마중학교,447240,현존,경기도 오산시 수목원로 559-9,031-378-5007,031-378-5894
7679295,경기도교육청 경기도화성오산교육지원청 예당중학교,예당중학교,445170,현존,경기도 화성시 노작로 226-35,031-8053-8388,031-8015-5184
7679328,경기도교육청 경기도화성오산교육지원청 한백중학교,한백중학교,445813,현존,경기도 화성시 동탄구 동탄순환대로26길 26,031-8077-5700,031-8077-5704
7679329,경기도교육청 경기도화성오산교육지원청 청계중학교,청계중학교,,현존,경기도 화성시 동탄구 동탄대로시범길 47,031-8077-3510,031-8077-3507
7679330,경기도교육청 경기도화성오산교육지원청 화성반월중학교,화성반월중학교,445330,현존,경기도 화성시 효행로 1281-76,031-547-1900,031-547-1961
7679331,경기도교육청 경기도화성오산교육지원청 하길중학교,하길중학교,445938,현존,경기도 화성시 향남읍 상신하길로274번길 10,031-8077-2305,031-8077-2310
7679365,경기도교육청 경기도화성오산교육지원청 방교중학교,방교중학교,,현존,경기도 화성시 동탄산척로1길 23,031-369-9300,031-369-9320
7679399,경기도교육청 경기도화성오산교육지원청 다원중학교,다원중학교,,현존,경기도 화성시 동탄순환대로 754-12,031-323-9400,031-323-9411
7679400,경기도교육청 경기도화성오산교육지원청 송린중학교,송린중학교,,현존,경기도 화성시 만세구 수노을2로 148,031-5182-0401,031-357-5784
7679401,경기도교육청 경기도화성오산교육지원청 청림중학교,청림중학교,,현존,경기도 화성시 동탄산척로 94,031-5182-6200,031-5182-6212
7679409,경기도교육청 경기도화성오산교육지원청 이산중학교,이산중학교,,현존,경기도 화성시 동탄감배산로 51,031-831-5100,031-378-7066
7679422,경기도교육청 경기도화성오산교육지원청 동탄목동중학교,동탄목동중학교,,현존,경기도 화성시 동탄구 동탄순환대로20길 52,031-630-5700,031-630-5720
7679423,경기도교육청 경기도화성오산교육지원청 서연중학교,서연중학교,,현존,경기도 화성시 동탄대로4길 40,031-660-7650,031-660-7652
7679442,경기도교육청 경기도화성오산교육지원청 신백중학교,신백중학교,,현존,경기도 화성시 만세구 남양읍 역골중앙로 56-6,031-8055-0710,031-8055-0725
7679469,경기도교육청 경기도화성오산교육지원청 수현중학교,수현중학교,,현존,경기도 화성시 봉담읍 상리3길 136,031-267-9800,031-298-8796
7679488,경기도교육청 경기도화성오산교육지원청 화성세정중학교,화성세정중학교,,현존,경기도 화성시 동탄구 동탄순환대로12길 60,031-210-7300,031-210-7399
7679489,경기도교육청 경기도화성오산교육지원청 치동중학교,치동중학교,,현존,경기도 화성시 동탄순환대로 881-9,031-220-8257,031-220-8299
7679515,경기도교육청 경기도화성오산교육지원청 가수중학교,가수중학교,,현존,경기도 오산시 가수1로 10,031-376-9611,031-376-9620
7679518,경기도교육청 경기도화성오산교육지원청 화성신동중학교,화성신동중학교,,현존,경기도 화성시 동탄신동1길 25,031-6190-3800,031-378-6061
7679519,경기도교육청 경기도화성오산교육지원청 청연중학교,청연중학교,,현존,경기도 화성시 효행구 비봉면 새비봉남로 14,031-356-1961,031-356-1932
7679520,경기도교육청 경기도화성오산교육지원청 화담중학교,화담중학교,,현존,경기도 화성시 봉담읍 상리1길 166,031-278-4070,031-278-4079
7679521,경기도교육청 경기도화성오산교육지원청 화성상신중학교,화성상신중학교,,현존,경기도 화성시 만세구 향남읍 손개길 8,031-366-5610,7040352386
7679535,경기도교육청 경기도화성오산교육지원청 바른중학교,바른중학교,,현존,경기도 화성시 동탄구 동탄신리천로9길 67,031-372-2473,031-372-6145
7679536,경기도교육청 경기도화성오산교육지원청 새동중학교,새동중학교,445010,현존,경기도 화성시 만세구 남양읍 남양중앙로 391,031-366-8680,031-366-8682
7681003,경기도교육청 경기도파주교육지원청 금릉중학교,금릉중학교,,현존,경기도 파주시 후곡로 66,031-950-0327,031-957-4289
7681004,경기도교육청 경기도파주교육지원청 교하중학교,교하중학교,,현존,경기도 파주시 책향기로 194,031-8071-9600,031-941-9698
7681005,경기도교육청 경기도파주교육지원청 문산북중학교,문산북중학교,413902,현존,경기도 파주시 문산읍 당동1로 22,031-950-9661,031-953-5149
7681006,경기도교육청 경기도파주교육지원청 문산중학교,문산중학교,,현존,경기도 파주시 평화로 190,031-943-2645,031-945-1984
7681007,경기도교육청 경기도파주교육지원청 법원여자중학교,법원여자중학교,413871,현존,경기도 파주시 법원읍 자운서원로 31,031-958-0789,031-958-0301
7681008,경기도교육청 경기도파주교육지원청 봉일천중학교,봉일천중학교,413823,현존,경기도 파주시 조리읍 두루봉로 47,031-9565-900,031-9565-991
7681009,경기도교육청 경기도파주교육지원청 어유중학교,어유중학교,413914,현존,경기도 파주시 적성면 율곡로 2875,031-958-4372,031-959-7559
7681010,경기도교육청 경기도파주교육지원청 탄현중학교,탄현중학교,413843,현존,경기도 파주시 탄현면 열살미길 10,031-934-1600,031-934-1699
7681011,경기도교육청 경기도파주교육지원청 파평중학교,파평중학교,413881,현존,경기도 파주시 파평면 청송로 173,031-958-3327,031-959-7552
7681012,경기도교육청 경기도파주교육지원청 광탄중학교,광탄중학교,413854,현존,경기도 파주시 광탄면 혜음로 1128,031-956-0010,031-947-3338
7681013,경기도교육청 경기도파주교육지원청 문산동중학교,문산동중학교,413904,현존,경기도 파주시 문산읍 독산로31번길 39,031-952-2645,031-954-2646
7681014,경기도교육청 경기도파주교육지원청 삼광중학교,삼광중학교,,현존,경기도 파주시 적성면 청송로 701,031-958-5889,031-959-7563
7681015,경기도교육청 경기도파주교육지원청 율곡중학교,율곡중학교,413872,현존,경기도 파주시 법원읍 사임당로905번길 10,031-958-0834,031-958-0880
7681016,경기도교육청 경기도파주교육지원청 지산중학교,지산중학교,413833,현존,경기도 파주시 미래로 532,031-950-3400,031-946-7348
7681017,경기도교육청 경기도파주교육지원청 파주중학교,파주중학교,413863,현존,경기도 파주시 파주읍 술이홀로 377,031-950-9970,031-953-3957
7681109,경기도교육청 경기도파주교육지원청 금촌중학교,금촌중학교,413030,현존,경기 파주시 쇠재1길 21,031-940-2311,031-940-2329
7681110,경기도교육청 경기도파주교육지원청 두일중학교,두일중학교,413833,현존,경기도 파주시 책향기숲길 39,031-940-6900,031-940-6919
7681123,경기도교육청 경기도파주교육지원청 문산수억중학교,문산수억중학교,413862,현존,경기도 파주시 파주읍 우계로 357,031-952-2401,031-954-2982
7681125,경기도교육청 경기도파주교육지원청 한빛중학교,한빛중학교,413200,현존,경기도 파주시 한빛로 56,031-950-6119,031-945-5075
7681151,경기도교육청 경기도파주교육지원청 해솔중학교,해솔중학교,413110,현존,경기도 파주시 해솔로 60,031-950-2900,031-945-8745
7681152,경기도교육청 경기도파주교육지원청 동패중학교,동패중학교,413100,현존,경기도 파주시 교하로 381,031-8071-8175,031-8071-8199
7681164,경기도교육청 경기도파주교육지원청 한가람중학교,한가람중학교,413190,현존,경기도 파주시 금바위로 77,031-950-7900,031-950-7904
7681165,경기도교육청 경기도파주교육지원청 선유중학교,선유중학교,413902,현존,경기도 파주시 문산읍 독서울1길 37,031-956-8410,031-954-3454
7681189,경기도교육청 경기도파주교육지원청 산내중학교,산내중학교,413110,현존,경기도 파주시 산내로 15,031-961-1605,031-961-1699
7681202,경기도교육청 경기도파주교육지원청 운정중학교,운정중학교,413835,현존,경기도 파주시 와석순환로 35-33,031-770-0800,031-770-0815
7681204,경기도교육청 경기도파주교육지원청 산들중학교,산들중학교,413833,현존,경기도 파주시 교하로 43,031-930-6794,031-930-6746
7681214,경기도교육청 경기도파주교육지원청 심학중학교,심학중학교,,현존,경기도 파주시 양지로 75,031-560-9739,031-560-9729
7681216,경기도교육청 경기도파주교육지원청 다율중학교,다율중학교,,현존,경기도 파주시 다율로 28,031-929-5902,031-929-5908
7681241,경기도교육청 경기도파주교육지원청 별하람중학교,별하람중학교,,현존,경기 파주시 가람로 121,031-937-7600,031-937-7698
7681242,경기도교육청 경기도파주교육지원청 운정중앙중학교,운정중앙중학교,,현존,경기도 파주시 물향기1로 140,031-850-6900,031-850-6999
7681243,경기도교육청 경기도파주교육지원청 정목중학교,정목중학교,413810,현존,경기도 파주시 월롱면 함영골길 10,031-940-1910,031-941-5323
7692038,경기도교육청 경기도광주하남교육지원청 경안중학교,경안중학교,464070,현존,경기도 광주시 장지1길 6,031-763-4214,031-763-7739
7692039,경기도교육청 경기도광주하남교육지원청 곤지암중학교,곤지암중학교,464872,현존,경기도 광주시 곤지암읍 곤지암로 82,031-762-6034,031-763-1773
7692040,경기도교육청 경기도광주하남교육지원청 광수중학교,광수중학교,464841,현존,경기도 광주시 퇴촌면 도수길23번길 23,031-768-3101,031-768-3104
7692041,경기도교육청 경기도광주하남교육지원청 광일중학교,광일중학교,12815,현존,경기도 광주시 도척면 노곡로 32,031-762-5013,031-763-8720
7692042,경기도교육청 경기도광주하남교육지원청 광주중학교,광주중학교,464010,현존,경기도 광주시 경안로42번길 11,031-761-2255,031-761-3220
7692043,경기도교육청 경기도광주하남교육지원청 남한중학교,남한중학교,465032,현존,경기도 하남시 하남대로802번길 21,031-750-4600,031-794-1294
7692044,경기도교육청 경기도광주하남교육지원청 신장중학교,신장중학교,465812,현존,경기도 하남시 대청로59번길 37,031-794-8238,031-795-8259
7692045,경기도교육청 경기도광주하남교육지원청 탄벌중학교,탄벌중학교,,현존,경기도 광주시 포돌이로 77,031-767-2575,031-766-0197
7692046,경기도교육청 경기도광주하남교육지원청 경화여자중학교,경화여자중학교,464901,현존,경기도 광주시 수하길11번길 43,031-799-0400,317688239
7692047,경기도교육청 경기도광주하남교육지원청 광주광남중학교,광주광남중학교,464808,현존,경기도 광주시 벼루개길42번길 50,031-798-6771,031-798-6773
7692048,경기도교육청 경기도광주하남교육지원청 신평중학교,신평중학교,465809,현존,경기도 하남시 신장동로 57,"031-796-2195,2182",031-796-2196
7692082,경기도교육청 경기도광주하남교육지원청 동부중학교,동부중학교,465010,현존,경기도 하남시 신평로,031-790-9224,031-790-9208
7692084,경기도교육청 경기도광주하남교육지원청 하남중학교,하남중학교,465120,현존,경기도 하남시 천현로 113,031-794-6126,031-794-6127
7692088,경기도교육청 경기도광주하남교육지원청 덕풍중학교,덕풍중학교,465834,현존,경기도 하남시 덕풍북로71번길 10,031-796-5305,031-796-5307
7692119,경기도교육청 경기도광주하남교육지원청 초월중학교,초월중학교,,현존,경기도 광주시 초월읍 도곡길21번길 28,031-799-4700,031-799-4710
7692124,경기도교육청 경기도광주하남교육지원청 미사강변중학교,미사강변중학교,465160,현존,경기도 하남시 미사강변한강로 89,031-8026-0519,031-8026-0538
7692129,경기도교육청 경기도광주하남교육지원청 미사중학교,미사중학교,,현존,경기도 하남시 미사강변한강로334번길 70,031-8026-0800,031-794-3513
7692130,경기도교육청 경기도광주하남교육지원청 은가람중학교,은가람중학교,465160,현존,경기도 하남시 미사강변한강로 9,031-8026-8405,031-8026-8414
7692131,경기도교육청 경기도광주하남교육지원청 위례중학교,위례중학교,465240,현존,경기도 하남시 위례순환로 343,02-2229-0800,02-2229-0899
7692151,경기도교육청 경기도광주하남교육지원청 신현중학교,신현중학교,464895,현존,경기도 광주시 태재로 20-17,031-724-3700,031-714-7096
7692152,경기도교육청 경기도광주하남교육지원청 윤슬중학교,윤슬중학교,465150,현존,경기도 하남시 풍산로 168,031-8026-2620,031-8026-2630
7692162,경기도교육청 경기도광주하남교육지원청 매양중학교,매양중학교,,현존,경기도 광주시 오포읍 양벌로 331-20,031-799-3456,031-799-3401
7692183,경기도교육청 경기도광주하남교육지원청 감일중학교,감일중학교,,현존,경기도 하남시 감일백제로 55,02-580-8700,02-580-8798
7692223,경기도교육청 경기도광주하남교육지원청 감일백제중학교,감일백제중학교,,현존,경기도 하남시 감일백제로 210,02-2210-1800,02-488-9095
7692224,경기도교육청 경기도광주하남교육지원청 태전중학교,태전중학교,,현존,경기도 광주시 태성로 110,031-8026-3800,031-8026-3890
7692237,경기도교육청 경기도광주하남교육지원청 오포중학교,오포중학교,464889,현존,경기도 광주시 고산달빛로 36,031-797-0011,031-797-0874
7692238,경기도교육청 경기도광주하남교육지원청 한홀중학교,한홀중학교,,현존,경기도 하남시 조정대로 115,031-8027-9143,031-8027-9146
7701004,경기도교육청 경기도연천교육지원청 군남중학교,군남중학교,486823,현존,경기도 연천군 군남면 진상17길 46,031-833-8260,031-833-8755
7701005,경기도교육청 경기도연천교육지원청 대광중학교,대광중학교,486830,현존,경기도 연천군 신서면 연신로 1127-1,031-834-8438,031-834-9610
7701006,경기도교육청 경기도연천교육지원청 백학중학교,백학중학교,486881,현존,경기도 연천군 백학면 두일로 79,031-835-5039,031-835-5400
7701007,경기도교육청 경기도연천교육지원청 연천중학교,연천중학교,,현존,경기도 연천군 연천읍 연천로336번길 13,031-834-1428,031-834-2301
7701008,경기도교육청 경기도연천교육지원청 전곡중학교,전곡중학교,486905,현존,경기도 연천군 전곡읍 전은길 21,031-832-2224,031-832-2278
7701009,경기도교육청 경기도연천교육지원청 청산중학교,청산중학교,486851,현존,경기도 연천군 청산면 아우라지길 13-32,031-835-3484,031-835-1512
7711004,경기도교육청 경기도포천교육지원청 대경중학교,대경중학교,,현존,경기도 포천시 소흘읍 봉솔로 23,031-541-1890,031-541-0423
7711005,경기도교육청 경기도포천교육지원청 경북중학교,경북중학교,487812,현존,경기도 포천시 가산면 감암길 16,031-544-1815,031-541-1815
7711006,경기도교육청 경기도포천교육지원청 갈월중학교,갈월중학교,487825,현존,경기도 포천시 소흘읍 죽엽산로 56-12,031-540-2100,031-543-2766
7711007,경기도교육청 경기도포천교육지원청 관인중학교,관인중학교,487936,현존,경기도 포천시 관인면 관인로 20,031-538-8203,031-534-0254
7711008,경기도교육청 경기도포천교육지원청 내촌중학교,내촌중학교,,현존,경기도 포천시 내촌면 금강로2259번길 7-7,031-532-2461,031-532-6461
7711009,경기도교육청 경기도포천교육지원청 삼성중학교,삼성중학교,,현존,경기도 포천시 신북면 삼성당길 7,031-531-6852,031-531-6854
7711010,경기도교육청 경기도포천교육지원청 영북중학교,영북중학교,487892,현존,경기도 포천시 영북면 영북로 214,031-531-1754,031-534-2754
7711011,경기도교육청 경기도포천교육지원청 영중중학교,영중중학교,,현존,경기도 포천시 영중면 양문로1길 23,031-532-6712,031-531-6731
7711012,경기도교육청 경기도포천교육지원청 이동중학교,이동중학교,487863,현존,경기도 포천시 이동면 늠바위1길 13,031-532-4512,031-533-4199
7711013,경기도교육청 경기도포천교육지원청 일동중학교,일동중학교,487851,현존,경기도 포천시 일동면 화동로 1099번길 39,031-532-3814,031-531-9171
7711014,경기도교육청 경기도포천교육지원청 포천여자중학교,포천여자중학교,487911,현존,경기도 포천시 신북면 중앙로197번길 65,031-534-6301,031-534-6304
7711015,경기도교육청 경기도포천교육지원청 포천중학교,포천중학교,,현존,경기도 포천시 신북면 중앙로207번길 65,031-534-6901,031-534-6905
7711016,경기도교육청 경기도포천교육지원청 동남중학교,동남중학교,487823,현존,경기도 포천시 소흘읍 솔모루로3번길 69,031-540-5500,031-542-0146
7711080,경기도교육청 경기도포천교육지원청 송우중학교,송우중학교,487823,현존,경기도 포천시 소흘읍 송선로 18,031-541-4536,031-542-8456
7721004,경기도교육청 경기도가평교육지원청 가평북중학교,가평북중학교,,현존,경기도 가평군 북면 석장모루길 13,031-581-0618,031-581-0651
7721005,경기도교육청 경기도가평교육지원청 가평중학교,가평중학교,477804,현존,경기도 가평군 가평읍 광장로 10,031-580-3000,031-582-5558
7721006,경기도교육청 경기도가평교육지원청 설악중학교,설악중학교,477853,현존,경기도 가평군 설악면 한양부로 21-1,031-584-7779,031-584-8479
7721007,경기도교육청 경기도가평교육지원청 조종중학교,조종중학교,,현존,경기도 가평군 조종면 연등윗길 22,031-585-1126,031-584-3769
7721008,경기도교육청 경기도가평교육지원청 청평중학교,청평중학교,477815,현존,경기도 가평군 청평면 골안길 7,031-584-2390,031-584-8688
7721038,경기도교육청 경기도가평교육지원청 청심국제중학교,청심국제중학교,477855,현존,경기도 가평군 설악면 미사리로 324-213,031-589-8900,031-589-8999
7731004,경기도교육청 경기도양평교육지원청 양수중학교,양수중학교,12584,현존,경기도 양평군 양서면 용담3길 15,031-772-2722,031-771-3230
7731005,경기도교육청 경기도양평교육지원청 강하중학교,강하중학교,476921,현존,경기도 양평군 강하면 왕창부로길 74-3,031-772-4067,031-771-3710
7731006,경기도교육청 경기도양평교육지원청 국수중학교,국수중학교,476821,현존,경기도 양평군 양서면 대심상심길 13,031-5175-0902,031-771-7245
7731007,경기도교육청 경기도양평교육지원청 양일중학교,양일중학교,476802,현존,경기도 양평군 양평읍 관문2길 9,031-772-2405,031-773-2926
7731008,경기도교육청 경기도양평교육지원청 양평중학교,양평중학교,476803,현존,경기도 양평군 양평읍 양평중학교길 29,031-772-2939,031-773-7991
7731009,경기도교육청 경기도양평교육지원청 지평중학교,지평중학교,476874,현존,경기도 양평군 지평면 지평로 418,031-773-7843,031-771-1536
7731010,경기도교육청 경기도양평교육지원청 청운중학교,청운중학교,476863,현존,경기도 양평군 청운면 청운로 28,031-773-9068,031-772-5298
7731011,경기도교육청 경기도양평교육지원청 개군중학교,개군중학교,476893,현존,경기도 양평군 개군면 추읍로 15,031-772-8005,031-773-6973
7731012,경기도교육청 경기도양평교육지원청 단월중학교,단월중학교,,현존,경기도 양평군 단월면 보룡길 83,031-773-0263,031-773-9992
7731013,경기도교육청 경기도양평교육지원청 서종중학교,서종중학교,476813,현존,경기도 양평군 서종면 북한강로 854,031-773-6032,031-771-8340
7731014,경기도교육청 경기도양평교육지원청 양동중학교,양동중학교,476882,현존,경기도 양평군 양동면 학둔지윗길 47-7,031-773-1032,031-771-1064
7731015,경기도교육청 경기도양평교육지원청 용문중학교,용문중학교,476845,현존,경기도 양평군 용문면 용문로 437,031-773-3535,031-771-1103
7741003,경기도교육청 경기도이천교육지원청 대월중학교,대월중학교,467850,현존,경기도 이천시 대월면 대평로150번길 20,031-632-1006,031-634-7431
7741004,경기도교육청 경기도이천교육지원청 마장중학교,마장중학교,467814,현존,경기도 이천시 마장면 오천로 130,031-632-5723,031-632-5727
7741005,경기도교육청 경기도이천교육지원청 모가중학교,모가중학교,467872,현존,경기도 이천시 모가면 진상미로1385번길 114,031-632-3016,031-633-6996
7741006,경기도교육청 경기도이천교육지원청 부발중학교,부발중학교,,현존,경기도 이천시 부발읍 죽당로 21,031-631-9352,031-631-9354
7741007,경기도교육청 경기도이천교육지원청 백사중학교,백사중학교,467831,현존,경기도 이천시 백사면 이여로 309,031-634-6442,031-633-9394
7741008,경기도교육청 경기도이천교육지원청 설봉중학교,설봉중학교,467010,현존,경기도 이천시 향교로 117,031-645-9846,031-633-6339
7741009,경기도교육청 경기도이천교육지원청 율면중학교,율면중학교,467891,현존,경기도 이천시 율면 고당로 48,031-641-0664,031-641-0665
7741010,경기도교육청 경기도이천교육지원청 이천중학교,이천중학교,467050,현존,경기도 이천시 애련정로 50,031-634-7582,031-636-1654
7741011,경기도교육청 경기도이천교육지원청 이천송정중학교,이천송정중학교,467040,현존,경기도 이천시 영창로45번길 139,031-631-8300,031-631-8315
7741012,경기도교육청 경기도이천교육지원청 장호원중학교,장호원중학교,467902,현존,경기도 이천시 장호원읍 샘재로 27-15,316412284,031-642-1786
7741013,경기도교육청 경기도이천교육지원청 효양중학교,효양중학교,467863,현존,경기도 이천시 부발읍 효양로 231,031-645-5002,031-637-4675
7741014,경기도교육청 경기도이천교육지원청 이천양정여자중학교,이천양정여자중학교,467020,현존,경기도 이천시 영창로 119,031-633-7804,031-633-7927
7741080,경기도교육청 경기도이천교육지원청 증포중학교,증포중학교,467802,현존,경기도 이천시 애련정로 218,031-638-2738,031-638-2901
7741082,경기도교육청 경기도이천교육지원청 이천경남중학교,이천경남중학교,467881,현존,경기도 이천시 설성면 설성로15번길 26,031-641-6038,031-641-5944
7741102,경기도교육청 경기도이천교육지원청 이천사동중학교,이천사동중학교,467854,현존,경기도 이천시 대월면 경충대로2050번길 68-13,031-637-6269,031-637-6270
7751010,경기도교육청 경기도용인교육지원청 용인대덕중학교,용인대덕중학교,,현존,경기 용인시 수지구 죽전로293번길 12,031-896-3832,031-896-3871
7751011,경기도교육청 경기도용인교육지원청 용인신촌중학교,용인신촌중학교,446913,현존,경기도 용인시 기흥구 보정로 71,031-337-4600,031-276-4167
7751012,경기도교육청 경기도용인교육지원청 용인신릉중학교,용인신릉중학교,446907,현존,경기도 용인시 기흥구 새천년로 57,031-286-1264,031-286-2016
7751013,경기도교육청 경기도용인교육지원청 언동중학교,언동중학교,446910,현존,경기도 용인시 기흥구 언남로 41,031-283-9027,031-283-9020
7751014,경기도교육청 경기도용인교육지원청 성지중학교,성지중학교,446903,현존,경기도 용인시 기흥구 강남서로 26,031-547-5600,031-284-9708
7751015,경기도교육청 경기도용인교육지원청 현암중학교,현암중학교,448160,현존,경기도 용인시 수지구 대지로 128,031-896-4103,031-896-4108
7751016,경기도교육청 경기도용인교육지원청 용신중학교,용신중학교,449020,현존,경기도 용인시 처인구 명지로 15-26,031-337-1902,031-337-1907
7751017,경기도교육청 경기도용인교육지원청 손곡중학교,손곡중학교,,현존,경기도 용인시 수지구 수풍로116번길 5,031-264-9834,031-264-9957
7751018,경기도교육청 경기도용인교육지원청 구갈중학교,구갈중학교,446907,현존,경기도 용인시 기흥구 산양로 12,031-283-8345,031-283-8344
7751019,경기도교육청 경기도용인교육지원청 구성중학교,구성중학교,16917,현존,경기도 용인시 기흥구 연원로42번길 48,031-289-0340,031-287-1233
7751021,경기도교육청 경기도용인교육지원청 나곡중학교,나곡중학교,446904,현존,경기도 용인시 기흥구 사은로126번길 83,031-899-7902,031-274-0799
7751022,경기도교육청 경기도용인교육지원청 남사중학교,남사중학교,449883,현존,경기도 용인시 처인구 남사읍 내기로 27,031-332-6007,031-332-6616
7751023,경기도교육청 경기도용인교육지원청 대지중학교,대지중학교,448803,현존,경기도 용인시 수지구 대지로51번길 22,031-8067-2100,031-8067-2190
7751024,경기도교육청 경기도용인교육지원청 모현중학교,모현중학교,449855,현존,경기도 용인시 처인구 모현읍 문현로189번길 5,031-330-3529,031-334-7741
7751025,경기도교육청 경기도용인교육지원청 문정중학교,문정중학교,448505,현존,경기도 용인시 수지구 포은대로 455,031-899-1300,031-263-9952
7751026,경기도교육청 경기도용인교육지원청 백암중학교,백암중학교,,현존,경기도 용인시 처인구 백암면 백원로 519-9,031-326-0010,031-332-4170
7751027,경기도교육청 경기도용인교육지원청 송전중학교,송전중학교,449832,현존,경기도 용인시 처인구 이동읍 경기동로687번길 28-14,031-8097-2740,031-8097-2756
7751028,경기도교육청 경기도용인교육지원청 상갈중학교,상갈중학교,446905,현존,경기 용인시 기흥구 금화로82번길 7,031-282-6056,031-282-7800
7751029,경기도교육청 경기도용인교육지원청 상현중학교,상현중학교,448130,현존,경기도 용인시 수지구 광교마을로 61,031-266-7948,031-266-7980
7751030,경기도교육청 경기도용인교육지원청 서원중학교,서원중학교,448130,현존,경기도 용인시 수지구 상현로42번길 26-8,031-8031-1400,031-272-2711
7751031,경기도교육청 경기도용인교육지원청 성복중학교,성복중학교,448831,현존,경기도 용인시 수지구 성복2로78번길 51,031-272-6255,031-272-6256
7751032,경기도교육청 경기도용인교육지원청 수지중학교,수지중학교,448170,현존,경기도 용인시 수지구 수풍로 102,031-261-0236,031-261-0239
7751033,경기도교육청 경기도용인교육지원청 신갈중학교,신갈중학교,,현존,경기도 용인시 기흥구 용구대로2152번길 23,031-547-0200,031-283-1925
7751034,경기도교육청 경기도용인교육지원청 소현중학교,소현중학교,,현존,경기도 용인시 기흥구 만현로133번길 96,031-270-6420,031-270-6497
7751035,경기도교육청 경기도용인교육지원청 이현중학교,이현중학교,448170,현존,경기도 용인시 수지구 진산로34번길 39,031-266-8032,031-266-8036
7751036,경기도교육청 경기도용인교육지원청 용동중학교,용동중학교,449821,현존,경기도 용인시 처인구 양지읍 남곡로 26,031-338-3020,031-338-7894
7751037,경기도교육청 경기도용인교육지원청 용인중학교,용인중학교,449925,현존,경기도 용인시 처인구 금학로341번길 8,031-330-5000,031-330-5005
7751038,경기도교육청 경기도용인교육지원청 원삼중학교,원삼중학교,17168,현존,경기도 용인시 처인구 원삼면 고당로16번길 29,031-332-8007,031-333-9635
7751039,경기도교육청 경기도용인교육지원청 정평중학교,정평중학교,448556,현존,경기도 용인시 수지구 정평로 21,031-265-9812,031-265-9814
7751040,경기도교육청 경기도용인교육지원청 죽전중학교,죽전중학교,448807,현존,경기도 용인시 수지구 용구대로2771번길 15,031-265-5141,031-265-5144
7751041,경기도교육청 경기도용인교육지원청 포곡중학교,포곡중학교,449815,현존,경기도 용인시 처인구 포곡읍 석성로 1176,031-334-6222,031-334-6224
7751042,경기도교육청 경기도용인교육지원청 태성중학교,태성중학교,17063,현존,경기도 용인시 처인구 백옥대로 1059-2,031-323-5312,031-321-0983
7751043,경기도교육청 경기도용인교육지원청 헌산중학교,헌산중학교,17167,현존,경기도 용인시 처인구 원삼면 내동로 50-13,031-334-4004,031-334-4125
7751044,경기도교육청 경기도용인교육지원청 홍천중학교,홍천중학교,,현존,경기도 용인시 수지구 신봉1로71번길 36,031-260-8888,031-276-6578
7751103,경기도교육청 경기도용인교육지원청 영문중학교,영문중학교,449813,현존,경기도 용인시 처인구 포곡읍 영문로 70,031-320-4619,031-322-2138
7751187,경기도교육청 경기도용인교육지원청 초당중학교,초당중학교,,현존,경기도 용인시 기흥구 동백중앙로 119,031-329-7800,031-693-6931
7751188,경기도교육청 경기도용인교육지원청 용천중학교,용천중학교,,현존,경기도 용인시 처인구 이동읍 백옥대로587번길 54,031-323-6214,031-323-6219
7751194,경기도교육청 경기도용인교육지원청 보라중학교,보라중학교,446904,현존,경기도 용인시 기흥구 한보라1로 63,031-8005-7802,031-8005-7804
7751195,경기도교육청 경기도용인교육지원청 고림중학교,고림중학교,449923,현존,경기도 용인시 처인구 고림로74번길 30,031-334-9163,031-334-9159
7751196,경기도교육청 경기도용인교육지원청 동백중학교,동백중학교,16999,현존,경기도 용인시 기흥구 동백중앙로 385,031-8006-7001,031-693-8525
7751226,경기도교육청 경기도용인교육지원청 청덕중학교,청덕중학교,446915,현존,경기도 용인시 기흥구 구성1로 23,031-282-6214,031-282-6215
7751231,경기도교육청 경기도용인교육지원청 흥덕중학교,흥덕중학교,446908,현존,경기도 용인시 기흥구 흥덕중앙로105번길 10,031-206-1328,031-206-1398
7751297,경기도교육청 경기도용인교육지원청 용인한빛중학교,용인한빛중학교,448501,현존,경기도 용인시 수지구 동천로 177,031-896-7250,031-896-7222
7751303,경기도교육청 경기도용인교육지원청 성서중학교,성서중학교,448140,현존,경기도 용인시 수지구 성복1로 137,031-8008-1500,031-261-8772
7751305,경기도교육청 경기도용인교육지원청 상하중학교,상하중학교,446517,현존,경기도 용인시 기흥구 중부대로746번길 16-29,031-548-6300,031-548-6339
7751314,경기도교육청 경기도용인교육지원청 신봉중학교,신봉중학교,448150,현존,경기도 용인시 수지구 신봉3로 43,031-8019-0100,031-8019-0199
7751327,경기도교육청 경기도용인교육지원청 어정중학교,어정중학교,446916,현존,경기도 용인시 기흥구 동백죽전대로527번길 83,031-547-6411,031-547-6405
7751332,경기도교육청 경기도용인교육지원청 서천중학교,서천중학교,17106,현존,경기도 용인시 기흥구 서천동로 7,031-273-6407,031-273-6409
7751359,경기도교육청 경기도용인교육지원청 한숲중학교,한숲중학교,449885,현존,경기도 용인시 처인구 남사읍 한숲로 109,031-280-2300,031-280-2397
7751396,경기도교육청 경기도용인교육지원청 고진중학교,고진중학교,449923,현존,경기도 용인시 처인구 고림로 165-2,031-333-4162,031-333-4168
7751404,경기도교육청 경기도용인교육지원청 도현중학교,도현중학교,,현존,경기도 용인시 처인구 모현읍 왕산로 15,031-526-7670,031-526-7674
7751405,경기도교육청 경기도용인교육지원청 처인중학교,처인중학교,,현존,경기도 용인시 처인구 남사읍 한숲로57번길 17,031-326-0892,031-326-0873
7751415,경기도교육청 경기도용인교육지원청 용인솔빛중학교,용인솔빛중학교,,현존,경기도 용인시 처인구 낙은로 98,031-526-7691,031-526-7692
7751416,경기도교육청 경기도용인교육지원청 기흥중학교,기흥중학교,16965,현존,경기도 용인시 기흥구 신갈로138번길 23,031-300-0804,031-282-5132
7751416,경기도교육청 경기도용인교육지원청 기흥중학교,기흥중학교,,현존,경기도 용인시 기흥구 기곡로 1-28,031-274-2960,
7761004,경기도교육청 경기도안성교육지원청 공도중학교,공도중학교,456823,현존,경기도 안성시 공도읍 공도로 115-12,031-612-7270,031-654-3065
7761005,경기도교육청 경기도안성교육지원청 서운중학교,서운중학교,456853,현존,경기도 안성시 서운면 바우덕이로 25,031-672-9052,031-673-4081
7761006,경기도교육청 경기도안성교육지원청 안성여자중학교,안성여자중학교,456040,현존,경기도 안성시 중앙2길 111,031-8052-1600,031-677-6038
7761007,경기도교육청 경기도안성교육지원청 안성중학교,안성중학교,456310,현존,경기도 안성시 금산길 43,031-673-2143,031-674-2031
7761008,경기도교육청 경기도안성교육지원청 양성중학교,양성중학교,456931,현존,경기도 안성시 양성면 양성로 51,031-670-7900,031-674-6994
7761009,경기도교육청 경기도안성교육지원청 일죽중학교,일죽중학교,17529,현존,경기도 안성시 일죽면 서동대로 7446,031-8046-6230,031-674-7128
7761010,경기도교육청 경기도안성교육지원청 죽산중학교,죽산중학교,456894,현존,경기도 안성시 죽산면 죽산향교길 54-40,031-676-4639,031-675-0674
7761011,경기도교육청 경기도안성교육지원청 명륜여자중학교,명륜여자중학교,456110,현존,경기도 안성시 장기로103번길 22,031-675-3538,031-673-7054
7761012,경기도교육청 경기도안성교육지원청 안청중학교,안청중학교,456360,현존,경기도 안성시 당목길 68,031-673-3124,031-675-3022
7761083,경기도교육청 경기도안성교육지원청 비룡중학교,비룡중학교,456360,현존,경기도 안성시 남파로 116,031-678-9340,031-678-9381
7761084,경기도교육청 경기도안성교육지원청 한겨레중학교,한겨레중학교,17524,현존,경기도 안성시 죽산면 칠장로 107-9,031-674-0110,031-671-3115
7761086,경기도교육청 경기도안성교육지원청 양진중학교,양진중학교,456826,현존,경기도 안성시 공도읍 진사1길 37,031-8046-7703,031-654-5334
7761100,경기도교육청 경기도안성교육지원청 만정중학교,만정중학교,456823,현존,경기도 안성시 공도읍 송원길 21-6,031-678-9701,031-692-5626
7771004,경기도교육청 경기도김포교육지원청 고촌중학교,고촌중학교,415811,현존,경기도 김포시 고촌읍 신곡로 106,031-986-0235,031-986-2415
7771005,경기도교육청 경기도김포교육지원청 김포여자중학교,김포여자중학교,415801,현존,경기도 김포시 봉화로 37-15,031-983-2071,031-983-2072
7771006,경기도교육청 경기도김포교육지원청 김포중학교,김포중학교,,현존,경기도 김포시 봉화로 83,031-982-2171,031-982-2176
7771007,경기도교육청 경기도김포교육지원청 대곶중학교,대곶중학교,415854,현존,경기도 김포시 대곶면 율생중앙로 8,031-987-0148,031-987-6828
7771008,경기도교육청 경기도김포교육지원청 분진중학교,분진중학교,415875,현존,경기도 김포시 월곶면 애기봉로11번길 86,031-987-1725,031-981-1745
7771009,경기도교육청 경기도김포교육지원청 양곡중학교,양곡중학교,415840,현존,경기도 김포시 양촌읍 양곡4로 138,031-981-0140,031-981-0148
7771010,경기도교육청 경기도김포교육지원청 장기중학교,장기중학교,,현존,경기도 김포시 청송로 5,031-986-7301,031-986-7308
7771011,경기도교육청 경기도김포교육지원청 하성중학교,하성중학교,,현존,경기도 김포시 하성면 애기봉로806번길 30,031-988-7263,031-988-8304
7771012,경기도교육청 경기도김포교육지원청 통진중학교,통진중학교,415861,현존,경기도 김포시 통진읍 김포대로 2165,031-987-1122,031-987-0137
7771013,경기도교육청 경기도김포교육지원청 풍무중학교,풍무중학교,415070,현존,경기도 김포시 유현로33번길 60,031-997-1692,031-997-1792
7771021,경기도교육청 경기도김포교육지원청 금파중학교,금파중학교,415030,현존,경기도 김포시 김포대로926번길 88-9,031-998-4121,031-998-4125
7771067,경기도교육청 경기도김포교육지원청 감정중학교,감정중학교,415010,현존,경기도 김포시 감정로 25,031-984-7457,031-984-7468
7771073,경기도교육청 경기도김포교육지원청 고창중학교,고창중학교,415805,현존,경기도 김포시 초당로 15,031-8048-6643,031-986-2512
7771103,경기도교육청 경기도김포교육지원청 마송중학교,마송중학교,415865,현존,경기도 김포시 통진읍 서암로 7,031-983-6845,031-983-6848
7771104,경기도교육청 경기도김포교육지원청 신양중학교,신양중학교,,현존,경기도 김포시 양촌읍 양곡4로 243,031-980-8411,031-983-8405
7771105,경기도교육청 경기도김포교육지원청 양도중학교,양도중학교,415070,현존,경기도 김포시 양도로56번길 59-25,031-986-2315,031-986-2317
7771122,경기도교육청 경기도김포교육지원청 푸른솔중학교,푸른솔중학교,,현존,경기도 김포시 김포한강2로 328,031-996-1673,031-996-1675
7771134,경기도교육청 경기도김포교육지원청 김포한가람중학교,김포한가람중학교,415080,현존,경기도 김포시 김포한강9로 140,031-996-7391,031-996-7398
7771135,경기도교육청 경기도김포교육지원청 은여울중학교,은여울중학교,,현존,경기도 김포시 김포한강8로 173-48,031-996-7351,031-996-7359
7771147,경기도교육청 경기도김포교육지원청 하늘빛중학교,하늘빛중학교,415806,현존,경기도 김포시 김포한강11로 354,031-986-3168,031-986-3170
7771148,경기도교육청 경기도김포교육지원청 운양중학교,운양중학교,415060,현존,경기도 김포시 김포한강2로24번길 50,031-5186-8700,031-985-2653
7771166,경기도교육청 경기도김포교육지원청 김포신곡중학교,김포신곡중학교,,현존,경기도 김포시 고촌읍 수기로 54-20,031-985-1093,031-986-1097
7771191,경기도교육청 경기도김포교육지원청 향산중학교,향산중학교,,현존,경기도 김포시 고촌읍 상미1로 26,031-8049-2800,031-8049-2870
7771202,경기도교육청 경기도김포교육지원청 나래중학교,나래중학교,,현존,경기도 김포시 김포한강9로 19,031-5186-2800,031-5186-2899
7771208,경기도교육청 경기도김포교육지원청 모담중학교,모담중학교,,현존,경기도 김포시 운양로 158,031-8049-4481,031-8049-4484
7781003,경기도교육청 경기도시흥교육지원청 소래중학교,소래중학교,429835,현존,경기도 시흥시 은행로 60,031-8042-5272,031-315-8205
7781004,경기도교육청 경기도시흥교육지원청 군자중학교,군자중학교,429801,현존,경기도 시흥시 군자봉길 299,031-487-7341,031-487-7343
7781005,경기도교육청 경기도시흥교육지원청 대흥중학교,대흥중학교,429808,현존,경기도 시흥시 서해안로 1587,070-7097-0916,031-312-9387
7781006,경기도교육청 경기도시흥교육지원청 송운중학교,송운중학교,429454,현존,경기도 시흥시 옥구천동로 433-11,031-506-1230,031-487-7980
7781007,경기도교육청 경기도시흥교육지원청 정왕중학교,정왕중학교,429450,현존,경기도 시흥시 정왕대로298번길 28,031-8042-2491,031-8042-2495
7781008,경기도교육청 경기도시흥교육지원청 함현중학교,함현중학교,429450,현존,경기도 시흥시 역전로 435,031-433-0073,031-433-0075
7781009,경기도교육청 경기도시흥교육지원청 서해중학교,서해중학교,429450,현존,경기도 시흥시 옥구천서로373번길 18,070-7097-1901,031-487-1440
7781010,경기도교육청 경기도시흥교육지원청 시흥중학교,시흥중학교,,현존,경기도 시흥시 옥구천동로374번길 39,031-503-2008,031-433-0055
7781011,경기도교육청 경기도시흥교육지원청 시흥은행중학교,시흥은행중학교,429838,현존,경기도 시흥시 은행로144번길 36,070-7097-0309,031-314-2464
7781012,경기도교육청 경기도시흥교육지원청 연성중학교,연성중학교,,현존,경기도 시흥시 하상로 14-7,031-317-3032,031-317-3035
7781013,경기도교육청 경기도시흥교육지원청 장곡중학교,장곡중학교,429842,현존,경기도 시흥시 장곡로 10,031-481-7499,031-317-3009
7781014,경기도교육청 경기도시흥교육지원청 신천중학교,신천중학교,429020,현존,경기도 시흥시 포도원로 88-1,070-7097-0415,031-316-2395
7781091,경기도교육청 경기도시흥교육지원청 월곶중학교,월곶중학교,429834,현존,경기도 시흥시 월곶해안로 63,031-503-1700,031-362-4530
7781092,경기도교육청 경기도시흥교육지원청 논곡중학교,논곡중학교,429804,현존,경기도 시흥시 수인로2421번길 72,031-365-3424,031-362-6705
7781093,경기도교육청 경기도시흥교육지원청 시화중학교,시화중학교,429450,현존,경기도 시흥시 큰솔로52번길 23,070-7097-0700,031-362-6405
7781100,경기도교육청 경기도시흥교육지원청 한국글로벌중학교,한국글로벌중학교,,현존,경기도 시흥시 금오로 640,02-2617-5384,02-2616-9729
7781102,경기도교육청 경기도시흥교육지원청 시흥능곡중학교,시흥능곡중학교,429240,현존,경기도 시흥시 능곡로 117,031-363-2800,031-317-3614
7781103,경기도교육청 경기도시흥교육지원청 시흥매화중학교,시흥매화중학교,429080,현존,경기도 시흥시 매화로 71,031-8042-2790,031-8042-2706
7781104,경기도교육청 경기도시흥교육지원청 은계중학교,은계중학교,429130,현존,경기도 시흥시 대은로111번길 10,070-7097-0471,031-404-9757
7781105,경기도교육청 경기도시흥교육지원청 응곡중학교,응곡중학교,429842,현존,경기도 시흥시 장곡로54번길 14,031-317-7306,031-317-7319
7781136,경기도교육청 경기도시흥교육지원청 배곧중학교,배곧중학교,429450,현존,경기도 시흥시 배곧4로 72,031-8099-9920,031-8099-9970
7781144,경기도교육청 경기도시흥교육지원청 조남중학교,조남중학교,,현존,경기도 시흥시 목감둘레로 205,031-490-4800,031-490-4899
7781160,경기도교육청 경기도시흥교육지원청 배곧해솔중학교,배곧해솔중학교,,현존,경기도 시흥시 서울대학로 150-23,031-8063-1800,031-8063-1890
7781173,경기도교육청 경기도시흥교육지원청 시흥가온중학교,시흥가온중학교,429420,현존,경기도 시흥시 장현순환로 100,031-365-8200,031-365-8298
7781191,경기도교육청 경기도시흥교육지원청 시화나래중학교,시화나래중학교,,현존,경기도 시흥시 거북섬남로 70,313643500,8042-7290
7781193,경기도교육청 경기도시흥교육지원청 배곧라라중학교,배곧라라중학교,,현존,경기도 시흥시 서울대학로 255,031-503-0098,031-499-7521
7781198,경기도교육청 경기도시흥교육지원청 산현중학교,산현중학교,429290,현존,경기도 시흥시 목감남서로 66,031-505-1900,031-441-1908
7812092,강원특별자치도교육청 강원특별자치도춘천교육지원청 가정중학교,가정중학교,200921,현존,강원특별자치도 춘천시 남면 여우내길 20,033-260-0300,033-261-7857
7812093,강원특별자치도교육청 강원특별자치도춘천교육지원청 강서중학교,강서중학교,200831,현존,강원특별자치도 춘천시 서면 박사로 1027,033-243-2003,033-244-2005
7812094,강원특별자치도교육청 강원특별자치도춘천교육지원청 강원체육중학교,강원체육중학교,200210,현존,강원도 춘천시 자라우새길 126,033-250-9362,033-241-3188
7812095,강원특별자치도교육청 강원특별자치도춘천교육지원청 광판중학교,광판중학교,200913,현존,강원도 춘천시 남산면 김유정로 83,033-263-8447,033-263-3301
7812096,강원특별자치도교육청 강원특별자치도춘천교육지원청 남춘천여자중학교,남춘천여자중학교,200937,현존,강원도 춘천시 충혼길 55,033-250-2225,033-253-1928
7812097,강원특별자치도교육청 강원특별자치도춘천교육지원청 남춘천중학교,남춘천중학교,200190,현존,강원특별자치도 춘천시 충혼길 51,033-250-9500,033-250-9579
7812098,강원특별자치도교육청 강원특별자치도춘천교육지원청 대룡중학교,대룡중학교,200170,현존,강원도 춘천시 퇴계농공로 65,033-250-2006,033-262-2050
7812099,강원특별자치도교육청 강원특별자치도춘천교육지원청 동산중학교,동산중학교,200840,현존,강원특별자치도 춘천시 동산면 영서로 461-22,033-261-2565,033-261-9556
7812100,강원특별자치도교육청 강원특별자치도춘천교육지원청 봄내중학교,봄내중학교,200948,현존,강원도 춘천시 공지로200번길 36,033-269-2502,033-262-5664
7812101,강원특별자치도교육청 강원특별자치도춘천교육지원청 소양중학교,소양중학교,200140,현존,강원도 춘천시 사우로 10,033-256-8143,033-256-8147
7812102,강원특별자치도교육청 강원특별자치도춘천교육지원청 신포중학교,신포중학교,200860,현존,강원특별자치도 춘천시 사북면 토둔1길 34,033-243-2987,033-243-2995
7812103,강원특별자치도교육청 강원특별자치도춘천교육지원청 창촌중학교,창촌중학교,200911,현존,강원특별자치도 춘천시 남산면 강촌로 136,033-261-0006,033-261-9581
7812104,강원특별자치도교육청 강원특별자치도춘천교육지원청 춘성중학교,춘성중학교,200820,현존,강원도 춘천시 신북읍 율문길 95-8,033-243-3672,033-242-3672
7812105,강원특별자치도교육청 강원특별자치도춘천교육지원청 춘천중학교,춘천중학교,200043,현존,강원특별자치도 춘천시 공지로 442-10,033-254-2803,033-251-9176
7812106,강원특별자치도교육청 강원특별자치도춘천교육지원청 퇴계중학교,퇴계중학교,200170,현존,강원특별자치도 춘천시 안마산로 123,033-818-4014,033-818-4015
7812107,강원특별자치도교육청 강원특별자치도춘천교육지원청 후평중학교,후평중학교,200160,현존,강원특별자치도 춘천시 서부대성로239번길 58,033-252-9943,033-242-9941
7812108,강원특별자치도교육청 강원특별자치도춘천교육지원청 강원중학교,강원중학교,200853,현존,강원도 춘천시 동면 장학길 24,033-258-4754,033-253-5337
7812109,강원특별자치도교육청 강원특별자치도춘천교육지원청 유봉여자중학교,유봉여자중학교,200060,현존,강원특별자치도 춘천시 봉의산길22번길 28,033-255-6019,033-243-3012
7812110,강원특별자치도교육청 강원특별자치도춘천교육지원청 봉의중학교,봉의중학교,200958,현존,강원특별자치도 춘천시 춘천로296번길 55,033-256-6882,033-256-6900
7812111,강원특별자치도교육청 강원특별자치도춘천교육지원청 우석중학교,우석중학교,200936,현존,강원특별자치도 춘천시 우석로101번길 17,033-269-3300,033-261-2133
7822128,강원특별자치도교육청 강원특별자치도원주교육지원청 버들중학교,버들중학교,,현존,강원특별자치도 원주시 세계로 87,033-738-4500,033-738-4510
7822129,강원특별자치도교육청 강원특별자치도원주교육지원청 귀래중학교,귀래중학교,220853,현존,강원특별자치도 원주시 귀래면 북원로 130,033-763-4017,033-763-4015
7822130,강원특별자치도교육청 강원특별자치도원주교육지원청 남원주중학교,남원주중학교,220944,현존,강원특별자치도 원주시 시청로 333,033-766-7652,033-763-7529
7822131,강원특별자치도교육청 강원특별자치도원주교육지원청 단구중학교,단구중학교,220965,현존,강원도 원주시 단구로 405,033-766-5302,033-766-5304
7822132,강원특별자치도교육청 강원특별자치도원주교육지원청 문막중학교,문막중학교,220806,현존,강원도 원주시 문막읍 문막시장1길 58,033-734-1347,033-735-1949
7822133,강원특별자치도교육청 강원특별자치도원주교육지원청 반곡중학교,반곡중학교,220170,현존,강원특별자치도 원주시 동부순환로 225,033-730-9502,033-748-9775
7822134,강원특별자치도교육청 강원특별자치도원주교육지원청 부론중학교,부론중학교,220810,현존,강원도 원주시 부론면 부귀로 35,033-769-1700,033-769-1706
7822135,강원특별자치도교육청 강원특별자치도원주교육지원청 북원중학교,북원중학교,220962,현존,강원특별자치도 원주시 북원중길 48,033-732-1462,033-748-1233
7822136,강원특별자치도교육청 강원특별자치도원주교육지원청 상지여자중학교,상지여자중학교,220930,현존,강원특별자치도 원주시 개운4길 25,033-761-7971,033-761-7978
7822137,강원특별자치도교육청 강원특별자치도원주교육지원청 섬강중학교,섬강중학교,220821,현존,강원특별자치도 원주시 지정면 가곡로 40,033-904-2000,033-904-2325
7822138,강원특별자치도교육청 강원특별자치도원주교육지원청 신림중학교,신림중학교,220862,현존,강원도 원주시 신림면 마지동길 91,033-762-7116,033-763-5848
7822139,강원특별자치도교육청 강원특별자치도원주교육지원청 원주여자중학교,원주여자중학교,220040,현존,강원도 원주시 단구로 147,033-764-1614,033-764-6142
7822140,강원특별자치도교육청 강원특별자치도원주교육지원청 원주중학교,원주중학교,220090,현존,강원특별자치도 원주시 치악로 1724,033-763-5174,033-763-5176
7822141,강원특별자치도교육청 강원특별자치도원주교육지원청 육민관중학교,육민관중학교,,현존,강원특별자치도 원주시 흥업면 남원로 111,033-763-8632,033-766-5101
7822142,강원특별자치도교육청 강원특별자치도원주교육지원청 지정중학교,지정중학교,220822,현존,강원특별자치도 원주시 지정면 능골길 19,033-731-6416,033-732-8430
7822143,강원특별자치도교육청 강원특별자치도원주교육지원청 진광중학교,진광중학교,220955,현존,강원특별자치도 원주시 진광길 50,033-742-3831,033-746-3440
7822144,강원특별자치도교육청 강원특별자치도원주교육지원청 치악중학교,치악중학교,220935,현존,강원특별자치도 원주시 원문로137번길 36,033-740-9870,033-742-3510
7822145,강원특별자치도교육청 강원특별자치도원주교육지원청 태장중학교,태장중학교,220121,현존,강원특별자치도 원주시 치악로 2006,033-747-9600,033-747-9630
7822146,강원특별자치도교육청 강원특별자치도원주교육지원청 평원중학교,평원중학교,220939,현존,강원도 원주시 무실로 222,033-732-6223,033-746-6790
7822147,강원특별자치도교육청 강원특별자치도원주교육지원청 학성중학교,학성중학교,220957,현존,강원도 원주시 동진골2길 24,033-731-1182,033-731-1447
7822148,강원특별자치도교육청 강원특별자치도원주교육지원청 호저중학교,호저중학교,220926,현존,강원특별자치도 원주시 호저면 호저로 507,033-731-0351,033-732-2338
7822149,강원특별자치도교육청 강원특별자치도원주교육지원청 황둔중학교,황둔중학교,26507,현존,강원특별자치도 원주시 신림면 중골길 6,033-764-2767,033-761-2034
7822150,강원특별자치도교육청 강원특별자치도원주교육지원청 원주대성중학교,원주대성중학교,220150,현존,강원특별자치도 원주시 북원로 2001,033-737-6420,033-762-1140
7822151,강원특별자치도교육청 강원특별자치도원주교육지원청 원주삼육중학교,원주삼육중학교,220150,현존,강원특별자치도 원주시 북원로 1998,033-731-6892,033-749-6419
7832081,강원특별자치도교육청 강원특별자치도강릉교육지원청 강릉해람중학교,강릉해람중학교,210070,현존,강원특별자치도 강릉시 명주로 25,033-650-5000,033-650-5010
7832082,강원특별자치도교육청 강원특별자치도강릉교육지원청 하슬라중학교,하슬라중학교,210940,현존,강원특별자치도 강릉시 보래미길 9,033-660-8800,033-653-7776
7832083,강원특별자치도교육청 강원특별자치도강릉교육지원청 강릉중학교,강릉중학교,210250,현존,강원특별자치도 강릉시 강중길44번길 8,033-650-6000,033-641-6395
7832084,강원특별자치도교육청 강원특별자치도강릉교육지원청 경포중학교,경포중학교,210931,현존,강원도 강릉시 노암등길 76,033-650-7893,033-641-7896
7832085,강원특별자치도교육청 강원특별자치도강릉교육지원청 관동중학교,관동중학교,210924,현존,강원특별자치도 강릉시 하슬라로 20번길 14,033-650-4600,033-647-6867
7832086,강원특별자치도교육청 강원특별자치도강릉교육지원청 동명중학교,동명중학교,210957,현존,강원도 강릉시 보래미하길79번길 21,033-610-8811,033-651-1845
7832087,강원특별자치도교육청 강원특별자치도강릉교육지원청 사천중학교,사천중학교,210851,현존,강원특별자치도 강릉시 사천면 석교골말길 8,033-650-1805,033-650-1851
7832088,강원특별자치도교육청 강원특별자치도강릉교육지원청 솔올중학교,솔올중학교,210924,현존,강원도 강릉시 솔올로 102,033-660-2100,033-655-8820
7832089,강원특별자치도교육청 강원특별자치도강릉교육지원청 옥계중학교,옥계중학교,210833,현존,강원도 강릉시 옥계면 천남길 38-13,033-534-7614,033-534-0062
7832090,강원특별자치도교육청 강원특별자치도강릉교육지원청 왕산중학교,왕산중학교,210910,현존,강원특별자치도 강릉시 왕산면 백두대간로 2005,033-647-8775,033-647-8769
7832091,강원특별자치도교육청 강원특별자치도강릉교육지원청 율곡중학교,율곡중학교,210923,현존,강원도 강릉시 가작로 125,033-610-5205,033-645-1267
7832092,강원특별자치도교육청 강원특별자치도강릉교육지원청 주문진중학교,주문진중학교,210801,현존,강원특별자치도 강릉시 주문진읍 연주로 294,033-660-6200,033-661-8017
7842032,강원특별자치도교육청 강원특별자치도동해교육지원청 동해광희중학교,동해광희중학교,240180,현존,강원특별자치도 동해시 청운로 112,033-520-0805,033-521-9333
7842033,강원특별자치도교육청 강원특별자치도동해교육지원청 동해삼육중학교,동해삼육중학교,240809,현존,강원특별자치도 동해시 동해대로 5367,033-531-3206,033-531-7161
7842034,강원특별자치도교육청 강원특별자치도동해교육지원청 동해중학교,동해중학교,240800,현존,강원특별자치도 동해시 느릅재길 37,033-530-3333,033-532-3757
7842035,강원특별자치도교육청 강원특별자치도동해교육지원청 묵호중학교,묵호중학교,,현존,강원특별자치도 동해시 향로3길 42,033-530-6888,033-533-8296
7842036,강원특별자치도교육청 강원특별자치도동해교육지원청 북평중학교,북평중학교,240140,현존,강원특별자치도 동해시 용정로 40-7,033-520-3100,033-521-1291
7842037,강원특별자치도교육청 강원특별자치도동해교육지원청 예람중학교,예람중학교,240270,현존,강원특별자치도 동해시 선돌길 21,033-520-5682,033-522-3363
7842038,강원특별자치도교육청 강원특별자치도동해교육지원청 하랑중학교,하랑중학교,240041,현존,강원특별자치도 동해시 발한로 347,033-530-7600,033-533-9642
7852024,강원특별자치도교육청 강원특별자치도태백교육지원청 상장중학교,상장중학교,235019,현존,강원특별자치도 태백시 태백로 1221,033-550-6611,033-552-1388
7852025,강원특별자치도교육청 강원특별자치도태백교육지원청 세연중학교,세연중학교,235801,현존,강원특별자치도 태백시 연지로33번길 26,033-550-9212,033-552-2720
7852026,강원특별자치도교육청 강원특별자치도태백교육지원청 철암중학교,철암중학교,235200,현존,강원도 태백시 상철암길 10-32,033-580-9100,033-580-9150
7852027,강원특별자치도교육청 강원특별자치도태백교육지원청 태백중학교,태백중학교,235100,현존,강원특별자치도 태백시 장성로 265,033-580-8414,033-581-7397
7852028,강원특별자치도교육청 강원특별자치도태백교육지원청 함태중학교,함태중학교,235019,현존,강원특별자치도 태백시 번영로 11,033-550-1160,033-553-2840
7852029,강원특별자치도교육청 강원특별자치도태백교육지원청 황지중학교,황지중학교,235010,현존,강원도 태백시 문화로 16,033-550-5114,033-553-3185
7863054,강원특별자치도교육청 강원특별자치도속초양양교육지원청 강현중학교,강현중학교,215852,현존,강원도 양양군 강현면 진미로54번길 14,033-670-8800,033-671-1353
7863055,강원특별자치도교육청 강원특별자치도속초양양교육지원청 설악중학교,설악중학교,217805,현존,강원특별자치도 속초시 미시령로 3402,033-634-5506,033-634-5577
7863056,강원특별자치도교육청 강원특별자치도속초양양교육지원청 설온중학교,설온중학교,,현존,강원특별자치도 속초시 배움터길 29,033-634-3300,033-631-8749
7863057,강원특별자치도교육청 강원특별자치도속초양양교육지원청 속초중학교,속초중학교,217805,현존,강원특별자치도 속초시 미시령로 3358,033-637-4986,033-636-2755
7863058,강원특별자치도교육청 강원특별자치도속초양양교육지원청 속초해랑중학교,속초해랑중학교,217808,현존,강원도 속초시 번영로 81,033-630-8500,033-635-1386
7863059,강원특별자치도교육청 강원특별자치도속초양양교육지원청 양양중학교,양양중학교,215805,현존,강원도 양양군 양양읍 서문3길 12,033-670-0318,033-671-2271
7863059,강원특별자치도교육청 강원특별자치도속초양양교육지원청 양양중학교,양양중학교,215805,현존,강원특별자치도 양양군 양양읍 복개길 23-12,033-670-8600,033-671-3582
7863060,강원특별자치도교육청 강원특별자치도속초양양교육지원청 현남중학교,현남중학교,215841,현존,강원도 양양군 현남면 매호길 14,033-671-6106,033-671-6141
7863061,강원특별자치도교육청 강원특별자치도속초양양교육지원청 현북중학교,현북중학교,215831,현존,강원특별자치도 양양군 현북면 송이로 254,033-672-8739,033-672-8741
7872037,강원특별자치도교육청 강원특별자치도삼척교육지원청 가곡중학교,가곡중학교,,현존,강원특별자치도 삼척시 가곡면 가곡천로 1427,033-570-6909,033-572-2590
7872038,강원특별자치도교육청 강원특별자치도삼척교육지원청 근덕중학교,근덕중학교,245832,현존,강원특별자치도 삼척시 근덕면 삼척로 3700,033-570-5602,033-570-5660
7872039,강원특별자치도교육청 강원특별자치도삼척교육지원청 도계중학교,도계중학교,245905,현존,강원도 삼척시 도계읍 도계느티로 36,033-541-0012,033-541-0017
7872040,강원특별자치도교육청 강원특별자치도삼척교육지원청 미로중학교,미로중학교,245821,현존,강원특별자치도 삼척시 미로면 강원남부로 3907,033-572-0072,033-572-9907
7872041,강원특별자치도교육청 강원특별자치도삼척교육지원청 삼척중학교,삼척중학교,245260,현존,강원특별자치도 삼척시 회강길 627,033-570-1181,033-573-3387
7872042,강원특별자치도교육청 강원특별자치도삼척교육지원청 원덕중학교,원덕중학교,245803,현존,강원특별자치도 삼척시 원덕읍 삼척로 480,033-571-5202,033-573-6864
7872043,강원특별자치도교육청 강원특별자치도삼척교육지원청 임원중학교,임원중학교,245801,현존,강원특별자치도 삼척시 원덕읍 삼척로 1313,033-573-3996,033-572-0816
7872044,강원특별자치도교육청 강원특별자치도삼척교육지원청 청아중학교,청아중학교,245939,현존,강원도 삼척시 성당길 63-7,033-571-2004,033-574-1031
7872045,강원특별자치도교육청 강원특별자치도삼척교육지원청 하장중학교,하장중학교,245912,현존,강원특별자치도 삼척시 하장면 백두대간로 2600,033-550-9530,033-550-9502
7872046,강원특별자치도교육청 강원특별자치도삼척교육지원청 삼일중학교,삼일중학교,245938,현존,강원특별자치도 삼척시 사직로 22,033-570-8831,033-573-4328
7882055,강원특별자치도교육청 강원특별자치도홍천교육지원청 내면중학교,내면중학교,250846,현존,강원도 홍천군 내면 구룡령로 5174,033-439-3915,033-439-3910
7882056,강원특별자치도교육청 강원특별자치도홍천교육지원청 내촌중학교,내촌중학교,250861,현존,강원도 홍천군 내촌면 도관길 44,033-433-3046,033-433-1232
7882057,강원특별자치도교육청 강원특별자치도홍천교육지원청 동화중학교,동화중학교,250893,현존,강원도 홍천군 영귀미면 속초길 22,033-439-4201,033-439-4250
7882058,강원특별자치도교육청 강원특별자치도홍천교육지원청 두촌중학교,두촌중학교,250821,현존,강원특별자치도 홍천군 두촌면 증골길 61,033-435-2054,033-435-8531
7882059,강원특별자치도교육청 강원특별자치도홍천교육지원청 서석중학교,서석중학교,250835,현존,강원도 홍천군 서석면 구룡령로 2570,033-439-3782,033-439-3790
7882060,강원특별자치도교육청 강원특별자치도홍천교육지원청 양덕중학교,양덕중학교,250875,현존,강원특별자치도 홍천군 남면 새작들길 11,033-439-3600,033-432-3888
7882061,강원특별자치도교육청 강원특별자치도홍천교육지원청 한서중학교,한서중학교,250855,현존,강원특별자치도 홍천군 서면 보리울길 3,033-434-0066,033-434-0920
7882062,강원특별자치도교육청 강원특별자치도홍천교육지원청 홍천여자중학교,홍천여자중학교,250921,현존,강원특별자치도 홍천군 홍천읍 갈마로11길 12,033-430-9806,033-430-9809
7882063,강원특별자치도교육청 강원특별자치도홍천교육지원청 홍천중학교,홍천중학교,250809,현존,강원특별자치도 홍천군 홍천읍 석화로 109-10,033-434-7475,033-434-4810
7882064,강원특별자치도교육청 강원특별자치도홍천교육지원청 화촌중학교,화촌중학교,250814,현존,강원도 홍천군 화촌면 삼포5길 5,033-432-2646,033-432-4563
7882065,강원특별자치도교육청 강원특별자치도홍천교육지원청 팔렬중학교,팔렬중학교,250864,현존,강원특별자치도 홍천군 내촌면 동창로 207,033-435-6324,033-435-6325
7892034,강원특별자치도교육청 강원특별자치도횡성교육지원청 갑천중학교,갑천중학교,225843,현존,강원특별자치도 횡성군 갑천면 갑천로 17,033-342-9144,033-342-8125
7892035,강원특별자치도교육청 강원특별자치도횡성교육지원청 강림중학교,강림중학교,225882,현존,강원특별자치도 횡성군 강림면 주천강로 1145,033-342-7042,033-342-8809
7892036,강원특별자치도교육청 강원특별자치도횡성교육지원청 공근중학교,공근중학교,225874,현존,강원도 횡성군 공근면 학담4길 21,033-342-3011,033-342-1638
7892037,강원특별자치도교육청 강원특별자치도횡성교육지원청 둔내중학교,둔내중학교,225831,현존,강원도 횡성군 둔내면 둔내로 22,033-342-1198,033-343-6016
7892038,강원특별자치도교육청 강원특별자치도횡성교육지원청 서원중학교,서원중학교,225861,현존,강원도 횡성군 서원면 서원로 131,033-342-8014,033-342-9707
7892039,강원특별자치도교육청 강원특별자치도횡성교육지원청 안흥중학교,안흥중학교,225823,현존,강원특별자치도 횡성군 안흥면 서동로 1121,333424468,033-342-5374
7892040,강원특별자치도교육청 강원특별자치도횡성교육지원청 우천중학교,우천중학교,225811,현존,강원특별자치도 횡성군 우천면 수남로59번길 37,033-342-4860,033-342-7370
7892041,강원특별자치도교육청 강원특별자치도횡성교육지원청 청일중학교,청일중학교,225852,현존,강원특별자치도 횡성군 청일면 청정로 807,033-342-8892~4,033-342-9165
7892042,강원특별자치도교육청 강원특별자치도횡성교육지원청 횡성중학교,횡성중학교,225808,현존,강원특별자치도 횡성군 횡성읍 교항로 33,033-343-2241,033-343-5707
7892043,강원특별자치도교육청 강원특별자치도횡성교육지원청 대동여자중학교,대동여자중학교,225808,현존,강원도 횡성군 횡성읍 대동로 28,033-340-3804,033-343-6261
7902030,강원특별자치도교육청 강원특별자치도영월교육지원청 녹전중학교,녹전중학교,230811,현존,강원특별자치도 영월군 산솔면 산솔시장길 3-1,033-378-4003,033-378-5001
7902031,강원특별자치도교육청 강원특별자치도영월교육지원청 마차중학교,마차중학교,230872,현존,강원특별자치도 영월군 북면 문학로길 25-8,033-372-3971,033-372-3979
7902032,강원특별자치도교육청 강원특별자치도영월교육지원청 봉래중학교,봉래중학교,230802,현존,강원특별자치도 영월군 영월읍 중리1길 172-17,033-834-1501,033-834-1599
7902033,강원특별자치도교육청 강원특별자치도영월교육지원청 상동중학교,상동중학교,230903,현존,강원특별자치도 영월군 상동읍 태백산로 3147,033-378-2517,033-378-2511
7902034,강원특별자치도교육청 강원특별자치도영월교육지원청 쌍룡중학교,쌍룡중학교,230835,현존,강원도 영월군 한반도면 쌍용삼거리길 4,033-372-5565,033-372-5465
7902035,강원특별자치도교육청 강원특별자치도영월교육지원청 연당중학교,연당중학교,230838,현존,강원특별자치도 영월군 남면 연당로 101-8,033-372-1516,033-372-3559
7902036,강원특별자치도교육청 강원특별자치도영월교육지원청 영월중학교,영월중학교,230801,현존,강원특별자치도 영월군 영월읍 오무개길 51,033-370-5010,033-370-5007
7902037,강원특별자치도교육청 강원특별자치도영월교육지원청 옥동중학교,옥동중학교,230822,현존,강원특별자치도 영월군 김삿갓면 영월동로 1664,033-372-9047,033-372-4513
7902038,강원특별자치도교육청 강원특별자치도영월교육지원청 주천중학교,주천중학교,230854,현존,강원특별자치도 영월군 주천면 주천로89번길 41,033-370-6000,033-370-6090
7902039,강원특별자치도교육청 강원특별자치도영월교육지원청 석정여자중학교,석정여자중학교,230882,현존,강원특별자치도 영월군 영월읍 영월로 1914-11,033-370-4500,033-370-4535
7912038,강원특별자치도교육청 강원특별자치도평창교육지원청 대관령중학교,대관령중학교,232954,현존,강원특별자치도 평창군 대관령면 올림픽로 58-17,033-335-2531,033-335-0958
7912039,강원특별자치도교육청 강원특별자치도평창교육지원청 계촌중학교,계촌중학교,232812,현존,강원특별자치도 평창군 방림면 계촌길 139,033-333-0511,033-333-4605
7912040,강원특별자치도교육청 강원특별자치도평창교육지원청 대화중학교,대화중학교,232910,현존,강원특별자치도 평창군 대화면 대화중앙로 32-8,033-333-0140,033-333-5724
7912041,강원특별자치도교육청 강원특별자치도평창교육지원청 미탄중학교,미탄중학교,232822,현존,강원특별자치도 평창군 미탄면 서동로 3647,033-332-9717,033-334-1536
7912042,강원특별자치도교육청 강원특별자치도평창교육지원청 봉평중학교,봉평중학교,232925,현존,강원특별자치도 평창군 봉평면 기풍4길 27-6,033-339-7800,033-336-4420
7912043,강원특별자치도교육청 강원특별자치도평창교육지원청 용전중학교,용전중학교,232932,현존,강원특별자치도 평창군 용평면 도사길 9,033-332-5021,033-332-5022
7912044,강원특별자치도교육청 강원특별자치도평창교육지원청 진부중학교,진부중학교,232949,현존,강원특별자치도 평창군 진부면 솔천길 69,033-335-7209,033-336-7444
7912045,강원특별자치도교육청 강원특별자치도평창교육지원청 평창중학교,평창중학교,232806,현존,강원특별자치도 평창군 평창읍 노성로 145,033-339-7900,033-333-9566
7922037,강원특별자치도교육청 강원특별자치도정선교육지원청 고한중학교,고한중학교,233813,현존,강원도 정선군 고한읍 고한9길 160,033-590-8464,033-592-2288
7922038,강원특별자치도교육청 강원특별자치도정선교육지원청 나전중학교,나전중학교,233852,현존,강원특별자치도 정선군 북평면 남평강변로 406,033-562-3390,033-563-3606
7922039,강원특별자치도교육청 강원특별자치도정선교육지원청 사북중학교,사북중학교,233901,현존,강원특별자치도 정선군 사북읍 소금강로 3640,033-590-0102,033-591-0171
7922040,강원특별자치도교육청 강원특별자치도정선교육지원청 여량중학교,여량중학교,233846,현존,강원도 정선군 여량면 여량7길 42,033-562-4124,033-562-0639
7922041,강원특별자치도교육청 강원특별자치도정선교육지원청 임계중학교,임계중학교,233875,현존,강원 정선군 임계면 백두대간로 1313,033-562-6115,033-562-3605
7922042,강원특별자치도교육청 강원특별자치도정선교육지원청 정선중학교,정선중학교,233804,현존,강원특별자치도 정선군 정선읍 봉양4길 15,033-562-0933,033-562-0556
7922043,강원특별자치도교육청 강원특별자치도정선교육지원청 함백중학교,함백중학교,233825,현존,강원특별자치도 정선군 신동읍 함백로 376,033-370-0101,033-378-0065
7922044,강원특별자치도교육청 강원특별자치도정선교육지원청 화동중학교,화동중학교,233860,현존,강원도 정선군 화암면 그림바위길 50,033-562-2031,033-563-2035
7922045,강원특별자치도교육청 강원특별자치도정선교육지원청 문곡중학교,문곡중학교,233835,현존,강원특별자치도 정선군 남면 칠현로 46,033-591-1116,0303-3130-1969
7932030,강원특별자치도교육청 강원특별자치도철원교육지원청 김화여자중학교,김화여자중학교,269841,현존,강원특별자치도 철원군 서면 와수1로 90,033-458-4229,033-458-0766
7932031,강원특별자치도교육청 강원특별자치도철원교육지원청 김화중학교,김화중학교,269846,현존,강원특별자치도 철원군 서면 와수1로 72,033-458-4222,033-458-5633
7932032,강원특별자치도교육청 강원특별자치도철원교육지원청 신철원중학교,신철원중학교,269802,현존,강원특별자치도 철원군 갈말읍 명성로149번길 64,033-450-1400,033-452-6772
7932033,강원특별자치도교육청 강원특별자치도철원교육지원청 철원여자중학교,철원여자중학교,269818,현존,강원특별자치도 철원군 동송읍 이평로123번길 40,033-450-3628,033-455-8143
7932034,강원특별자치도교육청 강원특별자치도철원교육지원청 철원중학교,철원중학교,269821,현존,강원도 철원군 철원읍 금학로251번안길 12,033-455-6324,033-455-8074
7942030,강원특별자치도교육청 강원특별자치도화천교육지원청 간동중학교,간동중학교,209822,현존,강원특별자치도 화천군 간동면 파로호로 945-21,033-440-1901,033-440-1919
7942031,강원특별자치도교육청 강원특별자치도화천교육지원청 사내중학교,사내중학교,209834,현존,강원특별자치도 화천군 사내면 포화로 1093,033-440-4221,033-441-4534
7942032,강원특별자치도교육청 강원특별자치도화천교육지원청 상서중학교,상서중학교,209811,현존,강원특별자치도 화천군 상서면 평촌길 126-44,033-441-7060,033-441-0506
7942033,강원특별자치도교육청 강원특별자치도화천교육지원청 화천중학교,화천중학교,209808,현존,강원특별자치도 화천군 하남면 춘화로 3348-9,033-440-1822,033-441-1785
7952023,강원특별자치도교육청 강원특별자치도양구교육지원청 대암중학교,대암중학교,255821,현존,강원특별자치도 양구군 동면 남동로 651,033-481-0074,033-481-2274
7952024,강원특별자치도교육청 강원특별자치도양구교육지원청 방산중학교,방산중학교,255831,현존,강원특별자치도 양구군 방산면 평화로 5057,033-481-5005,033-481-7005
7952025,강원특별자치도교육청 강원특별자치도양구교육지원청 석천중학교,석천중학교,255806,현존,강원특별자치도 양구군 양구읍 박수근로 327,033-480-1628,033-480-1621
7952026,강원특별자치도교육청 강원특별자치도양구교육지원청 양구중학교,양구중학교,255803,현존,강원특별자치도 양구군 양구읍 중심로 115,033-480-3400,033-482-2408
7952027,강원특별자치도교육청 강원특별자치도양구교육지원청 용하중학교,용하중학교,255815,현존,강원특별자치도 양구군 국토정중앙면 정중앙로 658번길,033-481-7903,033-481-8901
7952028,강원특별자치도교육청 강원특별자치도양구교육지원청 해안중학교,해안중학교,255840,현존,강원특별자치도 양구군 해안면 펀치볼로 1279,033-480-1702,033-481-8078
7962030,강원특별자치도교육청 강원특별자치도인제교육지원청 기린중학교,기린중학교,252846,현존,강원특별자치도 인제군 기린면 창암길 20,033-460-0228,033-461-5121
7962031,강원특별자치도교육청 강원특별자치도인제교육지원청 상남중학교,상남중학교,252850,현존,강원특별자치도 인제군 상남면 상남로47번길 16,033-461-6773,033-461-4259
7962032,강원특별자치도교육청 강원특별자치도인제교육지원청 서화중학교,서화중학교,252833,현존,강원특별자치도 인제군 서화면 천도로 112,033-462-4006,033-462-1119
7962033,강원특별자치도교육청 강원특별자치도인제교육지원청 신남중학교,신남중학교,252815,현존,강원도 인제군 남면 신남로 47-35,033-461-6261,033-461-5866
7962034,강원특별자치도교육청 강원특별자치도인제교육지원청 원통중학교,원통중학교,252825,현존,강원도 인제군 북면 원통로 285,033-460-8889,033-460-8807
7962035,강원특별자치도교육청 강원특별자치도인제교육지원청 인제중학교,인제중학교,252806,현존,강원특별자치도 인제군 인제읍 인제로231번길 12,033-460-0525,033-463-0600
7972028,강원특별자치도교육청 강원특별자치도고성교육지원청 거진중학교,거진중학교,219904,현존,강원도 고성군 거진읍 거평로 69,033-680-5503,033-682-4954
7972029,강원특별자치도교육청 강원특별자치도고성교육지원청 고성중학교,고성중학교,219801,현존,강원특별자치도 고성군 간성읍 수성로 125,033-680-7063,033-681-6065
7972030,강원특별자치도교육청 강원특별자치도고성교육지원청 대진중학교,대진중학교,219812,현존,강원도 고성군 현내면 화진포길 476,033-680-6612,033-682-0642
7972031,강원특별자치도교육청 강원특별자치도고성교육지원청 동광중학교,동광중학교,219831,현존,강원도 고성군 토성면 백촌길 30-15,033-630-3250,033-631-8098
8011009,충청북도교육청 충청북도청주교육지원청 가경중학교,가경중학교,361813,현존,충청북도 청주시 흥덕구 장구봉로 113,043-234-7694,043-235-3218
8011010,충청북도교육청 충청북도청주교육지원청 경덕중학교,경덕중학교,361802,현존,충청북도 청주시 흥덕구 풍년로79번길 7-2,043-235-2703,043-235-2705
8011011,충청북도교육청 충청북도청주교육지원청 금천중학교,금천중학교,360803,현존,충청북도 청주시 상당구 호미로 278,043-287-0642,043-287-0644
8011012,충청북도교육청 충청북도청주교육지원청 남성중학교,남성중학교,361201,현존,충청북도 청주시 서원구 청남로 1984,043-292-0342,043-292-0343
8011013,충청북도교육청 충청북도청주교육지원청 복대중학교,복대중학교,361815,현존,충청북도 청주시 흥덕구 짐대로 30,043-236-3563,043-236-3561
8011014,충청북도교육청 충청북도청주교육지원청 봉명중학교,봉명중학교,361819,현존,충청북도 청주시 흥덕구 백봉로224번길 59,043-267-7782,043-267-1231
8011015,충청북도교육청 충청북도청주교육지원청 산남중학교,산남중학교,361160,현존,충청북도 청주시 서원구 산남로 98,043-291-8151,043-291-8155
8011016,충청북도교육청 충청북도청주교육지원청 서경중학교,서경중학교,361260,현존,충청북도 청주시 흥덕구 가경로 41,043-236-9172,043-236-9175
8011017,충청북도교육청 충청북도청주교육지원청 서원중학교,서원중학교,,현존,충청북도 청주시 흥덕구 가경로189번길 61,043-231-3105,043-232-1230
8011028,충청북도교육청 충청북도청주교육지원청 송절중학교,송절중학교,361540,현존,충청북도 청주시 흥덕구 송절로 81,043-267-9274,043-267-9277
8011039,충청북도교육청 충청북도청주교육지원청 수곡중학교,수곡중학교,361838,현존,충청북도 청주시 서원구 수곡로 15,043-291-0234,043-291-0235
8011050,충청북도교육청 충청북도청주교육지원청 용암중학교,용암중학교,360826,현존,충청북도 청주시 상당구 용암로 18,043-293-4092,043-293-4095
8011059,충청북도교육청 충청북도청주교육지원청 운동중학교,운동중학교,360187,현존,충청북도 청주시 상당구 운동로 19,043-291-8805,043-286-8802
8011070,충청북도교육청 충청북도청주교육지원청 원봉중학교,원봉중학교,360811,현존,충청북도 청주시 상당구 중흥로 99,043-294-0094,043-294-0095
8011081,충청북도교육청 충청북도청주교육지원청 원평중학교,원평중학교,361201,현존,충청북도 청주시 서원구 1순환로1137번길 36,043-299-7200,043-287-8815
8011092,충청북도교육청 충청북도청주교육지원청 율량중학교,율량중학교,360568,현존,충청북도 청주시 청원구 2순환로 310,043-212-0545,043-212-0549
8011103,충청북도교육청 충청북도청주교육지원청 주성중학교,주성중학교,360821,현존,충청북도 청주시 청원구 율량로 152,043-279-8212,043-257-3092
8011113,충청북도교육청 충청북도청주교육지원청 청운중학교,청운중학교,360090,현존,충청북도 청주시 상당구 영운천로 69,043-255-0052,043-257-3095
8011116,충청북도교육청 충청북도청주교육지원청 성화중학교,성화중학교,,현존,충청북도 청주시 서원구 신성화로 20,82-043-283-2097,82-043-283-2090
8011123,충청북도교육청 충청북도청주교육지원청 청주남중학교,청주남중학교,361150,현존,충청북도 청주시 서원구 청남로 2039,043-287-1712,043-287-1717
8011130,충청북도교육청 충청북도청주교육지원청 서현중학교,서현중학교,361260,현존,충청북도 청주시 흥덕구 서현중로 10,043-270-6540,043-270-6560
8011131,충청북도교육청 충청북도청주교육지원청 용성중학교,용성중학교,360182,현존,충청북도 청주시 상당구 영운천로203번길 36-12,043-715-5201,043-715-5210
8011134,충청북도교육청 충청북도청주교육지원청 청주동중학교,청주동중학교,360800,현존,충청북도 청주시 상당구 수영로 258,043-299-9140,043-299-9195
8011144,충청북도교육청 충청북도청주교육지원청 청주여자중학교,청주여자중학교,361826,현존,충청북도 청주시 서원구 사운로 60,043-273-7102,043-267-1232
8011145,충청북도교육청 충청북도청주교육지원청 솔밭중학교,솔밭중학교,,현존,충청북도 청주시 흥덕구 진재로103번길 15,043-280-5510,043-716-2009
8011149,충청북도교육청 충청북도청주교육지원청 청주중앙여자중학교,청주중앙여자중학교,360220,현존,충청북도 청주시 청원구 율천북로 59,043-211-1806,043-211-3000
8011150,충청북도교육청 충청북도청주교육지원청 청주중앙중학교,청주중앙중학교,360200,현존,충청북도 청주시 청원구 향군로115번길 17,043-252-9551,043-257-3094
8011151,충청북도교육청 충청북도청주교육지원청 청주중학교,청주중학교,360020,현존,충청북도 청주시 상당구 사직대로361번길 125,043-710-7800,043-250-6646
8011152,충청북도교육청 충청북도청주교육지원청 대성여자중학교,대성여자중학교,360112,현존,충청북도 청주시 상당구 대성로 208,043-255-4251,043-252-3097
8011153,충청북도교육청 충청북도청주교육지원청 대성중학교,대성중학교,361839,현존,충청북도 청주시 흥덕구 사운로 342,043-262-5873,043-267-6825
8011154,충청북도교육청 충청북도청주교육지원청 세광중학교,세광중학교,361201,현존,충청북도 청주시 서원구 2순환로 1574,043-714-1500,043-714-1545
8011155,충청북도교육청 충청북도청주교육지원청 운호중학교,운호중학교,361806,현존,충청북도 청주시 서원구 무심서로 375,043-287-1231,043-287-1237
8011156,충청북도교육청 충청북도청주교육지원청 일신여자중학교,일신여자중학교,360081,현존,충청북도 청주시 상당구 영운로 126,043-256-7322,043-257-6950
8011157,충청북도교육청 충청북도청주교육지원청 충북여자중학교,충북여자중학교,361807,현존,충청북도 청주시 서원구 무심서로 377,043-286-1142,043-286-1147
8011322,충청북도교육청 충청북도청주교육지원청 가덕중학교,가덕중학교,363851,현존,충청북도 청주시 상당구 가덕면 단재로 1448,043-298-5482,043-298-5486
8011323,충청북도교육청 충청북도청주교육지원청 내수중학교,내수중학교,,현존,충청북도 청주시 청원구 내수읍 마산3길 38,043-214-0711,043-214-6254
8011324,충청북도교육청 충청북도청주교육지원청 각리중학교,각리중학교,363883,현존,충청북도 청주시 청원구 오창읍 오창중앙로 48,043-218-0566,043-218-0568
8011325,충청북도교육청 충청북도청주교육지원청 문의중학교,문의중학교,363832,현존,충청북도 청주시 상당구 문의면 대청호반로 832,043-297-7702,294-6257
8011326,충청북도교육청 충청북도청주교육지원청 미원중학교,미원중학교,363874,현존,충청북도 청주시 상당구 미원면 단재로 2494,043-298-1322,298-4932
8011327,충청북도교육청 충청북도청주교육지원청 오창중학교,오창중학교,363882,현존,충청북도 청주시 청원구 오창읍 팔결로 619,043-217-2616,043-217-6253
8011328,충청북도교육청 충청북도청주교육지원청 옥산중학교,옥산중학교,,현존,충청북도 청주시 흥덕구 옥산면 오산1길 41,043-260-0141,260-1868
8011329,충청북도교육청 충청북도청주교육지원청 현도중학교,현도중학교,363821,현존,충청북도 청주시 서원구 현도면 청남로 332-4,043-260-8842,260-9371
8011330,충청북도교육청 충청북도청주교육지원청 오송중학교,오송중학교,363954,현존,충청북도 청주시 흥덕구 오송읍 만수2길 13,043-239-0682,043-239-0689
8011331,충청북도교육청 충청북도청주교육지원청 양청중학교,양청중학교,363883,현존,충청북도 청주시 청원구 오창읍 양청택지3길 5,043-241-0062,043-241-0065
8011373,충청북도교육청 충청북도청주교육지원청 생명중학교,생명중학교,,현존,충청북도 청주시 청원구 오창읍 중부로 772,043-215-5394,043-215-5399
8011390,충청북도교육청 충청북도청주교육지원청 솔강중학교,솔강중학교,,현존,충청북도 청주시 흥덕구 오송읍 오송생명8로 85,043-715-7602,043-715-7609
8011391,충청북도교육청 충청북도청주교육지원청 용아중학교,용아중학교,360100,현존,충청북도 청주시 상당구 중고개로142번길 32-7,043-287-5311,043-287-5313
8021007,충청북도교육청 충청북도충주교육지원청 노은중학교,노은중학교,,현존,충북 충주시 노은면 감노로 1387,043-853-5935,043-853-6158
8021008,충청북도교육청 충청북도충주교육지원청 산척중학교,산척중학교,380831,현존,충청북도 충주시 산척면 천등박달로 134,043-853-6209,043-853-8519
8021009,충청북도교육청 충청북도충주교육지원청 수안보중학교,수안보중학교,,현존,충북 충주시 수안보면 관동길 18,043-846-5100,043-847-6997
8021010,충청북도교육청 충청북도충주교육지원청 신니중학교,신니중학교,380890,현존,충청북도 충주시 신니면 신의수청길 149,"043-852-3073,3074",043-852-8791
8021011,충청북도교육청 충청북도충주교육지원청 신명중학교,신명중학교,380843,현존,충청북도 충주시 엄정면 동막강현길 377,043-852-1524,043-852-3643
8021021,충청북도교육청 충청북도충주교육지원청 앙성중학교,앙성중학교,380865,현존,충청북도 충주시 앙성면 앙암로 66,043-855-2953,043-855-8689
8021031,충청북도교육청 충청북도충주교육지원청 주덕중학교,주덕중학교,380880,현존,충청북도 충주시 주덕읍 창전길 223,043-849-0710,043-846-0412
8021035,충청북도교육청 충청북도충주교육지원청 중원중학교,중원중학교,380812,현존,충청북도 충주시 동량면 대미길 94,043-853-0037,043-853-0377
8021036,충청북도교육청 충청북도충주교육지원청 충일중학교,충일중학교,380110,현존,충청북도 충주시 만리산9길 31,043-850-9960,043-842-0898
8021037,충청북도교육청 충청북도충주교육지원청 충주미덕중학교,충주미덕중학교,380966,현존,충청북도 충주시 방아길 20,043-848-1925,043-844-3374
8021038,충청북도교육청 충청북도충주교육지원청 충주북여자중학교,충주북여자중학교,380950,현존,충청북도 충주시 야현1길 21,043-840-2521,043-848-1428
8021039,충청북도교육청 충청북도충주교육지원청 충주여자중학교,충주여자중학교,380060,현존,충청북도 충주시 예성로 221,043-848-0142,043-844-5516
8021040,충청북도교육청 충청북도충주교육지원청 충주예성여자중학교,충주예성여자중학교,380967,현존,충청북도 충주시 호암대로 34,043-724-1910,043-845-4028
8021041,충청북도교육청 충청북도충주교육지원청 충주중앙중학교,충주중앙중학교,380062,현존,충청북도 충주시 대흥1길 27,043-857-1962,043-857-1969
8021042,충청북도교육청 충청북도충주교육지원청 충주중학교,충주중학교,380966,현존,충청북도 충주시 거룡2길 14,043-730-5850,043-848-3389
8021043,충청북도교육청 충청북도충주교육지원청 칠금중학교,칠금중학교,380965,현존,충청북도 충주시 칠금중앙4길 6,043-857-7032,043-857-7037
8021044,충청북도교육청 충청북도충주교육지원청 탄금중학교,탄금중학교,380965,현존,충청북도 충주시 우륵로 56,043-857-0582,043-857-0585
8021137,충청북도교육청 충청북도충주교육지원청 중앙탑중학교,중앙탑중학교,,현존,충청북도 충주시 중앙탑면 원앙4길 64,043-857-9042,043-857-9044
8021145,충청북도교육청 충청북도충주교육지원청 충주대소원중학교,충주대소원중학교,,현존,충청북도 충주시 대소원면 첨단산업4로 48,043-848-5993,043-857-9497
8031005,충청북도교육청 충청북도제천교육지원청 내토중학교,내토중학교,390894,현존,충청북도 제천시 장락로 18,043-652-6982,043-652-6987
8031006,충청북도교육청 충청북도제천교육지원청 대제중학교,대제중학교,390899,현존,충청북도 제천시 청전대로1길 29,043-643-7282,043-644-7284
8031007,충청북도교육청 충청북도제천교육지원청 백운중학교,백운중학교,390882,현존,충청북도 제천시 백운면 평동로 67,043-652-6388,043-652-8413
8031008,충청북도교육청 충청북도제천교육지원청 봉양중학교,봉양중학교,390875,현존,충청북도 제천시 봉양읍 앞산로 39,043-647-7793,043-647-8414
8031009,충청북도교육청 충청북도제천교육지원청 송학중학교,송학중학교,390810,현존,충청북도 제천시 송학면 송학로5길 7,043-642-7589,043-646-8415
8031010,충청북도교육청 충청북도제천교육지원청 수산중학교,수산중학교,390840,현존,충청북도 제천시 수산면 지곡로 12,043-648-5489,043-647-8417
8031011,충청북도교육청 충청북도제천교육지원청 의림여자중학교,의림여자중학교,390240,현존,충청북도 제천시 하소로 69,043-644-7087,043-644-7069
8031012,충청북도교육청 충청북도제천교육지원청 제천덕산중학교,제천덕산중학교,390851,현존,충청북도 제천시 덕산면 약초로 133,043-642-3171,043-646-8323
8031013,충청북도교육청 충청북도제천교육지원청 제천동중학교,제천동중학교,,현존,충청북도 제천시 의병대로 301,043-642-8123,043-645-9275
8031014,충청북도교육청 충청북도제천교육지원청 제천여자중학교,제천여자중학교,390897,현존,충청북도 제천시 용두천로 312,043-643-5082,043-646-0009
8031015,충청북도교육청 충청북도제천교육지원청 제천중학교,제천중학교,390060,현존,충청북도 제천시 의병대로 29,043-646-5642,436465646
8031016,충청북도교육청 충청북도제천교육지원청 청풍중학교,청풍중학교,27214,현존,충청북도 제천시 청풍면 청풍호로 2194,043-648-0280,043-647-8321
8031017,충청북도교육청 충청북도제천교육지원청 한송중학교,한송중학교,390862,현존,충청북도 제천시 한수면 미륵송계로6길 12,043-653-1588,043-653-8412
8051005,충청북도교육청 충청북도보은교육지원청 보덕중학교,보덕중학교,376832,현존,충청북도 보은군 탄부면 삼승탄부로 843-21,043-542-7782,043-543-1816
8051006,충청북도교육청 충청북도보은교육지원청 보은여자중학교,보은여자중학교,376803,현존,충청북도 보은군 보은읍 보은로,043-540-2804,043-542-1117
8051007,충청북도교육청 충청북도보은교육지원청 보은중학교,보은중학교,,현존,충청북도 보은군 보은읍 뱃들로 55-23,043-544-2615,043-544-2616
8051010,충청북도교육청 충청북도보은교육지원청 회인중학교,회인중학교,376893,현존,충청북도 보은군 회인면 회인로 73,043-542-9259,043-542-9502
8051045,충청북도교육청 충청북도보은교육지원청 속리산중학교,속리산중학교,376821,현존,충청북도 보은군 삼승면 능월1길 11,043-542-7201,043-542-9506
8061005,충청북도교육청 충청북도옥천교육지원청 안내중학교,안내중학교,373813,현존,충청북도 옥천군 안내면 안남로 29,043-732-6043,043-733-5287
8061006,충청북도교육청 충청북도옥천교육지원청 옥천여자중학교,옥천여자중학교,373803,현존,충청북도 옥천군 옥천읍 중앙로 90,043-733-2582,043-733-7702
8061007,충청북도교육청 충청북도옥천교육지원청 옥천중학교,옥천중학교,373809,현존,충청북도 옥천군 옥천읍 삼양로 81,043-733-5951,043-733-5854
8061008,충청북도교육청 충청북도옥천교육지원청 이원중학교,이원중학교,373861,현존,충청북도 옥천군 이원면 건진3길 16,043-732-2011,043-733-9584
8061009,충청북도교육청 충청북도옥천교육지원청 청산중학교,청산중학교,373874,현존,충청북도 옥천군 청산면 청산로 88,043-732-8013,043-732-8223
8071006,충청북도교육청 충청북도영동교육지원청 영동중학교,영동중학교,370802,현존,충청북도 영동군 영동읍 계산로 106,043-740-7900,043-740-7988
8071008,충청북도교육청 충청북도영동교육지원청 학산중학교,학산중학교,370821,현존,충청북도 영동군 학산면 학산양산로 12,043-740-9821,043-743-6396
8071010,충청북도교육청 충청북도영동교육지원청 심천중학교,심천중학교,370851,현존,충청북도 영동군 심천면 초강로 143,043-742-6082,043-742-6088
8071011,충청북도교육청 충청북도영동교육지원청 영신중학교,영신중학교,370805,현존,충청북도 영동군 영동읍 영동황간로 22,043-742-3851,043-742-0455
8071012,충청북도교육청 충청북도영동교육지원청 정수중학교,정수중학교,370832,현존,충청북도 영동군 양산면 송호로1길 56,043-744-8079,043-744-0195
8071013,충청북도교육청 충청북도영동교육지원청 추풍령중학교,추풍령중학교,370893,현존,충청북도 영동군 추풍령면 신안로 106,043-742-2882,043-742-0842
8071052,충청북도교육청 충청북도영동교육지원청 새너울중학교,새너울중학교,,현존,충청북도 영동군 황간면 황간로 162,043-740-0313,043-740-0398
8081004,충청북도교육청 충청북도진천교육지원청 광혜원중학교,광혜원중학교,365830,현존,충청북도 진천군 광혜원면 화랑길 137,043-535-3283,043-535-4954
8081005,충청북도교육청 충청북도진천교육지원청 덕산중학교,덕산중학교,365843,현존,충청북도 진천군 덕산읍 몽촌2길 19,043-536-4281,043-536-8772
8081007,충청북도교육청 충청북도진천교육지원청 이월중학교,이월중학교,365821,현존,충청북도 진천군 이월면 진광로 753,043-536-7781,043-536-7413
8081008,충청북도교육청 충청북도진천교육지원청 진천여자중학교,진천여자중학교,27844,현존,충청북도 진천군 진천읍 덕금로 65-16,043-533-3401,043-533-7076
8081009,충청북도교육청 충청북도진천교육지원청 진천중학교,진천중학교,365806,현존,충청북도 진천군 진천읍 성중로 27-5,043-533-2321,043-533-2717
8081049,충청북도교육청 충청북도진천교육지원청 서전중학교,서전중학교,,현존,충청북도 진천군 덕산읍 예지로 42,043-537-8229,043-537-8230
8081061,충청북도교육청 충청북도진천교육지원청 충북체육중학교,충북체육중학교,,현존,충청북도 진천군 문백면 도하3길 120,043-534-8421,043-534-8427
8092007,충청북도교육청 충청북도괴산증평교육지원청 괴산북중학교,괴산북중학교,367802,현존,충청북도 괴산군 괴산읍 임꺽정로 139,043-834-0433,043-834-0432
8092008,충청북도교육청 충청북도괴산증평교육지원청 괴산중학교,괴산중학교,367804,현존,충청북도 괴산군 괴산읍 괴산로 3527,043-832-0236,043-832-0259
8092010,충청북도교육청 충청북도괴산증평교육지원청 송면중학교,송면중학교,367847,현존,충청북도 괴산군 청천면 문장로 2915,043-833-8307,043-833-4486
8092011,충청북도교육청 충청북도괴산증평교육지원청 연풍중학교,연풍중학교,367880,현존,충청북도 괴산군 연풍면 향교로 55,043-833-5081,043-833-8283
8092013,충청북도교육청 충청북도괴산증평교육지원청 증평여자중학교,증평여자중학교,368907,현존,충청북도 증평군 증평읍 중앙로 132,043-838-0512,043-838-4238
8092014,충청북도교육청 충청북도괴산증평교육지원청 증평중학교,증평중학교,368904,현존,충청북도 증평군 증평읍 광장로 158,043-836-2345,043-838-2210
8092015,충청북도교육청 충청북도괴산증평교육지원청 청천중학교,청천중학교,367843,현존,충청북도 괴산군 청천면 선평길 75,043-832-4092,043-832-7742
8092016,충청북도교육청 충청북도괴산증평교육지원청 칠성중학교,칠성중학교,367862,현존,충청북도 괴산군 칠성면 사평길 28,043-832-5593,043-832-1421
8092017,충청북도교육청 충청북도괴산증평교육지원청 청안중학교,청안중학교,367831,현존,충청북도 괴산군 청안면 청안읍내로3길 20,043-836-9083,043-836-9081
8092018,충청북도교육청 충청북도괴산증평교육지원청 형석중학교,형석중학교,368906,현존,충청북도 증평군 증평읍 미암로 26,043-835-1210,043-838-2559
8092069,충청북도교육청 충청북도괴산증평교육지원청 괴산오성중학교,괴산오성중학교,,현존,충청북도 괴산군 감물면 오창로 56,043-833-3495,043-833-3490
8101006,충청북도교육청 충청북도음성교육지원청 감곡중학교,감곡중학교,369854,현존,충청북도 음성군 감곡면 음성로 2629,043-882-2091,043-881-0706
8101007,충청북도교육청 충청북도음성교육지원청 대소중학교,대소중학교,,현존,충청북도 음성군 대소읍 대동로869번길 15,043-881-7063,043-877-5676
8101008,충청북도교육청 충청북도음성교육지원청 무극중학교,무극중학교,369900,현존,충청북도 음성군 금왕읍 응천서길27번길 37,043-877-0912,043-877-4655
8101009,충청북도교육청 충청북도음성교육지원청 삼성중학교,삼성중학교,369833,현존,충청북도 음성군 삼성면 덕호로 39,043-878-6436,043-877-3674
8101010,충청북도교육청 충청북도음성교육지원청 음성여자중학교,음성여자중학교,369803,현존,충청북도 음성군 음성읍 한불로 10,043-872-2158,043-873-3168
8101011,충청북도교육청 충청북도음성교육지원청 음성중학교,음성중학교,369800,현존,충청북도 음성군 음성읍 수정로 79,043-872-2151,043-873-1730
8101012,충청북도교육청 충청북도음성교육지원청 매괴여자중학교,매괴여자중학교,369851,현존,충청북도 음성군 감곡면 매괴길 10,043-881-3190,043-877-9114
8101013,충청북도교육청 충청북도음성교육지원청 생극중학교,생극중학교,369840,현존,충청북도 음성군 생극면 음성로 1672,043-878-3481,043-877-4782
8101014,충청북도교육청 충청북도음성교육지원청 한일중학교,한일중학교,369806,현존,충청북도 음성군 음성읍 예술로 34,043-872-2156,043-873-4114
8101070,충청북도교육청 충청북도음성교육지원청 동성중학교,동성중학교,369810,현존,충청북도 음성군 학예로 32,043-750-5000,043-750-5050
8111006,충청북도교육청 충청북도단양교육지원청 단성중학교,단성중학교,,현존,충청북도 단양군 단성면 월악로 4633,043-422-0792,043-422-0573
8111007,충청북도교육청 충청북도단양교육지원청 단양중학교,단양중학교,395804,현존,충청북도 단양군 단양읍 도전9길 12,043-422-2280,043-423-2996
8111008,충청북도교육청 충청북도단양교육지원청 매포중학교,매포중학교,395905,현존,충청북도 단양군 매포읍 평동1로 13,043-422-3811,043-422-3821
8111010,충청북도교육청 충청북도단양교육지원청 영춘중학교,영춘중학교,,현존,충청북도 단양군 영춘면 온달평강로 105,043-423-7007,043-423-3552
8111045,충청북도교육청 충청북도단양교육지원청 단양소백산중학교,단양소백산중학교,395833,현존,충청북도 단양군 영춘면 장발선돌길 14,043-423-9621,043-423-9623
8151010,충청남도교육청 충청남도천안교육지원청 천안불당중학교,천안불당중학교,331230,현존,충청남도 천안시 서북구 불당11로 35,041-558-9522,041-558-9516
8151011,충청남도교육청 충청남도천안교육지원청 목천중학교,목천중학교,330843,현존,충청남도 천안시 동남구 목천읍 삼방로 145,041-559-1653,041-557-2439
8151012,충청남도교육청 충청남도천안교육지원청 병천중학교,병천중학교,330863,현존,충청남도 천안시 동남구 병천면 충절로 1872,041-561-9676,041-564-1916
8151013,충청남도교육청 충청남도천안교육지원청 성환중학교,성환중학교,331805,현존,충청남도 천안시 서북구 성환읍 성환2로 79,041-581-0381,041-581-0382
8151014,충청남도교육청 충청남도천안교육지원청 입장중학교,입장중학교,31027,현존,충청남도 천안시 서북구 입장면 연곡길 36,041-585-5021,041-585-5020
8151015,충청남도교육청 충청남도천안교육지원청 천남중학교,천남중학교,330892,현존,충청남도 천안시 동남구 성남면 신사대화로 403,041-553-0843,041-553-5868
8151016,충청남도교육청 충청남도천안교육지원청 천안봉서중학교,천안봉서중학교,331090,현존,충청남도 천안시 서북구 미라1길 48,041-571-3851,041-571-3850
8151017,충청남도교육청 충청남도천안교육지원청 천안부성중학교,천안부성중학교,331240,현존,충청남도 천안시 서북구 공대길 45-9,041-523-7096,041-523-7098
8151018,충청남도교육청 충청남도천안교육지원청 천안북중학교,천안북중학교,330130,현존,충청남도 천안시 동남구 중앙로 188,041-561-4656,041-561-4659
8151019,충청남도교육청 충청남도천안교육지원청 천안쌍용중학교,천안쌍용중학교,331090,현존,충청남도 천안시 서북구 쌍용12길 13,041-576-7362,041-576-7365
8151020,충청남도교육청 충청남도천안교육지원청 천안두정중학교,천안두정중학교,331210,현존,충청남도 천안시 서북구 두정중1길 26,041-561-6802,041-561-6810
8151021,충청남도교육청 충청남도천안교육지원청 천안성정중학교,천안성정중학교,331172,현존,충청남도 천안시 서북구 성정중2길 40,041-552-0755,041-555-2224
8151022,충청남도교육청 충청남도천안교육지원청 천안여자중학교,천안여자중학교,330070,현존,충청남도 천안시 동남구 원거리11길 31,041-551-2008,041-568-0774
8151023,충청남도교육청 충청남도천안교육지원청 천안중학교,천안중학교,,현존,충청남도 천안시 동남구 충절로 90,041-563-0242,041-563-0243
8151025,충청남도교육청 충청남도천안교육지원청 광풍중학교,광풍중학교,31217,현존,충청남도 천안시 동남구 풍세면 광풍로 1021-11,041-566-7007,041-553-4302
8151027,충청남도교육청 충청남도천안교육지원청 복자여자중학교,복자여자중학교,330130,현존,충청남도 천안시 동남구 복자1길 1,041-551-6003,041-568-0784
8151029,충청남도교육청 충청남도천안교육지원청 천성중학교,천성중학교,330140,현존,충청남도 천안시 동남구 벌말1길 7,041-551-7450,041-555-7450
8151030,충청남도교육청 충청남도천안교육지원청 천안서여자중학교,천안서여자중학교,330930,현존,충청남도 천안시 동남구 천안여상로 44,041-574-9331,041-574-9266
8151031,충청남도교육청 충청남도천안교육지원청 천안오성중학교,천안오성중학교,331964,현존,충청남도 천안시 서북구 두정고1길 25,041-522-7201,041-522-7211
8151032,충청남도교육청 충청남도천안교육지원청 천안성성중학교,천안성성중학교,331960,현존,충남 천안시 서북구 부성1길 83,041-906-2036,041-622-3711
8151033,충청남도교육청 충청남도천안교육지원청 천안백석중학교,천안백석중학교,331220,현존,충청남도 천안시 서북구 백석1길 56,041-522-9616,041-522-9619
8151034,충청남도교육청 충청남도천안교육지원청 천안신방중학교,천안신방중학교,330260,현존,충청남도 천안시 동남구 신촌4로 46,041-592-1013,041-592-1021
8151105,충청남도교육청 충청남도천안교육지원청 천안용곡중학교,천안용곡중학교,330250,현존,충청남도 천안시 동남구 새말1길 51-14,041-592-0170,041-592-0171
8151158,충청남도교육청 충청남도천안교육지원청 천안월봉중학교,천안월봉중학교,,현존,충청남도 천안시 서북구 광장로 245,041-523-9800,041-523-9856
8151159,충청남도교육청 충청남도천안교육지원청 천안동중학교,천안동중학교,330150,현존,충청남도 천안시 동남구 충절로 363-11,041-413-3910-3915,041-522-3209
8151211,충청남도교육청 충청남도천안교육지원청 천안새샘중학교,천안새샘중학교,330260,현존,충청남도 천안시 동남구 통정6로 49,041-592-3095,041-592-3097
8151225,충청남도교육청 충청남도천안교육지원청 천안가온중학교,천안가온중학교,330270,현존,충청남도 천안시 동남구 청수6로 83,041-523-4965,041-523-4960
8151228,충청남도교육청 충청남도천안교육지원청 환서중학교,환서중학교,330220,현존,충청남도 천안시 서북구 한들3로 50,041-412-7000,041-412-7097
8151236,충청남도교육청 충청남도천안교육지원청 천안동성중학교,천안동성중학교,331803,현존,충청남도 천안시 서북구 성환읍 성환1로 138,041-582-6183,041-582-6186
8151255,충청남도교육청 충청남도천안교육지원청 천안불무중학교,천안불무중학교,,현존,충청남도 천안시 서북구 불당23로 30,041-418-9670,041-418-9674
8151265,충청남도교육청 충청남도천안교육지원청 천안계광중학교,천안계광중학교,330931,현존,충청남도 천안시 동남구 봉명로 53,041-572-9013,041-572-9012
8151282,충청남도교육청 충청남도천안교육지원청 천안가람중학교,천안가람중학교,331300,현존,충청남도 천안시 서북구 성성6로 40,041-622-0931,041-622-0935
8161005,충청남도교육청 충청남도공주교육지원청 공주여자중학교,공주여자중학교,314090,현존,충청남도 공주시 용당길 54,041-851-1001,041-856-7571
8161006,충청남도교육청 충청남도공주교육지원청 공주중학교,공주중학교,314010,현존,충청남도 공주시 왕릉로 111,041-855-3024,041-856-9847
8161007,충청남도교육청 충청남도공주교육지원청 반포중학교,반포중학교,314923,현존,충청남도 공주시 반포면 원당1길 28,"041-857-3150-2,3834",041-857-3153
8161008,충청남도교육청 충청남도공주교육지원청 봉황중학교,봉황중학교,314110,현존,충청남도 공주시 금벽로 301,041-854-2771,041-856-7998
8161009,충청남도교육청 충청남도공주교육지원청 사곡중학교,사곡중학교,314872,현존,충청남도 공주시 사곡면 마곡사로 293-106,041-841-5208,041-841-7037
8161010,충청남도교육청 충청남도공주교육지원청 우성중학교,우성중학교,314863,현존,충청남도 공주시 우성면 구레말길 86,041-855-7025,041-855-7027
8161011,충청남도교육청 충청남도공주교육지원청 유구중학교,유구중학교,314896,현존,충청남도 공주시 유구읍 중앙1길 49-10,041-841-2901,041-841-2903
8161012,충청남도교육청 충청남도공주교육지원청 이인중학교,이인중학교,314841,현존,충청남도 공주시 이인면 금광로 12-5,041-857-3102,041-857-9058
8161014,충청남도교육청 충청남도공주교육지원청 정안중학교,정안중학교,314821,현존,충청남도 공주시 정안면 정안중앙길 89-6,041-961-6022,041-961-6020
8161015,충청남도교육청 충청남도공주교육지원청 탄천중학교,탄천중학교,314850,현존,충청남도 공주시 탄천면 통산로 168,041-853-5170,041-854-5161
8161016,충청남도교육청 충청남도공주교육지원청 경천중학교,경천중학교,314831,현존,충청남도 공주시 계룡면 어사길 2,041-852-4043,041-852-4063
8161017,충청남도교육청 충청남도공주교육지원청 공주북중학교,공주북중학교,314100,현존,충청남도 공주시 제민천1길 113,041-854-3962,041-854-3969
8161019,충청남도교육청 충청남도공주교육지원청 공주영명중학교,공주영명중학교,32563,현존,충청남도 공주시 영명학당2길 33,041-858-0325,041-856-1528
8171005,충청남도교육청 충청남도보령교육지원청 남포중학교,남포중학교,355881,현존,충청남도 보령시 남포면 야동2길 24,041-933-0187,041-934-9835
8171006,충청남도교육청 충청남도보령교육지원청 대천서중학교,대천서중학교,355944,현존,충청남도 보령시 대천항로 212,041-931-3471,041-931-3481
8171007,충청남도교육청 충청남도보령교육지원청 대천여자중학교,대천여자중학교,355010,현존,충청남도 보령시 옥갓티1길 31,041-934-6177-8,041-934-6179
8171008,충청남도교육청 충청남도보령교육지원청 대천중학교,대천중학교,355940,현존,충청남도 보령시 보령남로 23,041-934-2602,041-934-9830
8171009,충청남도교육청 충청남도보령교육지원청 미산중학교,미산중학교,355872,현존,충청남도 보령시 미산면 판미로 1462-7,041-933-4022,041-934-9836
8171010,충청남도교육청 충청남도보령교육지원청 보령중학교,보령중학교,355831,현존,충청남도 보령시 주포면 보령읍성길 87-37,041-932-7008,041-934-9833
8171011,충청남도교육청 충청남도보령교육지원청 웅천중학교,웅천중학교,355853,현존,충청남도 보령시 웅천읍 방축길 87,041-931-8782,041-931-8785
8171012,충청남도교육청 충청남도보령교육지원청 주산중학교,주산중학교,355861,현존,충청남도 보령시 주산면 만세운동길 58,041-928-8190,041-932-0833
8171013,충청남도교육청 충청남도보령교육지원청 천북중학교,천북중학교,355814,현존,충청남도 보령시 천북면 천광로 107,041-641-9011,041-641-8421
8171014,충청남도교육청 충청남도보령교육지원청 청라중학교,청라중학교,355894,현존,충청남도 보령시 청라면 대청로 804,041-932-5642,041-934-9834
8171015,충청남도교육청 충청남도보령교육지원청 한내여자중학교,한내여자중학교,355140,현존,충청남도 보령시 옥마로 200,041-936-6992,041-936-6997
8171016,충청남도교육청 충청남도보령교육지원청 대명중학교,대명중학교,355939,현존,충청남도 보령시 한내로 155,041-932-3032,041-931-0476
8181004,충청남도교육청 충청남도아산교육지원청 온양용화중학교,온양용화중학교,336050,현존,충청남도 아산시 어의정로 101,041-548-6500,041-548-7900
8181005,충청남도교육청 충청남도아산교육지원청 도고중학교,도고중학교,336910,현존,충청남도 아산시 도고면 도고산로 573,041-544-7601,041-542-7695
8181006,충청남도교육청 충청남도아산교육지원청 선도중학교,선도중학교,336892,현존,충청남도 아산시 선장면 서부남로 21,041-542-0852,041-544-0999
8181007,충청남도교육청 충청남도아산교육지원청 송남중학교,송남중학교,336922,현존,충청남도 아산시 송악면 송악로714번길 37,041-541-8022,041-542-9445
8181008,충청남도교육청 충청남도아산교육지원청 신창중학교,신창중학교,336885,현존,충청남도 아산시 신창면 천우물로 74,041-542-1139,041-542-2232
8181009,충청남도교육청 충청남도아산교육지원청 영인중학교,영인중학교,336823,현존,충청남도 아산시 영인면 아산온천로3번길 17,041-542-5006,041-542-7580
8181010,충청남도교육청 충청남도아산교육지원청 온양여자중학교,온양여자중학교,336060,현존,충청남도 아산시 온여고길21번길 22,041-544-3162,041-548-4189
8181011,충청남도교육청 충청남도아산교육지원청 온양중학교,온양중학교,336050,현존,충청남도 아산시 온중로 48,041-536-4455,041-544-5422
8181012,충청남도교육청 충청남도아산교육지원청 음봉중학교,음봉중학교,336861,현존,충청남도 아산시 음봉면 음봉로 505,041-541-4923,041-532-6498
8181013,충청남도교육청 충청남도아산교육지원청 인주중학교,인주중학교,336831,현존,충청남도 아산시 인주면 영인산로,041-570-5900,041-570-5990
8181014,충청남도교육청 충청남도아산교육지원청 둔포중학교,둔포중학교,,현존,충청남도 아산시 둔포면 둔포중앙로161번길 26-13,041-531-2252,041-532-2253
8181015,충청남도교육청 충청남도아산교육지원청 아산중학교,아산중학교,336010,현존,충청남도 아산시 번영로115번길 21,041-545-3173,041-548-7509
8181062,충청남도교육청 충청남도아산교육지원청 온양신정중학교,온양신정중학교,336020,현존,충청남도 아산시 온천대로 1333번길 31,041-547-3072,041-547-3080
8181099,충청남도교육청 충청남도아산교육지원청 탕정중학교,탕정중학교,336841,현존,충청남도 아산시 탕정면 탕정면로 53-40,041-541-4763,041-541-4760
8181104,충청남도교육청 충청남도아산교육지원청 아산배방중학교,아산배방중학교,336851,현존,충청남도 아산시 배방읍 배방로 216,041-536-7100,041-547-7100
8181118,충청남도교육청 충청남도아산교육지원청 설화중학교,설화중학교,336850,현존,충청남도 아산시 배방읍 연화로 56,041-534-7487,041-534-7489
8181150,충청남도교육청 충청남도아산교육지원청 모산중학교,모산중학교,,현존,충청남도 아산시 배방읍 배방로 90,041-620-2100,041-620-2190
8181155,충청남도교육청 충청남도아산교육지원청 아산테크노중학교,아산테크노중학교,336871,현존,충청남도 아산시 둔포면 아산밸리북로 32,041-427-5003,041-427-5005
8181167,충청남도교육청 충청남도아산교육지원청 한들물빛중학교,한들물빛중학교,336843,현존,충청남도 아산시 탕정면 한들물빛3로 35,041-423-3300,041-423-3399
8181174,충청남도교육청 충청남도아산교육지원청 아산갈산중학교,아산갈산중학교,,현존,충청남도 아산시 탕정면 이순신대로 512,041-549-6845,041-531-1653
8181177,충청남도교육청 충청남도아산교육지원청 모종중학교,모종중학교,336801,현존,충청남도 아산시 못마루로 80,041-532-8062,041-533-0431
8181178,충청남도교육청 충청남도아산교육지원청 아산세교중학교,아산세교중학교,,현존,충청남도 아산시 배방읍 동방로 172,041-424-3060,041-424-3065
8181180,충청남도교육청 충청남도아산교육지원청 한올중학교,한올중학교,336030,현존,충청남도 아산시 청운로 158,041-544-8166,041-544-8170
8191004,충청남도교육청 충청남도서산교육지원청 서산석림중학교,서산석림중학교,356030,현존,충청남도 서산시 동서2로 8,041-667-8124,041-667-8129
8191005,충청남도교육청 충청남도서산교육지원청 서산명지중학교,서산명지중학교,356872,현존,충청남도 서산시 대산읍 명지1로 15,041-668-7445,041-669-7441
8191006,충청남도교육청 충청남도서산교육지원청 고북중학교,고북중학교,356811,현존,충청남도 서산시 고북면 고북1로 320-1,041-664-8744,041-669-0636
8191007,충청남도교육청 충청남도서산교육지원청 부석중학교,부석중학교,356895,현존,충청남도 서산시 부석면 무학로 1034,041-669-0292,041-669-0291
8191008,충청남도교육청 충청남도서산교육지원청 서산부춘중학교,서산부춘중학교,356806,현존,충청남도 서산시 부춘2로 42,041-667-0127,041-667-0130
8191009,충청남도교육청 충청남도서산교육지원청 서산여자중학교,서산여자중학교,356030,현존,충청남도 서산시 정주골6길 11,041-669-1977,041-666-1976
8191010,충청남도교육청 충청남도서산교육지원청 서일중학교,서일중학교,356863,현존,충청남도 서산시 지곡면 화천3길 56,041-669-1083,041-669-5734
8191011,충청남도교육청 충청남도서산교육지원청 서산중학교,서산중학교,356110,현존,충청남도 서산시 덕지천로 90,041-664-5573,041-664-7874
8191012,충청남도교육청 충청남도서산교육지원청 성연중학교,성연중학교,356851,현존,충청남도 서산시 성연면 성연로 210-4,041-662-8051,041-669-8057
8191013,충청남도교육청 충청남도서산교육지원청 인지중학교,인지중학교,,현존,충청남도 서산시 인지면 무학로 1654-9,041-669-1143,041-664-0926
8191014,충청남도교육청 충청남도서산교육지원청 해미중학교,해미중학교,356826,현존,충청남도 서산시 해미면 남문2로 93,041-688-5814,041-688-5815
8191015,충청남도교육청 충청남도서산교육지원청 대산중학교,대산중학교,356873,현존,충청남도 서산시 대산읍 충의로 1856,041-669-1791,041-669-1790
8191016,충청남도교육청 충청남도서산교육지원청 대철중학교,대철중학교,356832,현존,충청남도 서산시 운산면 해운로 1111,041-669-2868,041-669-2869
8191017,충청남도교육청 충청남도서산교육지원청 서령중학교,서령중학교,,현존,충청남도 서산시 서령로 117,041-664-5101,041-665-0737
8191018,충청남도교육청 충청남도서산교육지원청 음암중학교,음암중학교,356842,현존,충청남도 서산시 음암면 칠거리로 147,041-669-6044,041-669-6049
8191019,충청남도교육청 충청남도서산교육지원청 팔봉중학교,팔봉중학교,356984,현존,충청남도 서산시 팔봉면 팔봉2로 133,041-662-6006,041-663-0518
8201004,충청남도교육청 충청남도금산교육지원청 금산동중학교,금산동중학교,312800,현존,충청남도 금산군 금산읍 용머리길 25,041-753-7106,041-753-9765
8201005,충청남도교육청 충청남도금산교육지원청 금산여자중학교,금산여자중학교,312805,현존,충청남도 금산군 금산읍 인삼로 11,041-753-6143,041-753-6152
8201006,충청남도교육청 충청남도금산교육지원청 금산중학교,금산중학교,312800,현존,충청남도 금산군 금산읍 탑선길 5,041-753-7152,041-753-7156
8201008,충청남도교육청 충청남도금산교육지원청 복수중학교,복수중학교,312921,현존,충청남도 금산군 복수면 복수로 333,041-753-7063,041-753-6759
8201009,충청남도교육청 충청남도금산교육지원청 부리중학교,부리중학교,312843,현존,충청남도 금산군 부리면 말골길 57,041-753-7532,041-754-9745
8201010,충청남도교육청 충청남도금산교육지원청 제원중학교,제원중학교,312824,현존,충청남도 금산군 제원면 금강로 61,041-753-7321,041-752-2870
8201011,충청남도교육청 충청남도금산교육지원청 진산중학교,진산중학교,312933,현존,충청남도 금산군 진산면 대둔산로 413,041-753-7365,041-752-6521
8201012,충청남도교육청 충청남도금산교육지원청 추부중학교,추부중학교,312941,현존,충청남도 금산군 추부면 마전2길 21,041-753-7003,041-753-8918
8222003,충청남도교육청 충청남도논산계룡교육지원청 가야곡중학교,가야곡중학교,320841,현존,충청남도 논산시 가야곡면 덕은로 160,041-741-1601,041-742-7020
8222004,충청남도교육청 충청남도논산계룡교육지원청 강경여자중학교,강경여자중학교,320901,현존,충청남도 논산시 강경읍 계백로 200,041-745-1943,041-745-6444
8222005,충청남도교육청 충청남도논산계룡교육지원청 강경중학교,강경중학교,320900,현존,충청남도 논산시 강경읍 계백로 28,041-745-1602,041-745-2528
8222006,충청남도교육청 충청남도논산계룡교육지원청 광석중학교,광석중학교,320954,현존,충청남도 논산시 광석면 광석로 56-3,041-732-9283,041-733-8283
8222007,충청남도교육청 충청남도논산계룡교육지원청 노성중학교,노성중학교,320922,현존,충청남도 논산시 노성면 노성로 602-5,041-736-5004,041-736-5006
8222008,충청남도교육청 충청남도논산계룡교육지원청 논산여자중학교,논산여자중학교,320804,현존,충청남도 논산시 중앙로 347,041-735-2751,041-732-3895
8222009,충청남도교육청 충청남도논산계룡교육지원청 논산중학교,논산중학교,320080,현존,충청남도 논산시 시민로397번길 28,041-735-2835,041-735-0986
8222010,충청남도교육청 충청남도논산계룡교육지원청 연무중학교,연무중학교,320838,현존,충청남도 논산시 연무읍 연무로 160,041-742-0541,041-742-0049
8222011,충청남도교육청 충청남도논산계룡교육지원청 연산중학교,연산중학교,320875,현존,충청남도 논산시 연산면 청동로 113-14,041-733-6755,041-734-1631
8222012,충청남도교육청 충청남도논산계룡교육지원청 용남중학교,용남중학교,321923,현존,충청남도 계룡시 신도안면 신도안2길 66,042-551-1501,042-551-2178
8222014,충청남도교육청 충청남도논산계룡교육지원청 기민중학교,기민중학교,320090,현존,충청남도 논산시 관촉로 113-19,041-733-2851,041-733-2855
8222015,충청남도교육청 충청남도논산계룡교육지원청 논산대건중학교,논산대건중학교,320060,현존,충청남도 논산시 논산대로 119,041-735-1966,041-735-1962
8222016,충청남도교육청 충청남도논산계룡교육지원청 쌘뽈여자중학교,쌘뽈여자중학교,320080,현존,충청남도 논산시 시민로 411,041-735-2508,041-732-4795
8222017,충청남도교육청 충청남도논산계룡교육지원청 엄사중학교,엄사중학교,321930,현존,충청남도 계룡시 엄사면 번영11길 3,042-841-9675,042-841-9674
8222018,충청남도교육청 충청남도논산계룡교육지원청 연무여자중학교,연무여자중학교,320833,현존,충청남도 논산시 연무읍 동안로887번길 5,041-741-5674,041-742-3307
8222115,충청남도교육청 충청남도논산계룡교육지원청 건양대학교병설건양중학교,건양대학교병설건양중학교,320852,현존,충청남도 논산시 양촌면 황산벌로 486-21,041-741-2102,041-741-7939
8222119,충청남도교육청 충청남도논산계룡교육지원청 계룡중학교,계룡중학교,321900,현존,충청남도 계룡시 서금암5길 17,042-840-5665,042-840-5775
8231005,충청남도교육청 충청남도부여교육지원청 부여여자중학교,부여여자중학교,323808,현존,충청남도 부여군 부여읍 월함로 34,041-834-4031,041-837-0636
8231006,충청남도교육청 충청남도부여교육지원청 부여중학교,부여중학교,323806,현존,충청남도 부여군 부여읍 석탑로 14,041-832-3885,041-837-0635
8231007,충청남도교육청 충청남도부여교육지원청 석성중학교,석성중학교,323952,현존,충청남도 부여군 석성면 증산로 7,041-836-6085,041-836-0644
8231008,충청남도교육청 충청남도부여교육지원청 세도중학교,세도중학교,323942,현존,충청남도 부여군 세도면 부흥로 564-4,041-833-0085,041-837-0641
8231009,충청남도교육청 충청남도부여교육지원청 양화중학교,양화중학교,323933,현존,충청남도 부여군 양화면 충절로 267-6,041-834-6085,041-837-0644
8231010,충청남도교육청 충청남도부여교육지원청 은산중학교,은산중학교,323824,현존,충청남도 부여군 은산면 충의로 729,041-832-1066,041-837-0639
8231011,충청남도교육청 충청남도부여교육지원청 임천중학교,임천중학교,323922,현존,충청남도 부여군 임천면 성흥로 210,041-833-2085,041-837-0638
8231013,충청남도교육청 충청남도부여교육지원청 홍산중학교,홍산중학교,323841,현존,충청남도 부여군 홍산면 홍산로 112-25,041-836-1901,041-835-1637
8231014,충청남도교육청 충청남도부여교육지원청 백제중학교,백제중학교,323813,현존,충청남도 부여군 규암면 흥수로 759,041-836-3201,041-836-0645
8231015,충청남도교육청 충청남도부여교육지원청 외산중학교,외산중학교,323892,현존,충청남도 부여군 외산면 외산로 55-14,041-836-5285,041-836-0646
8231016,충청남도교육청 충청남도부여교육지원청 용강중학교,용강중학교,,현존,충청남도 부여군 구룡면 성충로 1429,041-832-2085,041-837-0645
8241004,충청남도교육청 충청남도서천교육지원청 비인중학교,비인중학교,325883,현존,충청남도 서천군 비인면 비인로 142,041-952-8082,041-952-5589
8241005,충청남도교육청 충청남도서천교육지원청 서면중학교,서면중학교,325892,현존,충청남도 서천군 서면 서인로777번길,041-951-7536,041-952-3215
8241006,충청남도교육청 충청남도서천교육지원청 서천여자중학교,서천여자중학교,325802,현존,충청남도 서천군 서천읍 군청로 84,041-950-7070,041-953-0264
8241007,충청남도교육청 충청남도서천교육지원청 서천중학교,서천중학교,325802,현존,충청남도 서천군 서천읍 충절로 97,041-953-0102,041-953-8665
8241008,충청남도교육청 충청남도서천교육지원청 장항중학교,장항중학교,325906,현존,충청남도 서천군 장항읍 장서로16번길 79,041-956-0010,041-956-6735
8241009,충청남도교육청 충청남도서천교육지원청 한산중학교,한산중학교,325844,현존,충청남도 서천군 한산면 한마로 130-31,041-951-0084,041-951-3791
8241010,충청남도교육청 충청남도서천교육지원청 동강중학교,동강중학교,,현존,충청남도 서천군 기산면 충절로 624,041-951-1007,070-4855-4990
8241011,충청남도교육청 충청남도서천교육지원청 서림여자중학교,서림여자중학교,325804,현존,충청남도 서천군 서천읍 화금서길 45,041-951-7467,041-953-8744
8241012,충청남도교육청 충청남도서천교육지원청 판교중학교,판교중학교,325822,현존,충청남도 서천군 판교면 종판로887번길 39-7,041-951-5513,041-951-6443
8251004,충청남도교육청 충청남도청양교육지원청 장평중학교,장평중학교,345830,현존,충청남도 청양군 장평면 섶적골길 14,041-942-6006,041-943-7921
8251005,충청남도교육청 충청남도청양교육지원청 정산중학교,정산중학교,345814,현존,충청남도 청양군 정산면 역말길 42,041-942-0006,041-943-0794
8251006,충청남도교육청 충청남도청양교육지원청 청남중학교,청남중학교,33363,현존,충청남도 청양군 청남면 명덕로 207-10,041-942-7394,041-943-7862
8251007,충청남도교육청 충청남도청양교육지원청 청양중학교,청양중학교,345800,현존,충청남도 청양군 청양읍 칠갑산로 179,041-944-1193,041-943-6791
8251008,충청남도교육청 충청남도청양교육지원청 화성중학교,화성중학교,345821,현존,충청남도 청양군 화성면 무한로 226-15,041-943-4573,041-943-4574
8251009,충청남도교육청 충청남도청양교육지원청 동영중학교,동영중학교,345851,현존,충청남도 청양군 남양면 금천길 70-36,041-942-1714,041-943-0666
8251010,충청남도교육청 충청남도청양교육지원청 청신여자중학교,청신여자중학교,345803,현존,충청남도 청양군 청양읍 학사길 5-101,041-943-2647,041-942-2646
8261004,충청남도교육청 충청남도홍성교육지원청 갈산중학교,갈산중학교,350853,현존,충청남도 홍성군 갈산면 상촌로9번길 39,041-634-5304,041-634-5670
8261007,충청남도교육청 충청남도홍성교육지원청 광천중학교,광천중학교,350902,현존,충청남도 홍성군 광천읍 광천로 396-34,041-641-0552,041-641-8560
8261008,충청남도교육청 충청남도홍성교육지원청 금마중학교,금마중학교,32280,현존,충청남도 홍성군 금마면 철마산길 182,041-633-7530,041-634-7584
8261009,충청남도교육청 충청남도홍성교육지원청 홍동중학교,홍동중학교,350811,현존,충청남도 홍성군 홍동면 광금남로 735,041-631-8072,041-633-5013
8261010,충청남도교육청 충청남도홍성교육지원청 홍성서부중학교,홍성서부중학교,350862,현존,충청남도 홍성군 서부면 서부로 411,041-632-8770,041-633-8826
8261011,충청남도교육청 충청남도홍성교육지원청 홍성여자중학교,홍성여자중학교,350804,현존,충청남도 홍성군 홍성읍 도청대로 29-21,041-632-2630,041-633-8830
8261012,충청남도교육청 충청남도홍성교육지원청 홍성중학교,홍성중학교,350801,현존,충청남도 홍성군 홍성읍 충절로 994,041-632-2624,041-633-5835
8261013,충청남도교육청 충청남도홍성교육지원청 서해삼육중학교,서해삼육중학교,350902,현존,충청남도 홍성군 광천읍 홍남로705번길 23,041-641-0937,041-642-0937
8261015,충청남도교육청 충청남도홍성교육지원청 홍주중학교,홍주중학교,350807,현존,충청남도 홍성군 홍성읍 문화로 78,041-632-3888,041-632-9929
8261087,충청남도교육청 충청남도홍성교육지원청 내포중학교,내포중학교,350831,현존,충청남도 홍성군 홍북읍 홍학로 41,041-640-1400,041-635-1400
8261105,충청남도교육청 충청남도홍성교육지원청 홍북중학교,홍북중학교,,현존,충청남도 홍성군 홍북읍 홍학로 159,041-406-7201,041-406-7209
8271004,충청남도교육청 충청남도예산교육지원청 고덕중학교,고덕중학교,340930,현존,충청남도 예산군 고덕면 예덕로 546,041-338-3913,041-338-3917
8271005,충청남도교육청 충청남도예산교육지원청 대술중학교,대술중학교,340810,현존,충청남도 예산군 대술면 대술로 135-7,041-333-5007,041-333-4722
8271006,충청남도교육청 충청남도예산교육지원청 덕산중학교,덕산중학교,340943,현존,충청남도 예산군 삽교읍 예학로 128,041-337-4011,041-337-9709
8271007,충청남도교육청 충청남도예산교육지원청 삽교중학교,삽교중학교,340902,현존,충청남도 예산군 삽교읍 삽교로 173,041-337-2872,041-338-0470
8271008,충청남도교육청 충청남도예산교육지원청 신암중학교,신암중학교,340862,현존,충청남도 예산군 신암면 신암남로 413,041-332-9106,041-333-4723
8271009,충청남도교육청 충청남도예산교육지원청 예산여자중학교,예산여자중학교,340802,현존,충청남도 예산군 예산읍 벚꽃로 197-17,041-334-2491,041-332-7187
8271010,충청남도교육청 충청남도예산교육지원청 예산중학교,예산중학교,340809,현존,충청남도 예산군 예산읍 예중길 40,041-331-2892,041-332-6564
8271011,충청남도교육청 충청남도예산교육지원청 광시중학교,광시중학교,340853,현존,충청남도 예산군 광시면 광시소길 24,041-332-0018,041-333-3025
8271012,충청남도교육청 충청남도예산교육지원청 대흥중학교,대흥중학교,340843,현존,충청남도 예산군 대흥면 예당로 845,041-332-0013,041-332-2200
8271013,충청남도교육청 충청남도예산교육지원청 신양중학교,신양중학교,340820,현존,충청남도 예산군 신양면 청신로 402,041-333-7032,041-333-6360
8271014,충청남도교육청 충청남도예산교육지원청 임성중학교,임성중학교,340915,현존,충청남도 예산군 오가면 윤봉길로 1983-32,041-335-6921,041-333-6089
8281004,충청남도교육청 충청남도태안교육지원청 근흥중학교,근흥중학교,357944,현존,충청남도 태안군 근흥면 근흥로 690,041-673-0062,041-674-3474
8281005,충청남도교육청 충청남도태안교육지원청 만리포중학교,만리포중학교,357933,현존,충청남도 태안군 소원면 소근로 63-12,041-672-6537,041-674-5504
8281006,충청남도교육청 충청남도태안교육지원청 안면중학교,안면중학교,357960,현존,충청남도 태안군 안면읍 조운막터길 43,041-674-3092,041-674-0688
8281007,충청남도교육청 충청남도태안교육지원청 원이중학교,원이중학교,357913,현존,충청남도 태안군 원북면 마산길 180,041-672-5039,041-672-3476
8281008,충청남도교육청 충청남도태안교육지원청 창기중학교,창기중학교,357965,현존,충청남도 태안군 안면읍 황도로 3-16,041-673-3194,041-874-3195
8281009,충청남도교육청 충청남도태안교육지원청 태안여자중학교,태안여자중학교,357906,현존,충청남도 태안군 태안읍 다락미4길 27,041-673-2377,041-674-0684
8281010,충청남도교육청 충청남도태안교육지원청 태안중학교,태안중학교,357906,현존,충청남도 태안군 태안읍 중앙로 115,041-674-5322,041-674-5329
8281011,충청남도교육청 충청남도태안교육지원청 남면중학교,남면중학교,357951,현존,충청남도 태안군 남면 남면로 125,041-672-3512,041-674-5253
8281033,충청남도교육청 충청남도태안교육지원청 원이중학교이원분교장,원이중학교이원분교장,357923,현존,충청남도 태안군 이원면 원이로 1536-31,041-672-0269,041-672-1108
8291004,충청남도교육청 충청남도당진교육지원청 고대중학교,고대중학교,343842,현존,충청남도 당진시 고대면 고대로 215,041-353-8640,041-353-1730
8291005,충청남도교육청 충청남도당진교육지원청 당진중학교,당진중학교,343806,현존,충청남도 당진시 운학길 41,041-430-2000,041-430-2099
8291006,충청남도교육청 충청남도당진교육지원청 면천중학교,면천중학교,343884,현존,충청남도 당진시 면천면 면천서문1길 35,041-356-3084,041-356-3087
8291007,충청남도교육청 충청남도당진교육지원청 송산중학교,송산중학교,343833,현존,충청남도 당진시 송산면 도문로 48,041-353-7227~7229,041-352-2794
8291008,충청남도교육청 충청남도당진교육지원청 순성중학교,순성중학교,343895,현존,충청남도 당진시 순성면 틀모시로 146,041-353-5367,041-353-5956
8291009,충청남도교육청 충청남도당진교육지원청 합덕여자중학교,합덕여자중학교,343903,현존,충청남도 당진시 합덕읍 면천로 1583,041-360-5886,041-363-0573
8291010,충청남도교육청 충청남도당진교육지원청 합덕중학교,합덕중학교,343903,현존,충청남도 당진시 합덕읍 면천로 1601,041-362-2791,041-363-1125
8291012,충청남도교육청 충청남도당진교육지원청 서야중학교,서야중학교,343906,현존,충청남도 당진시 합덕읍 덕평로 335-1,041-363-0712,041-363-0717
8291013,충청남도교육청 충청남도당진교육지원청 석문중학교,석문중학교,343853,현존,충청남도 당진시 석문면 대호로 1533-6,041-353-0792,041-354-0791
8291014,충청남도교육청 충청남도당진교육지원청 송악중학교,송악중학교,343822,현존,충청남도 당진시 송악읍 송악로 165,041-351-2303,041-351-2399
8291015,충청남도교육청 충청남도당진교육지원청 신평중학교,신평중학교,343812,현존,충청남도 당진시 신평면 솔안말길 61-40,041-360-5119,041-362-5470
8291016,충청남도교육청 충청남도당진교육지원청 호서중학교,호서중학교,343090,현존,충청남도 당진시 밤절로 2-31,041-352-2521,041-353-2522
8291052,충청남도교육청 충청남도당진교육지원청 당진중학교대호지분교장,당진중학교대호지분교장,343870,현존,충청남도 당진시 대호지면 4.4만세로 75-22,041-352-2557,041-354-2556
8291086,충청남도교육청 충청남도당진교육지원청 원당중학교,원당중학교,343808,현존,충청남도 당진시 밤절로 72-34,041-358-2363,041-358-2367
8291106,충청남도교육청 충청남도당진교육지원청 수청중학교,수청중학교,,현존,충청남도 당진시 수청3로 42,041-430-8791,041-358-2024
8332195,전북특별자치도교육청 전북특별자치도전주교육지원청 전라중학교,전라중학교,561807,현존,전북특별자치도 전주시 덕진구 세병로 196,063-252-2758,063-275-6701
8332196,전북특별자치도교육청 전북특별자치도전주교육지원청 전일중학교,전일중학교,561853,현존,전북특별자치도 전주시 덕진구 모래내6길 36,063-252-2708,063-252-4480
8332197,전북특별자치도교육청 전북특별자치도전주교육지원청 전주기린중학교,전주기린중학교,561826,현존,전북특별자치도 전주시 덕진구 동부대로 739,063-245-5690,063-245-5692
8332198,전북특별자치도교육청 전북특별자치도전주교육지원청 전주덕일중학교,전주덕일중학교,561192,현존,전북특별자치도 전주시 덕진구 하가로 67,063-249-2600,063-274-7224
8332199,전북특별자치도교육청 전북특별자치도전주교육지원청 전주동중학교,전주동중학교,561853,현존,전북특별자치도 전주시 덕진구 심방죽로 23,063-246-1394,063-246-1392
8332200,전북특별자치도교육청 전북특별자치도전주교육지원청 전주솔빛중학교,전주솔빛중학교,561816,현존,전북특별자치도 전주시 덕진구 솔내6길 33,063-254-9911,063-254-9917
8332201,전북특별자치도교육청 전북특별자치도전주교육지원청 전주아중중학교,전주아중중학교,561222,현존,전북특별자치도 전주시 덕진구 중상보로 16,063-240-7903,063-241-2383
8332202,전북특별자치도교육청 전북특별자치도전주교육지원청 전주양현중학교,전주양현중학교,,현존,전북특별자치도 전주시 덕진구 만성북4길 10,063-717-8600,063-717-8607
8332203,전북특별자치도교육청 전북특별자치도전주교육지원청 전주오송중학교,전주오송중학교,561820,현존,전북특별자치도 전주시 덕진구 천마산로 69,063-250-4301,063-276-8690
8332204,전북특별자치도교육청 전북특별자치도전주교육지원청 전주온고을중학교,전주온고을중학교,561231,현존,전북특별자치도 전주시 덕진구 무삼지로 26,063-245-5219,063-245-5221
8332205,전북특별자치도교육청 전북특별자치도전주교육지원청 전주온빛중학교,전주온빛중학교,,현존,전북특별자치도 전주시 덕진구 틀못4길 10,063-214-8452,063-214-8455
8332206,전북특별자치도교육청 전북특별자치도전주교육지원청 전주용소중학교,전주용소중학교,561818,현존,전북특별자치도 전주시 덕진구 송천로 112,063-270-0366,063-277-0398
8332207,전북특별자치도교육청 전북특별자치도전주교육지원청 전주우아중학교,전주우아중학교,561823,현존,전북특별자치도 전주시 덕진구 호성로 6,063-241-2652,063-242-7845
8332208,전북특별자치도교육청 전북특별자치도전주교육지원청 전주중앙중학교,전주중앙중학교,561835,현존,전북특별자치도 전주시 덕진구 공북2길 20,063-252-2364,063-275-7715
8332209,전북특별자치도교육청 전북특별자치도전주교육지원청 전주중학교,전주중학교,54837,현존,전북특별자치도 전주시 덕진구 솔내5길 9,063-273-1916,063-277-6880
8332210,전북특별자치도교육청 전북특별자치도전주교육지원청 전주호성중학교,전주호성중학교,561211,현존,전북특별자치도 전주시 덕진구 배미실마을길 23,063-253-6946,063-253-6949
8332211,전북특별자치도교육청 전북특별자치도전주교육지원청 전주화정중학교,전주화정중학교,,현존,전북특별자치도 전주시 덕진구 세병로 66,063-717-6500,063-717-6504
8332212,전북특별자치도교육청 전북특별자치도전주교육지원청 서전주중학교,서전주중학교,560241,현존,전북특별자치도 전주시 완산구 거마평로 205,063-221-1359,063-224-6765
8332213,전북특별자치도교육청 전북특별자치도전주교육지원청 전주곤지중학교,전주곤지중학교,,현존,전북특별자치도 전주시 완산구 매곡로 22,063-230-2463,063-285-5307
8332214,전북특별자치도교육청 전북특별자치도전주교육지원청 전주남중학교,전주남중학교,560281,현존,전북특별자치도 전주시 완산구 덕적골2길 30,063-282-6304,063-282-6309
8332215,전북특별자치도교육청 전북특별자치도전주교육지원청 전주서곡중학교,전주서곡중학교,560870,현존,전북특별자치도 전주시 완산구 서곡6길 23,063-277-7834,063-277-7835
8332216,전북특별자치도교육청 전북특별자치도전주교육지원청 전주서신중학교,전주서신중학교,560170,현존,전북특별자치도 전주시 완산구 안터2길 40,063-253-6617,063-253-6569
8332217,전북특별자치도교육청 전북특별자치도전주교육지원청 전주서중학교,전주서중학교,560821,현존,전북특별자치도 전주시 완산구 당산로 2,063-254-2667,063-252-7394
8332218,전북특별자치도교육청 전북특별자치도전주교육지원청 전주신일중학교,전주신일중학교,560100,현존,전북특별자치도 전주시 완산구 견훤왕궁2길 8,063-288-3450,063-288-3473
8332219,전북특별자치도교육청 전북특별자치도전주교육지원청 전주양지중학교,전주양지중학교,560865,현존,전북특별자치도 전주시 완산구 양지2길 11-16,063-226-0052,063-226-0055
8332221,전북특별자치도교육청 전북특별자치도전주교육지원청 전주우림중학교,전주우림중학교,560801,현존,전북특별자치도 전주시 완산구 우전로 119,063-220-4910,063-237-5058
8332222,전북특별자치도교육청 전북특별자치도전주교육지원청 전주우전중학교,전주우전중학교,560868,현존,전북특별자치도 전주시 완산구 쑥고개로 375-28,063-222-8932,063-222-8934
8332223,전북특별자치도교육청 전북특별자치도전주교육지원청 전주평화중학교,전주평화중학교,560282,현존,전북특별자치도 전주시 완산구 평화로 74,063-221-8794,063-221-8798
8332224,전북특별자치도교육청 전북특별자치도전주교육지원청 전주풍남중학교,전주풍남중학교,560241,현존,전북특별자치도 전주시 완산구 거마평로 83,063-223-3502,063-224-2917
8332225,전북특별자치도교육청 전북특별자치도전주교육지원청 전주효정중학교,전주효정중학교,560850,현존,전북특별자치도 전주시 완산구 안행로 127,063-231-0407,063-231-0409
8332226,전북특별자치도교육청 전북특별자치도전주교육지원청 전주만성중학교,전주만성중학교,,현존,전북특별자치도 전주시 덕진구 오공로 99,063-717-3007,632374160
8332227,전북특별자치도교육청 전북특별자치도전주교육지원청 전북중학교,전북중학교,561320,현존,전북특별자치도 전주시 덕진구 쪽구름2길 22,063-211-0993,063-212-1791
8332228,전북특별자치도교육청 전북특별자치도전주교육지원청 전주근영중학교,전주근영중학교,560252,현존,전북특별자치도 전주시 완산구 영경1길 11,063-223-8512,063-224-8434
8332229,전북특별자치도교육청 전북특별자치도전주교육지원청 전주기전중학교,전주기전중학교,560869,현존,전북특별자치도 전주시 완산구 유연로 133,063-236-5082,063-236-5080
8332230,전북특별자치도교육청 전북특별자치도전주교육지원청 전주덕진중학교,전주덕진중학교,561852,현존,전북특별자치도 전주시 덕진구 기린대로 541-48,063-276-1578,063-251-3848
8332231,전북특별자치도교육청 전북특별자치도전주교육지원청 전주성심여자중학교,전주성심여자중학교,560070,현존,전북특별자치도 전주시 완산구 경기전길 130,063-232-0131,063-232-0138
8332232,전북특별자치도교육청 전북특별자치도전주교육지원청 전주신흥중학교,전주신흥중학교,560835,현존,전북특별자치도 전주시 완산구 서원로 399,063-287-2112,063-287-2115
8332234,전북특별자치도교육청 전북특별자치도전주교육지원청 전주해성중학교,전주해성중학교,560292,현존,전북특별자치도 전주시 완산구 계룡산길 88,063-237-1974,063-237-1976
8332235,전북특별자치도교육청 전북특별자치도전주교육지원청 전주효문중학교,전주효문중학교,560807,현존,전북특별자치도 전주시 완산구 용리로 92,063-221-1131,063-224-4605
8332242,전북특별자치도교육청 전북특별자치도전주교육지원청 전주용흥중학교,전주용흥중학교,560804,현존,전북특별자치도 전주시 완산구 장승배기로 12,063-237-2732,063-237-2734
8342130,전북특별자치도교육청 전북특별자치도군산교육지원청 군산금강중학교,군산금강중학교,573360,현존,전북특별자치도 군산시 황룡2길 61,063-471-8230,063-471-8238
8342131,전북특별자치도교육청 전북특별자치도군산교육지원청 군산남중학교,군산남중학교,573874,현존,전북특별자치도 군산시 대학로 222,063-460-0800,063-466-0767
8342132,전북특별자치도교육청 전북특별자치도군산교육지원청 군산동산중학교,군산동산중학교,573300,현존,전북특별자치도 군산시 동지곡길 100,063-442-8105,063-442-8109
8342133,전북특별자치도교육청 전북특별자치도군산교육지원청 군산동원중학교,군산동원중학교,573350,현존,전북특별자치도 군산시 의료원로 146,063-472-2100,063-462-3956
8342134,전북특별자치도교육청 전북특별자치도군산교육지원청 군산산북중학교,군산산북중학교,573500,현존,전북특별자치도 군산시 동아로 109,063-468-0222,063-468-0225
8342135,전북특별자치도교육청 전북특별자치도군산교육지원청 군산서흥중학교,군산서흥중학교,573190,현존,전북특별자치도 군산시 축동로 129,063-460-0703,063-466-0694
8342136,전북특별자치도교육청 전북특별자치도군산교육지원청 군산월명중학교,군산월명중학교,573882,현존,전북특별자치도 군산시 설림5길 90,063-462-3334,063-466-0763
8342137,전북특별자치도교육청 전북특별자치도군산교육지원청 군산중학교,군산중학교,573120,현존,전북특별자치도 군산시 군중길 18,063-465-5927,063-466-0533
8342138,전북특별자치도교육청 전북특별자치도군산교육지원청 군산진포중학교,군산진포중학교,573370,현존,전북특별자치도 군산시 진포3길 66,063-462-3205,063-466-0747
8342139,전북특별자치도교육청 전북특별자치도군산교육지원청 군산자양중학교,군산자양중학교,,현존,전북특별자치도 군산시 옥구읍 우치산3길 40,063-464-9372,063-464-9370
8342140,전북특별자치도교육청 전북특별자치도군산교육지원청 나포중학교,나포중학교,573853,현존,전북특별자치도 군산시 나포면 등동1길 6-5,063-453-1744,063-453-1766
8342141,전북특별자치도교육청 전북특별자치도군산교육지원청 옥구중학교,옥구중학교,573913,현존,전북특별자치도 군산시 대야면 만자로 60,063-451-2946,063-451-6695
8342142,전북특별자치도교육청 전북특별자치도군산교육지원청 임피중학교,임피중학교,573943,현존,전북특별자치도 군산시 서수면 항쟁로 138,063-453-9642,063-453-3453
8342143,전북특별자치도교육청 전북특별자치도군산교육지원청 선유도중학교,선유도중학교,573816,현존,전북특별자치도 군산시 옥도면 선유북길 89-1,063-465-0053,063-465-9250
8342144,전북특별자치도교육청 전북특별자치도군산교육지원청 회현중학교,회현중학교,573833,현존,전북특별자치도 군산시 회현면 대위로 426,063-466-5147,063-466-5141
8342145,전북특별자치도교육청 전북특별자치도군산교육지원청 군산대성중학교,군산대성중학교,573933,현존,전북특별자치도 군산시 임피면 임피향교길 44-6,063-453-2027,063-453-2033
8342146,전북특별자치도교육청 전북특별자치도군산교육지원청 군산영광중학교,군산영광중학교,573042,현존,전북특별자치도 군산시 둔배미길 21,063-440-8700,063-443-1868
8342147,전북특별자치도교육청 전북특별자치도군산교육지원청 군산중앙중학교,군산중앙중학교,573841,현존,전북특별자치도 군산시 성산면 군장대길 13,063-450-4000,063-450-4010
8342148,전북특별자치도교육청 전북특별자치도군산교육지원청 군산제일중학교,군산제일중학교,573410,현존,전북특별자치도 군산시 경기장로 142,063-440-3110,063-440-3199
8352142,전북특별자치도교육청 전북특별자치도익산교육지원청 이리남중학교,이리남중학교,570969,현존,전북특별자치도 익산시 배산로3길 55,063-841-6923,063-842-5895
8352143,전북특별자치도교육청 전북특별자치도익산교육지원청 이리동중학교,이리동중학교,570060,현존,전북특별자치도 익산시 동천로7길 44,063-855-3164,063-842-4889
8352144,전북특별자치도교육청 전북특별자치도익산교육지원청 이리북중학교,이리북중학교,,현존,전북특별자치도 익산시 익산대로 415-14,063-837-0226,063-837-0231
8352145,전북특별자치도교육청 전북특별자치도익산교육지원청 이리영등중학교,이리영등중학교,570210,현존,전북특별자치도 익산시 하나로 490,063-831-0459,063-831-5512
8352146,전북특별자치도교육청 전북특별자치도익산교육지원청 익산부송중학교,익산부송중학교,570972,현존,전북특별자치도 익산시 선화로69길 6,063-839-3500,063-838-0571
8352147,전북특별자치도교육청 전북특별자치도익산교육지원청 익산부천중학교,익산부천중학교,570210,현존,전북특별자치도 익산시 동서로 524,063-839-9123,063-833-1414
8352148,전북특별자치도교육청 전북특별자치도익산교육지원청 익산어양중학교,익산어양중학교,570973,현존,전북특별자치도 익산시 하나로12길 39,063-834-4613,063-834-4615
8352149,전북특별자치도교육청 전북특별자치도익산교육지원청 익산지원중학교,익산지원중학교,,현존,전북특별자치도 익산시 고봉로 67,063-841-6364,063-842-4308
8352150,전북특별자치도교육청 전북특별자치도익산교육지원청 함열중학교,함열중학교,570804,현존,전북특별자치도 익산시 함열읍 함열3길 37,063-861-0889,063-862-1957
8352151,전북특별자치도교육청 전북특별자치도익산교육지원청 삼기중학교,삼기중학교,570821,현존,전북특별자치도 익산시 삼기면 황금로 499,063-858-7929,063-858-5864
8352152,전북특별자치도교육청 전북특별자치도익산교육지원청 성당중학교,성당중학교,570850,현존,전북특별자치도 익산시 성당면 함안로 671-333,063-862-0516,063-862-2598
8352153,전북특별자치도교육청 전북특별자치도익산교육지원청 여산중학교,여산중학교,570931,현존,전북특별자치도 익산시 여산면 가람로 459-10,063-836-5144,063-836-9799
8352154,전북특별자치도교육청 전북특별자치도익산교육지원청 왕궁중학교,왕궁중학교,570946,현존,전북특별자치도 익산시 왕궁면 왕궁로 556,063-832-4201,063-834-4098
8352155,전북특별자치도교육청 전북특별자치도익산교육지원청 용안중학교,용안중학교,570860,현존,전북특별자치도 익산시 용안면 현내1로 71-8,063-862-7772,063-862-7773
8352156,전북특별자치도교육청 전북특별자치도익산교육지원청 웅포중학교,웅포중학교,570830,현존,전북특별자치도 익산시 웅포면 덕성길 13,063-862-6078,063-862-6459
8352157,전북특별자치도교육청 전북특별자치도익산교육지원청 함라중학교,함라중학교,570841,현존,전북특별자치도 익산시 함라면 함낭로 61-18,063-856-8975,063-856-7838
8352158,전북특별자치도교육청 전북특별자치도익산교육지원청 남성중학교,남성중학교,570974,현존,전북특별자치도 익산시 동서로35길 41,063-841-3818,063-856-3819
8352159,전북특별자치도교육청 전북특별자치도익산교육지원청 이리중학교,이리중학교,570010,현존,전북특별자치도 익산시 학곤로 19,063-841-5915,063-857-1236
8352160,전북특별자치도교육청 전북특별자치도익산교육지원청 원광중학교,원광중학교,570360,현존,전북특별자치도 익산시 무왕로31길 154,063-720-1000,063-836-1008
8352161,전북특별자치도교육청 전북특별자치도익산교육지원청 이리남성여자중학교,이리남성여자중학교,570979,현존,전북특별자치도 익산시 동서로 35길 41,063-841-3825,063-856-3827
8352162,전북특별자치도교육청 전북특별자치도익산교육지원청 원광여자중학교,원광여자중학교,570968,현존,전북특별자치도 익산시 선화로13길 72,063-850-1600,063-850-1649
8352163,전북특별자치도교육청 전북특별자치도익산교육지원청 이일여자중학교,이일여자중학교,570050,현존,전북특별자치도 익산시 평동로7길 30,063-720-5240,063-855-1520
8352164,전북특별자치도교육청 전북특별자치도익산교육지원청 함열여자중학교,함열여자중학교,570801,현존,전북특별자치도 익산시 함열읍 정자길 31,063-861-0612,063-862-0431
8352165,전북특별자치도교육청 전북특별자치도익산교육지원청 익산중학교,익산중학교,570912,현존,전북특별자치도 익산시 금마면 고도길 85,063-836-6011,063-836-0180
8352166,전북특별자치도교육청 전북특별자치도익산교육지원청 황등중학교,황등중학교,570810,현존,전북특별자치도 익산시 황등면 황금로 18,063-720-3620,063-858-5447
8352167,전북특별자치도교육청 전북특별자치도익산교육지원청 진경여자중학교,진경여자중학교,570812,현존,전북특별자치도 익산시 황등면 황등서로 104,063-856-4476,063-856-9690
8362079,전북특별자치도교육청 전북특별자치도정읍교육지원청 샘고을중학교,샘고을중학교,580030,현존,전북특별자치도 정읍시 초산로 110,063-535-2509,063-535-1892
8362080,전북특별자치도교육청 전북특별자치도정읍교육지원청 정읍중학교,정읍중학교,580060,현존,전북특별자치도 정읍시 정읍사로 569,063-535-0088,063-535-4373
8362081,전북특별자치도교육청 전북특별자치도정읍교육지원청 정일중학교,정일중학교,580240,현존,전북특별자치도 정읍시 충정로 511,063-530-3570,063-530-3566
8362082,전북특별자치도교육청 전북특별자치도정읍교육지원청 감곡중학교,감곡중학교,580912,현존,전북특별자치도 정읍시 감곡면 감곡동서로 330-2,063-571-1306,063-571-1698
8362083,전북특별자치도교육청 전북특별자치도정읍교육지원청 고부중학교,고부중학교,580861,현존,전북특별자치도 정읍시 고부면 관청길 114,063-536-0058,063-536-8758
8362084,전북특별자치도교육청 전북특별자치도정읍교육지원청 정산중학교,정산중학교,580891,현존,전북특별자치도 정읍시 산내면 능교신기길 12-20,063-538-4071,063-538-9768
8362085,전북특별자치도교육청 전북특별자치도정읍교육지원청 산외중학교,산외중학교,580950,현존,전북특별자치도 정읍시 산외면 평사3길 25,063-537-5012,063-537-5052
8362086,전북특별자치도교육청 전북특별자치도정읍교육지원청 소성중학교,소성중학교,580872,현존,전북특별자치도 정읍시 소성면 소성상평로 34,063-537-6084,063-537-6906
8362087,전북특별자치도교육청 전북특별자치도정읍교육지원청 입암중학교,입암중학교,580880,현존,전북특별자치도 정읍시 입암면 입고로 32-13,063-534-2901,063-534-2973
8362088,전북특별자치도교육청 전북특별자치도정읍교육지원청 정우중학교,정우중학교,580821,현존,전북특별자치도 정읍시 정우면 양지1길 100-28,063-537-4682,063-537-4684
8362089,전북특별자치도교육청 전북특별자치도정읍교육지원청 칠보중학교,칠보중학교,580940,현존,전북특별자치도 정읍시 칠보면 검단1길 53,063-534-3106,063-534-3048
8362090,전북특별자치도교육청 전북특별자치도정읍교육지원청 전북동화중학교,전북동화중학교,580921,현존,전북특별자치도 정읍시 태인면 정읍북로 1238,063-530-2601,063-530-2626
8362091,전북특별자치도교육청 전북특별자치도정읍교육지원청 배영중학교,배영중학교,580220,현존,전북특별자치도 정읍시 동학로 243,063-533-4124,063-536-2519
8362092,전북특별자치도교육청 전북특별자치도정읍교육지원청 학산중학교,학산중학교,580050,현존,전북특별자치도 정읍시 학산로 89,063-570-1600,063-570-1688
8362093,전북특별자치도교육청 전북특별자치도정읍교육지원청 호남중학교,호남중학교,580063,현존,전북특별자치도 정읍시 정읍남로 1364-13,063-900-7707,063-536-1926
8362094,전북특별자치도교육청 전북특별자치도정읍교육지원청 신태인중학교,신태인중학교,580905,현존,전북특별자치도 정읍시 신태인읍 서태길 108,063-571-2125,063-571-7377
8362095,전북특별자치도교육청 전북특별자치도정읍교육지원청 왕신여자중학교,왕신여자중학교,580900,현존,전북특별자치도 정읍시 신태인읍 정신로 1094,063-571-2182,063-571-3990
8362096,전북특별자치도교육청 전북특별자치도정읍교육지원청 이평중학교,이평중학교,580844,현존,전북특별자치도 정읍시 이평면 후송길 21,063-534-1239,063-534-9038
8362097,전북특별자치도교육청 전북특별자치도정읍교육지원청 태인중학교,태인중학교,580920,현존,전북특별자치도 정읍시 태인면 석지로 1469,063-534-4991,063-534-0797
8372060,전북특별자치도교육청 전북특별자치도남원교육지원청 남원용성중학교,남원용성중학교,590983,현존,전북특별자치도 남원시 춘향로 73,063-633-4549,063-631-4734
8372061,전북특별자치도교육청 전북특별자치도남원교육지원청 남원중학교,남원중학교,590990,현존,전북특별자치도 남원시 만인로 41-51,063-625-2029,063-631-4733
8372062,전북특별자치도교육청 전북특별자치도남원교육지원청 남원하늘중학교,남원하늘중학교,590050,현존,전북특별자치도 남원시 동헌길 75,063-630-2002,063-633-9603
8372063,전북특별자치도교육청 전북특별자치도남원교육지원청 남원한빛중학교,남원한빛중학교,590200,현존,전북특별자치도 남원시 용성로 299,063-631-1425,063-631-4736
8372064,전북특별자치도교육청 전북특별자치도남원교육지원청 운봉중학교,운봉중학교,590830,현존,전북특별자치도 남원시 운봉읍 바래봉길 73,063-634-1595,063-631-4741
8372065,전북특별자치도교육청 전북특별자치도남원교육지원청 금지중학교,금지중학교,590950,현존,전북특별자치도 남원시 금지면 요천로 443-9,063-635-1089,063-635-4737
8372066,전북특별자치도교육청 전북특별자치도남원교육지원청 대강중학교,대강중학교,590960,현존,전북특별자치도 남원시 대강면 금탄로 512-16,063-625-0351,063-625-0353
8372067,전북특별자치도교육청 전북특별자치도남원교육지원청 보절중학교,보절중학교,590882,현존,전북특별자치도 남원시 보절면 보산로 909-14,063-634-4014,063-631-4743
8372068,전북특별자치도교육청 전북특별자치도남원교육지원청 산내중학교,산내중학교,590851,현존,전북특별자치도 남원시 산내면 천왕봉로 673-8,063-636-3633,063-636-3761
8372069,전북특별자치도교육청 전북특별자치도남원교육지원청 송동중학교,송동중학교,590930,현존,전북특별자치도 남원시 송동면 노송로 747,063-634-6132,063-631-4744
8372071,전북특별자치도교육청 전북특별자치도남원교육지원청 아영중학교,아영중학교,590860,현존,전북특별자치도 남원시 아영면 고인청계길 18,063-626-9772,063-626-9773
8372072,전북특별자치도교육청 전북특별자치도남원교육지원청 인월중학교,인월중학교,590843,현존,전북특별자치도 남원시 인월면 인월장터로 48,063-636-5763,063-636-5768
8372073,전북특별자치도교육청 전북특별자치도남원교육지원청 용북중학교,용북중학교,590892,현존,전북특별자치도 남원시 사매면 용북길 89,063-630-9123,063-634-8977
8382080,전북특별자치도교육청 전북특별자치도김제교육지원청 한들중학교,한들중학교,576805,현존,전북특별자치도 김제시 중앙로 137,063-546-4832,063-546-4835
8382081,전북특별자치도교육청 전북특별자치도김제교육지원청 김제중앙중학교,김제중앙중학교,576050,현존,전북특별자치도 김제시 남북9길 52,063-547-5012,063-547-0747
8382082,전북특별자치도교육청 전북특별자치도김제교육지원청 김제중학교,김제중학교,576804,현존,전북특별자치도 김제시 중앙로 274,063-546-1232,063-547-1049
8382083,전북특별자치도교육청 전북특별자치도김제교육지원청 금구중학교,금구중학교,576941,현존,전북특별자치도 김제시 금구면 금구로 40,063-546-5712,063-547-7923
8382084,전북특별자치도교육청 전북특별자치도김제교육지원청 봉남중학교,봉남중학교,576952,현존,전북특별자치도 김제시 봉남면 남주1길 26,063-543-8612,063-545-2672
8382085,전북특별자치도교육청 전북특별자치도김제교육지원청 용지중학교,용지중학교,576971,현존,전북특별자치도 김제시 용지면 황토로 702,063-545-0765,063-543-2044
8382086,전북특별자치도교육청 전북특별자치도김제교육지원청 청하중학교,청하중학교,576891,현존,전북특별자치도 김제시 청하면 청하6길 68,063-543-1414,063-543-3944
8382087,전북특별자치도교육청 전북특별자치도김제교육지원청 금성중학교,금성중학교,576802,현존,전북특별자치도 김제시 금성5길 19,063-544-0201,063-546-0201
8382088,전북특별자치도교육청 전북특별자치도김제교육지원청 덕암중학교,덕암중학교,576120,현존,전북특별자치도 김제시 하공로 9,063-544-2201,063-544-2237
8382089,전북특별자치도교육청 전북특별자치도김제교육지원청 만경여자중학교,만경여자중학교,576862,현존,전북특별자치도 김제시 만경읍 만경로 823,063-542-5888-9,063-544-7004
8382090,전북특별자치도교육청 전북특별자치도김제교육지원청 만경중학교,만경중학교,576862,현존,전북특별자치도 김제시 만경읍 능제로 29,063-542-5757,063-545-5754
8382091,전북특별자치도교육청 전북특별자치도김제교육지원청 동국대학교사범대학부속금산중학교,동국대학교사범대학부속금산중학교,576962,현존,전북특별자치도 김제시 금산면 모악로 47,063-543-0721,063-544-0721
8382092,전북특별자치도교육청 전북특별자치도김제교육지원청 지평선중학교,지평선중학교,576841,현존,전북특별자치도 김제시 성덕면 성동길 183-4,063-544-3131,063-544-3151
8392073,전북특별자치도교육청 전북특별자치도완주교육지원청 봉서중학교,봉서중학교,565902,현존,전북특별자치도 완주군 봉동읍 둔산3로 131,063-261-6691,063-261-6683
8392074,전북특별자치도교육청 전북특별자치도완주교육지원청 완주중학교,완주중학교,565903,현존,전북특별자치도 완주군 봉동읍 봉동동서로 60-6,063-261-3033,063-261-2160
8392075,전북특별자치도교육청 전북특별자치도완주교육지원청 삼례중학교,삼례중학교,565802,현존,전북특별자치도 완주군 삼례읍 신금로 53-23,063-291-2624,063-291-2653
8392076,전북특별자치도교육청 전북특별자치도완주교육지원청 용진중학교,용진중학교,565813,현존,전북특별자치도 완주군 용진읍 상운길 11,063-243-3047,063-243-0939
8392077,전북특별자치도교육청 전북특별자치도완주교육지원청 고산중학교,고산중학교,565860,현존,전북특별자치도 완주군 고산면 읍내3길 41,063-262-4024,063-263-4652
8392078,전북특별자치도교육청 전북특별자치도완주교육지원청 구이중학교,구이중학교,565823,현존,전북특별자치도 완주군 구이면 구이로 1505,063-221-8991,063-222-8638
8392079,전북특별자치도교육청 전북특별자치도완주교육지원청 상관중학교,상관중학교,565830,현존,전북특별자치도 완주군 상관면 신리로 111,063-287-9892,063-287-9891
8392080,전북특별자치도교육청 전북특별자치도완주교육지원청 소양중학교,소양중학교,565845,현존,전북특별자치도 완주군 소양면 소양로 223,063-243-8650,063-244-6666
8392081,전북특별자치도교육청 전북특별자치도완주교육지원청 전북체육중학교,전북체육중학교,565844,현존,전북특별자치도 완주군 소양면 원암로 46,063-249-2270,063-249-2274
8392082,전북특별자치도교육청 전북특별자치도완주교육지원청 운주중학교,운주중학교,565910,현존,전북특별자치도 완주군 운주면 운주로 64,063-263-7167,063-263-7657
8392083,전북특별자치도교육청 전북특별자치도완주교육지원청 삼우중학교,삼우중학교,565853,현존,전북특별자치도 완주군 이서면 반교로 34-9,063-222-7888,063-221-9551
8392084,전북특별자치도교육청 전북특별자치도완주교육지원청 화산중학교,화산중학교,565881,현존,전북특별자치도 완주군 화산면 화산로 874,063-260-7603,063-262-6294
8392085,전북특별자치도교육청 전북특별자치도완주교육지원청 전주예술중학교,전주예술중학교,565824,현존,전북특별자치도 완주군 구이면 신전길 120,063-903-7728,063-222-3320
8402031,전북특별자치도교육청 전북특별자치도진안교육지원청 진안여자중학교,진안여자중학교,567805,현존,전북특별자치도 진안군 진안읍 어영골길 33,063-433-0884,063-432-6312
8402032,전북특별자치도교육청 전북특별자치도진안교육지원청 진안중학교,진안중학교,567804,현존,전북특별자치도 진안군 진안읍 상역로 86,063-433-1133,063-433-3251
8402033,전북특별자치도교육청 전북특별자치도진안교육지원청 동향중학교,동향중학교,567860,현존,전북특별자치도 진안군 동향면 창촌길 41,063-432-6317,063-432-0228
8402034,전북특별자치도교육청 전북특별자치도진안교육지원청 마령중학교,마령중학교,567872,현존,전북특별자치도 진안군 마령면 임진로 2086,063-432-3326,063-432-4514
8402035,전북특별자치도교육청 전북특별자치도진안교육지원청 백운중학교,백운중학교,567880,현존,전북특별자치도 진안군 백운면 임진로 1298,063-432-4742,063-432-7303
8402036,전북특별자치도교육청 전북특별자치도진안교육지원청 부귀중학교,부귀중학교,567911,현존,전북특별자치도 진안군 부귀면 상거석길 14-7,063-432-8534,063-433-4885
8402037,전북특별자치도교육청 전북특별자치도진안교육지원청 진성중학교,진성중학교,567892,현존,전북특별자치도 진안군 성수면 관진로 719,063-432-9024,063-433-1760
8402038,전북특별자치도교육청 전북특별자치도진안교육지원청 안천중학교,안천중학교,567852,현존,전북특별자치도 진안군 안천면 진무로 3071-9,063-432-4072,063-432-4137
8402039,전북특별자치도교육청 전북특별자치도진안교육지원청 용담중학교,용담중학교,567841,현존,전북특별자치도 진안군 용담면 안용로 1005,063-433-6373,063-433-1720
8402040,전북특별자치도교육청 전북특별자치도진안교육지원청 주천중학교,주천중학교,567832,현존,전북특별자치도 진안군 주천면 동상주천로 2267,063-432-6566,063-433-5619
8412024,전북특별자치도교육청 전북특별자치도무주교육지원청 무주중학교,무주중학교,568805,현존,전북특별자치도 무주군 무주읍 신교로 1,063-322-2018,063-322-2144
8412025,전북특별자치도교육청 전북특별자치도무주교육지원청 무풍중학교,무풍중학교,568820,현존,전북특별자치도 무주군 무풍면 대덕산로 914,063-324-4417,063-324-7710
8412026,전북특별자치도교육청 전북특별자치도무주교육지원청 부남중학교,부남중학교,568852,현존,전북특별자치도 무주군 부남면 대소길 10,063-322-8286,063-322-6712
8412027,전북특별자치도교육청 전북특별자치도무주교육지원청 설천중학교,설천중학교,568816,현존,전북특별자치도 무주군 설천면 하평지길 19,063-324-7033,063-324-8250
8412028,전북특별자치도교육청 전북특별자치도무주교육지원청 안성중학교,안성중학교,568844,현존,전북특별자치도 무주군 안성면 구량천로 149,063-323-0115,063-323-0537
8412029,전북특별자치도교육청 전북특별자치도무주교육지원청 적상중학교,적상중학교,568834,현존,전북특별자치도 무주군 적상면 여용로 269,063-324-6011,063-324-6008
8422023,전북특별자치도교육청 전북특별자치도장수교육지원청 장수중학교,장수중학교,597803,현존,전북특별자치도 장수군 장수읍 호비로 68,063-351-2382,063-351-3387
8422024,전북특별자치도교육청 전북특별자치도장수교육지원청 계남중학교,계남중학교,597832,현존,전북특별자치도 장수군 계남면 계남중길 52,063-352-0979,063-353-1907
8422025,전북특별자치도교육청 전북특별자치도장수교육지원청 계북중학교,계북중학교,597861,현존,전북특별자치도 장수군 계북면 장무로 1005-12,063-353-1178,063-353-1909
8422026,전북특별자치도교육청 전북특별자치도장수교육지원청 번암중학교,번암중학교,597812,현존,전북특별자치도 장수군 번암면 지지로 28-12,063-353-5132,063-353-5134
8422027,전북특별자치도교육청 전북특별자치도장수교육지원청 산서중학교,산서중학교,597822,현존,전북특별자치도 장수군 산서면 보산로 1852-6,063-351-4136,063-351-3356
8422028,전북특별자치도교육청 전북특별자치도장수교육지원청 장계중학교,장계중학교,597840,현존,전북특별자치도 장수군 장계면 장무로 239-6,063-352-0135,063-353-1905
8422029,전북특별자치도교육청 전북특별자치도장수교육지원청 천천중학교,천천중학교,597852,현존,전북특별자치도 장수군 천천면 춘송길 47,063-353-1246,063-353-1911
8432036,전북특별자치도교육청 전북특별자치도임실교육지원청 임실동중학교,임실동중학교,566805,현존,전북특별자치도 임실군 임실읍 봉황로 147,063-642-2537,063-642-6476
8432037,전북특별자치도교육청 전북특별자치도임실교육지원청 섬진중학교,섬진중학교,566862,현존,전북특별자치도 임실군 강진면 강운로 87,063-643-1101,063-643-2463
8432038,전북특별자치도교육청 전북특별자치도임실교육지원청 관촌중학교,관촌중학교,566810,현존,전북특별자치도 임실군 관촌면 사선10길 23,063-642-0311,063-643-2459
8432039,전북특별자치도교육청 전북특별자치도임실교육지원청 삼계중학교,삼계중학교,566910,현존,전북특별자치도 임실군 삼계면 삼계2길 16,063-642-2970,063-642-1889
8432040,전북특별자치도교육청 전북특별자치도임실교육지원청 성수중학교,성수중학교,566881,현존,전북특별자치도 임실군 성수면 월삼로 354,063-642-9014,063-642-1896
8432041,전북특별자치도교육청 전북특별자치도임실교육지원청 오수중학교,오수중학교,566890,현존,전북특별자치도 임실군 오수면 충효로 2099-15,063-642-5475,063-642-1897
8432042,전북특별자치도교육청 전북특별자치도임실교육지원청 운암중학교,운암중학교,566843,현존,전북특별자치도 임실군 운암면 상운길 12,063-643-0150,063-643-6706
8432043,전북특별자치도교육청 전북특별자치도임실교육지원청 지사중학교,지사중학교,566921,현존,전북특별자치도 임실군 지사면 충효로 2469,063-642-4066,063-642-1898
8432044,전북특별자치도교육청 전북특별자치도임실교육지원청 청웅중학교,청웅중학교,566851,현존,전북특별자치도 임실군 청웅면 청웅로 131-7,063-643-8020,063-643-6517
8442036,전북특별자치도교육청 전북특별자치도순창교육지원청 순창중학교,순창중학교,595800,현존,전북특별자치도 순창군 순창읍 담순로 1418,063-653-2727,063-653-4874
8442037,전북특별자치도교육청 전북특별자치도순창교육지원청 구림중학교,구림중학교,595872,현존,전북특별자치도 순창군 구림면 방화로 6,063-652-8435,063-653-5352
8442038,전북특별자치도교육청 전북특별자치도순창교육지원청 동계중학교,동계중학교,595820,현존,전북특별자치도 순창군 동계면 강동로 74,063-652-4305,063-653-4873
8442039,전북특별자치도교육청 전북특별자치도순창교육지원청 복흥중학교,복흥중학교,595880,현존,전북특별자치도 순창군 복흥면 금월로 33-4,063-652-7566,063-653-4914
8442040,전북특별자치도교육청 전북특별자치도순창교육지원청 쌍치중학교,쌍치중학교,595890,현존,전북특별자치도 순창군 쌍치면 쌍계로 30-5,063-652-2773,063-653-5266
8442041,전북특별자치도교육청 전북특별자치도순창교육지원청 순창북중학교,순창북중학교,595805,현존,전북특별자치도 순창군 순창읍 옥천로 67-13,063-653-2675,063-653-1494
8442042,전북특별자치도교육청 전북특별자치도순창교육지원청 새솔중학교,새솔중학교,595805,현존,전북특별자치도 순창군 순창읍 장류로 295-11,063-653-2644,063-653-0582
8452049,전북특별자치도교육청 전북특별자치도고창교육지원청 고창중학교,고창중학교,585802,현존,전북특별자치도 고창군 고창읍 보릿골로 35,063-564-2902,063-561-0870
8452050,전북특별자치도교육청 전북특별자치도고창교육지원청 공음중학교,공음중학교,585874,현존,전북특별자치도 고창군 공음면 공음길 74-6,063-562-7007,063-564-7994
8452051,전북특별자치도교육청 전북특별자치도고창교육지원청 대성중학교,대성중학교,585864,현존,전북특별자치도 고창군 대산면 고산성로 29-11,063-562-8050,063-564-6211
8452052,전북특별자치도교육청 전북특별자치도고창교육지원청 상하중학교,상하중학교,585914,현존,전북특별자치도 고창군 상하면 상하1길 34,063-564-6260,063-562-4399
8452053,전북특별자치도교육청 전북특별자치도고창교육지원청 성내중학교,성내중학교,,현존,전북특별자치도 고창군 성내면 선운대로 4223-11,063-562-3157,063-562-5199
8452054,전북특별자치도교육청 전북특별자치도고창교육지원청 신림중학교,신림중학교,585832,현존,전북특별자치도 고창군 신림면 대강길 19-2,063-562-4006,063-562-3199
8452055,전북특별자치도교육청 전북특별자치도고창교육지원청 심원중학교,심원중학교,585923,현존,전북특별자치도 고창군 심원면 심원로 158-11,063-563-5066,063-562-7599
8452056,전북특별자치도교육청 전북특별자치도고창교육지원청 아산중학교,아산중학교,585931,현존,전북특별자치도 고창군 아산면 목동로 336,063-562-5622,063-564-0221
8452057,전북특별자치도교육청 전북특별자치도고창교육지원청 해리중학교,해리중학교,585894,현존,전북특별자치도 고창군 해리면 해리중앙로 120,063-563-6072,063-562-4199
8452058,전북특별자치도교육청 전북특별자치도고창교육지원청 흥덕중학교,흥덕중학교,585821,현존,전북특별자치도 고창군 흥덕면 잿말길 21,063-562-6011,063-562-5599
8452059,전북특별자치도교육청 전북특별자치도고창교육지원청 자유중학교,자유중학교,585803,현존,전북특별자치도 고창군 고창읍 보릿골로 176,063-560-3500,063-560-3540
8452060,전북특별자치도교육청 전북특별자치도고창교육지원청 영선중학교,영선중학교,,현존,전북특별자치도 고창군 무장면 왕제산로 713,063-562-9704,063-563-0910
8452061,전북특별자치도교육청 전북특별자치도고창교육지원청 고창북중학교,고창북중학교,585943,현존,전북특별자치도 고창군 부안면 복분자로 788-141,063-562-2572,063-563-3177
8452062,전북특별자치도교육청 전북특별자치도고창교육지원청 고창남중학교,고창남중학교,585853,현존,전북특별자치도 고창군 성송면 대성로 877,063-563-1944,063-563-2796
8462049,전북특별자치도교육청 전북특별자치도부안교육지원청 부안중학교,부안중학교,579803,현존,전북특별자치도 부안군 부안읍 당산로 1,063-583-2704,063-584-7689
8462050,전북특별자치도교육청 전북특별자치도부안교육지원청 계화중학교,계화중학교,579824,현존,전북특별자치도 부안군 계화면 창북중앙길 92,063-582-1502,063-584-7950
8462051,전북특별자치도교육청 전북특별자치도부안교육지원청 보안중학교,보안중학교,579870,현존,전북특별자치도 부안군 보안면 영전길 37,063-583-6560,063-584-1186
8462052,전북특별자치도교육청 전북특별자치도부안교육지원청 상서중학교,상서중학교,579861,현존,전북특별자치도 부안군 상서면 고인돌로 17,063-582-5300,063-584-6859
8462053,전북특별자치도교육청 전북특별자치도부안교육지원청 위도중학교,위도중학교,579914,현존,전북특별자치도 부안군 위도면 위도로 245,063-582-9822,063-583-5913
8462055,전북특별자치도교육청 전북특별자치도부안교육지원청 줄포중학교,줄포중학교,579883,현존,전북특별자치도 부안군 줄포면 부안로 938,063-582-9810,063-582-8481
8462056,전북특별자치도교육청 전북특별자치도부안교육지원청 변산중학교,변산중학교,579893,현존,전북특별자치도 부안군 진서면 청자로 921,063-582-1212,063-584-6406
8462057,전북특별자치도교육청 전북특별자치도부안교육지원청 하서중학교,하서중학교,579841,현존,전북특별자치도 부안군 하서면 변산로 852,063-581-4206,063-581-4208
8462058,전북특별자치도교육청 전북특별자치도부안교육지원청 낭주중학교,낭주중학교,579805,현존,전북특별자치도 부안군 부안읍 교동1길 42,063-583-8382,063-583-8386
8462059,전북특별자치도교육청 전북특별자치도부안교육지원청 삼남중학교,삼남중학교,579807,현존,전북특별자치도 부안군 부안읍 용계길 29,063-583-2584,063-584-9414
8462060,전북특별자치도교육청 전북특별자치도부안교육지원청 백산중학교,백산중학교,579932,현존,전북특별자치도 부안군 백산면 백산로 379,063-582-2046,063-583-4647
8462061,전북특별자치도교육청 전북특별자치도부안교육지원청 변산서중학교,변산서중학교,579850,현존,전북특별자치도 부안군 변산면 지서로 139,063-582-8122,063-584-9814
8502006,전남광주통합특별시교육청 전남광주통합특별시목포교육지원청 목포제일중학교,목포제일중학교,530380,현존,전남광주통합특별시 목포시 삼학로 277,061-273-2301,061-278-2455
8502007,전남광주통합특별시교육청 전남광주통합특별시목포교육지원청 목포유달중학교,목포유달중학교,530806,현존,전남광주통합특별시 목포시 산정로 171,061-276-4020,061-278-4933
8502008,전남광주통합특별시교육청 전남광주통합특별시목포교육지원청 목포청호중학교,목포청호중학교,530361,현존,전남광주통합특별시 목포시 연산백련로31번길,061-270-1010,061-274-8598
8502009,전남광주통합특별시교육청 전남광주통합특별시목포교육지원청 목포여자중학교,목포여자중학교,530092,현존,전남광주통합특별시 목포시 유동로 35,061-244-0164,061-244-0105
8502010,전남광주통합특별시교육청 전남광주통합특별시목포교육지원청 목포중앙여자중학교,목포중앙여자중학교,530390,현존,전남광주통합특별시 목포시 백년대로280번길 24,061-283-0236,061-283-0215
8502011,전남광주통합특별시교육청 전남광주통합특별시목포교육지원청 목포항도여자중학교,목포항도여자중학교,530390,현존,전남광주통합특별시 목포시 상동로21번길 111,061-279-1451,061-272-1420
8502012,전남광주통합특별시교육청 전남광주통합특별시목포교육지원청 목포하당중학교,목포하당중학교,530831,현존,,061-288-1400,061-285-8770
8502013,전남광주통합특별시교육청 전남광주통합특별시목포교육지원청 목포옥암중학교,목포옥암중학교,530831,현존,,061-287-0511,061-287-0515
8502014,전남광주통합특별시교육청 전남광주통합특별시목포교육지원청 목포애향중학교,목포애향중학교,530420,현존,,061-287-0833,061-287-0835
8502015,전남광주통합특별시교육청 전남광주통합특별시목포교육지원청 문태중학교,문태중학교,530360,현존,전남광주통합특별시 목포시 용당로 138,061-277-7535,061-277-7536
8502016,전남광주통합특별시교육청 전남광주통합특별시목포교육지원청 목포홍일중학교,목포홍일중학교,530846,현존,전남광주통합특별시 목포시 북항로 88,061-242-7783,061-242-7791
8502017,전남광주통합특별시교육청 전남광주통합특별시목포교육지원청 영흥중학교,영흥중학교,530390,현존,전남광주통합특별시 목포시 삼각로43번길 9,061-283-5012,061-283-5016
8502018,전남광주통합특별시교육청 전남광주통합특별시목포교육지원청 목포덕인중학교,목포덕인중학교,530843,현존,전남광주통합특별시 목포시 죽선로 39-2,061-240-6303,061-243-8247
8502019,전남광주통합특별시교육청 전남광주통합특별시목포교육지원청 목포정명여자중학교,목포정명여자중학교,530330,현존,전남광주통합특별시 목포시 삼일로 45,061-240-3103,061-245-4326
8502020,전남광주통합특별시교육청 전남광주통합특별시목포교육지원청 목포영화중학교,목포영화중학교,530390,현존,전남광주통합특별시 목포시 영산로 413-2,061-800-8114,061-276-4807
8502021,전남광주통합특별시교육청 전남광주통합특별시목포교육지원청 목포혜인여자중학교,목포혜인여자중학교,530843,현존,전남광주통합특별시 목포시 죽선로 39-2,061-240-6580,061-243-0013
8512006,전남광주통합특별시교육청 전남광주통합특별시여수교육지원청 여수중학교,여수중학교,550020,현존,전남광주통합특별시 여수시 공화북4길 19-1,061-690-3791,061-664-3794
8512007,전남광주통합특별시교육청 전남광주통합특별시여수교육지원청 여수구봉중학교,여수구봉중학교,,현존,전남광주통합특별시 여수시 국동4길 49,"061-640-3114,3116",061-643-9363
8512008,전남광주통합특별시교육청 전남광주통합특별시여수교육지원청 충덕중학교,충덕중학교,550010,현존,전남광주통합특별시 여수시 덕충안길 79,061-690-0310,061-690-0303
8512009,전남광주통합특별시교육청 전남광주통합특별시여수교육지원청 여수문수중학교,여수문수중학교,550200,현존,전남광주통합특별시 여수시 여문2로 141,061-650-3200,061-652-9193
8512010,전남광주통합특별시교육청 전남광주통합특별시여수교육지원청 여천중학교,여천중학교,555040,현존,전남광주통합특별시 여수시 선원1길 26,061-688-8604,061-682-0518
8512011,전남광주통합특별시교육청 전남광주통합특별시여수교육지원청 여선중학교,여선중학교,555800,현존,전남광주통합특별시 여수시 무선로 71,061-688-8511,061-688-8505
8512012,전남광주통합특별시교육청 전남광주통합특별시여수교육지원청 율촌중학교,율촌중학교,556892,현존,전남광주통합특별시 여수시 율촌면 동산개길 46,061-680-4100,061-686-0778
8512013,전남광주통합특별시교육청 전남광주통합특별시여수교육지원청 돌산중학교,돌산중학교,556901,현존,전남광주통합특별시 여수시 돌산읍 돌산로 1197,061-644-1203,061-644-2425
8512014,전남광주통합특별시교육청 전남광주통합특별시여수교육지원청 돌산중앙중학교,돌산중앙중학교,556904,현존,전남광주통합특별시 여수시 돌산읍 돌산로 2429,061-644-6980,061-644-2083
8512015,전남광주통합특별시교육청 전남광주통합특별시여수교육지원청 여남중학교,여남중학교,556843,현존,전남광주통합특별시 여수시 남면 우실해안길 5,061-660-0311,061-665-9995
8512016,전남광주통합특별시교육청 전남광주통합특별시여수교육지원청 거문중학교,거문중학교,556852,현존,전남광주통합특별시 여수시 삼산면 덕흥1길 30,061-665-8340,061-665-0566
8512017,전남광주통합특별시교육청 전남광주통합특별시여수교육지원청 화양중학교,화양중학교,556821,현존,전남광주통합특별시 여수시 화양면 옥천로 87,061-682-6022,061-683-6183
8512018,전남광주통합특별시교육청 전남광주통합특별시여수교육지원청 화양중학교화양남분교장,화양중학교화양남분교장,556825,현존,전남광주통합특별시 여수시 화양면 장수로 174,061-686-2673,061-686-2670
8512019,전남광주통합특별시교육청 전남광주통합특별시여수교육지원청 무선중학교,무선중학교,555110,현존,전남광주통합특별시 여수시 대통1길 29,061-690-5441,061-691-5109
8512020,전남광주통합특별시교육청 전남광주통합특별시여수교육지원청 여수개도중학교,여수개도중학교,556831,현존,전남광주통합특별시 여수시 화정면 개도화산3길 8,061-666-8670,061-665-6893
8512021,전남광주통합특별시교육청 전남광주통합특별시여수교육지원청 안산중학교,안산중학교,555050,현존,전남광주통합특별시 여수시 장성4길 36,061-690-4800,061-692-0770
8512022,전남광주통합특별시교육청 전남광주통합특별시여수교육지원청 여수종고중학교,여수종고중학교,550809,현존,전남광주통합특별시 여수시 군자길 75,061-660-2560,061-662-0105
8512023,전남광주통합특별시교육청 전남광주통합특별시여수교육지원청 여양중학교,여양중학교,556813,현존,전남광주통합특별시 여수시 소라면 덕양로 345,061-689-5893,061-683-9081
8512024,전남광주통합특별시교육청 전남광주통합특별시여수교육지원청 여도중학교,여도중학교,555080,현존,전남광주통합특별시 여수시 상암로 7,061-690-3300,061-682-0150
8512129,전남광주통합특별시교육청 전남광주통합특별시여수교육지원청 여수삼일중학교,여수삼일중학교,556811,현존,전남광주통합특별시 여수시 소라면 죽림로 26,061-689-7810,061-807-3333
8512135,전남광주통합특별시교육청 전남광주통합특별시여수교육지원청 여수웅천중학교,여수웅천중학교,,현존,전남광주통합특별시 여수시 웅천북로 24,061-805-5000,061-805-5005
8512147,전남광주통합특별시교육청 전남광주통합특별시여수교육지원청 여수아리울중학교,여수아리울중학교,550070,현존,전남광주통합특별시 여수시 관문1길 29,061-660-2680,061-665-2830
8512148,전남광주통합특별시교육청 전남광주통합특별시여수교육지원청 여수진남중학교,여수진남중학교,,현존,전남광주통합특별시 여수시 미평10길 5,061-650-6601,061-653-6571
8512149,전남광주통합특별시교육청 전남광주통합특별시여수교육지원청 여수진성중학교,여수진성중학교,550160,현존,전남광주통합특별시 여수시 봉강서4길 3,061-640-2163,061-641-6896
8512150,전남광주통합특별시교육청 전남광주통합특별시여수교육지원청 여수중앙중학교,여수중앙중학교,550140,현존,전남광주통합특별시 여수시 덕충6길 79,061-660-5220,061-662-6878
8522006,전남광주통합특별시교육청 전남광주통합특별시순천교육지원청 순천삼산중학교,순천삼산중학교,540948,현존,전남광주통합특별시 순천시 해룡면 매안로 84,061-752-2057,061-753-9570
8522007,전남광주통합특별시교육청 전남광주통합특별시순천교육지원청 순천이수중학교,순천이수중학교,540130,현존,전남광주통합특별시 순천시 수박등1길 13,061-742-9164,061-742-9163
8522008,전남광주통합특별시교육청 전남광주통합특별시순천교육지원청 순천연향중학교,순천연향중학교,540953,현존,전남광주통합특별시 순천시 연향중앙상가길 67,061-729-7662,061-721-7502
8522009,전남광주통합특별시교육청 전남광주통합특별시순천교육지원청 순천남산중학교,순천남산중학교,540150,현존,전남광주통합특별시 순천시 풍덕새길 15-7,061-740-9114,061-745-2418
8522010,전남광주통합특별시교육청 전남광주통합특별시순천교육지원청 순천신흥중학교,순천신흥중학교,,현존,전남광주통합특별시 순천시 해룡면 신흥중1길 22,061-729-9750,061-722-0376
8522011,전남광주통합특별시교육청 전남광주통합특별시순천교육지원청 순천금당중학교,순천금당중학교,540850,현존,전남광주통합특별시 순천시 해룡면 장선배기길 189,061-724-9615,061-724-8798
8522012,전남광주통합특별시교육청 전남광주통합특별시순천교육지원청 순천팔마중학교,순천팔마중학교,540854,현존,전남광주통합특별시 순천시 해룡면 상삼길 6,061-720-9600,061-722-3562
8522013,전남광주통합특별시교육청 전남광주통합특별시순천교육지원청 순천풍덕중학교,순천풍덕중학교,540971,현존,전남광주통합특별시 순천시 평촌길 47,061-740-8701,061-743-7781
8522014,전남광주통합특별시교육청 전남광주통합특별시순천교육지원청 순천향림중학교,순천향림중학교,540949,현존,전남광주통합특별시 순천시 오리정2길 29,061-751-3887,061-751-1634
8522015,전남광주통합특별시교육청 전남광주통합특별시순천교육지원청 순천왕의중학교,순천왕의중학교,,현존,전남광주통합특별시 순천시 해룡면 지봉로 420,061-804-4000,061-721-8357
8522016,전남광주통합특별시교육청 전남광주통합특별시순천교육지원청 순천월전중학교,순천월전중학교,540832,현존,전남광주통합특별시 순천시 월등면 백야중길 30,061-754-0040,061-754-0842
8522017,전남광주통합특별시교육청 전남광주통합특별시순천교육지원청 순천승주중학교,순천승주중학교,540804,현존,전남광주통합특별시 순천시 승주읍 승주로 615,061-754-6227,061-754-6267
8522018,전남광주통합특별시교육청 전남광주통합특별시순천교육지원청 순천주암중학교,순천주암중학교,540840,현존,전남광주통합특별시 순천시 주암면 동주로 2453,061-755-4316,061-755-4463
8522019,전남광주통합특별시교육청 전남광주통합특별시순천교육지원청 순천승남중학교,순천승남중학교,540930,현존,전남광주통합특별시 순천시 송광면 이읍원동길 10,061-754-3505,061-754-3504
8522020,전남광주통합특별시교육청 전남광주통합특별시순천교육지원청 순천낙안중학교,순천낙안중학교,540910,현존,전남광주통합특별시 순천시 낙안면 조정래길 716,061-754-2505,061-754-6811
8522021,전남광주통합특별시교육청 전남광주통합특별시순천교육지원청 순천별량중학교,순천별량중학교,540870,현존,전남광주통합특별시 순천시 별량면 송천2길 85,061-740-3610,061-742-5805
8522022,전남광주통합특별시교육청 전남광주통합특별시순천교육지원청 순천승평중학교,순천승평중학교,540853,현존,전남광주통합특별시 순천시 해룡면 좌야로 151,061-724-4468,061-724-4923
8522023,전남광주통합특별시교육청 전남광주통합특별시순천교육지원청 순천매산중학교,순천매산중학교,540948,현존,전남광주통합특별시 순천시 매산길 23,061-752-4064,061-753-6630
8522106,전남광주통합특별시교육청 전남광주통합특별시순천교육지원청 순천왕운중학교,순천왕운중학교,540330,현존,전남광주통합특별시 순천시 왕지3길 27,061-804-1200,061-804-1214
8522123,전남광주통합특별시교육청 전남광주통합특별시순천교육지원청 한국바둑중학교,한국바둑중학교,,현존,전남광주통합특별시 순천시 주암면 조달진로 27,061-759-1870,061-759-1895
8522125,전남광주통합특별시교육청 전남광주통합특별시순천교육지원청 순천세빛중학교,순천세빛중학교,,현존,전남광주통합특별시 순천시 북정4길 70,061-750-2000,061-754-8523
8522126,전남광주통합특별시교육청 전남광주통합특별시순천교육지원청 순천동산중학교,순천동산중학교,540967,현존,전남광주통합특별시 순천시 유동길 40,061-721-4826,061-721-3296
8532003,전남광주통합특별시교육청 전남광주통합특별시나주교육지원청 나주중학교,나주중학교,520090,현존,전남광주통합특별시 나주시 남산길 10,061-339-1740,061-333-2427
8532004,전남광주통합특별시교육청 전남광주통합특별시나주교육지원청 영산포여자중학교,영산포여자중학교,520952,현존,전남광주통합특별시 나주시 이창1길 32,061-330-5990,061-333-5634
8532005,전남광주통합특별시교육청 전남광주통합특별시나주교육지원청 나주금천중학교,나주금천중학교,520824,현존,전남광주통합특별시 나주시 호수로 133,061-339-9350,061-331-7664
8532006,전남광주통합특별시교육청 전남광주통합특별시나주교육지원청 나주다시중학교,나주다시중학교,58280,현존,전남광주통합특별시 나주시 다시면 무숙로 776,061-335-4033,061-335-7997
8532007,전남광주통합특별시교육청 전남광주통합특별시나주교육지원청 나주공산중학교,나주공산중학교,520892,현존,전남광주통합특별시 나주시 공산면 공산로 110,061-335-3013,061-335-1193
8532008,전남광주통합특별시교육청 전남광주통합특별시나주교육지원청 남평중학교,남평중학교,520844,현존,전남광주통합특별시 나주시 남평읍 남평3로 40,061-331-2145,061-331-9489
8532009,전남광주통합특별시교육청 전남광주통합특별시나주교육지원청 남평중학교다도분교장,남평중학교다도분교장,520861,현존,전남광주통합특별시 나주시 다도면 다도로 747,061-337-3008,061-337-3005
8532010,전남광주통합특별시교육청 전남광주통합특별시나주교육지원청 나주동강중학교,나주동강중학교,520914,현존,전남광주통합특별시 나주시 동강면 인동길 25-28,061-335-2005,061-335-7567
8532011,전남광주통합특별시교육청 전남광주통합특별시나주교육지원청 나주봉황중학교,나주봉황중학교,520852,현존,전남광주통합특별시 나주시 봉황면 봉황로 682,061-331-4452,061-331-1296
8532012,전남광주통합특별시교육청 전남광주통합특별시나주교육지원청 나주문평중학교,나주문평중학교,,현존,전남광주통합특별시 나주시 문평면 평복길 27,061-336-5382,061-335-1173
8532013,전남광주통합특별시교육청 전남광주통합특별시나주교육지원청 나주반남중학교,나주반남중학교,520923,현존,전남광주통합특별시 나주시 반남면 석천로 20-15,061-336-1052,061-335-7154
8532014,전남광주통합특별시교육청 전남광주통합특별시나주교육지원청 노안중학교,노안중학교,58209,현존,전남광주통합특별시 나주시 노안면 노안로 373,061-335-2852,061-335-9653
8532015,전남광주통합특별시교육청 전남광주통합특별시나주교육지원청 금성중학교,금성중학교,520180,현존,전남광주통합특별시 나주시 건재로 41,061-332-3912,061-332-3980
8532016,전남광주통합특별시교육청 전남광주통합특별시나주교육지원청 영산중학교,영산중학교,520230,현존,전남광주통합특별시 나주시 영강길 32,061-333-6712,061-333-6713
8532017,전남광주통합특별시교육청 전남광주통합특별시나주교육지원청 세지중학교,세지중학교,520873,현존,전남광주통합특별시 나주시 세지면 동창로 112,061-331-5005,061-331-1101
8532064,전남광주통합특별시교육청 전남광주통합특별시나주교육지원청 빛가람중학교,빛가람중학교,520822,현존,전남광주통합특별시 나주시 월정5길 12,061-820-4111,061-334-2999
8532073,전남광주통합특별시교육청 전남광주통합특별시나주교육지원청 매성중학교,매성중학교,520820,현존,전남광주통합특별시 나주시 쌍산1길 19,061-320-7551,061-320-7695
8552006,전남광주통합특별시교육청 전남광주통합특별시광양교육지원청 광양중학교,광양중학교,545804,현존,전남광주통합특별시 광양시 광양읍 신재로 90,061-815-3399,061-815-3370
8552007,전남광주통합특별시교육청 전남광주통합특별시광양교육지원청 옥곡중학교,옥곡중학교,545831,현존,전남광주통합특별시 광양시 옥곡면 명주1길 61-7,061-772-6886,061-772-6884
8552008,전남광주통합특별시교육청 전남광주통합특별시광양교육지원청 진상중학교,진상중학교,545840,현존,전남광주통합특별시 광양시 진상면 신시길 177,"061-772-1011,1012",061-772-3351
8552009,전남광주통합특별시교육청 전남광주통합특별시광양교육지원청 광양진월중학교,광양진월중학교,545852,현존,전남광주통합특별시 광양시 진월면 방죽1길 10,061-772-0592,061-772-3567
8552010,전남광주통합특별시교육청 전남광주통합특별시광양교육지원청 광양다압중학교,광양다압중학교,,현존,전남광주통합특별시 광양시 다압면 섬진강매화로,061-772-4089,061-772-5089
8552011,전남광주통합특별시교육청 전남광주통합특별시광양교육지원청 광양골약중학교,광양골약중학교,545050,현존,전남광주통합특별시 광양시 도이2길 6,061-760-2702,061-795-9234
8552012,전남광주통합특별시교육청 전남광주통합특별시광양교육지원청 동광양중학교,동광양중학교,545886,현존,전남광주통합특별시 광양시 세동길 3-1,061-798-0001,061-791-1237
8552013,전남광주통합특별시교육청 전남광주통합특별시광양교육지원청 광영중학교,광영중학교,545870,현존,전남광주통합특별시 광양시 금영로 101,061-798-6604,061-792-9060
8552014,전남광주통합특별시교육청 전남광주통합특별시광양교육지원청 광양중동중학교,광양중동중학교,545881,현존,전남광주통합특별시 광양시 광장로 59,061-797-1600,061-794-7323
8552015,전남광주통합특별시교육청 전남광주통합특별시광양교육지원청 광양백운중학교,광양백운중학교,545881,현존,전남광주통합특별시 광양시 광장로 121,061-798-7502,061-798-7503
8552016,전남광주통합특별시교육청 전남광주통합특별시광양교육지원청 광양제철중학교,광양제철중학교,545875,현존,전남광주통합특별시 광양시 마로니에길 69,061-798-1214,061-798-1207
8552075,전남광주통합특별시교육청 전남광주통합특별시광양교육지원청 광양용강중학교,광양용강중학교,,현존,전남광주통합특별시 광양시 광양읍 용강1길 24,061-760-6002,061-763-7100
8552076,전남광주통합특별시교육청 전남광주통합특별시광양교육지원청 광양마동중학교,광양마동중학교,545070,현존,전남광주통합특별시 광양시 느지매기길 7,061-798-9500,061-791-9400
8552083,전남광주통합특별시교육청 전남광주통합특별시광양교육지원청 한국창의예술중학교,한국창의예술중학교,,현존,전남광주통합특별시 광양시 중마로 400,061-818-3208,061-818-3205
8552086,전남광주통합특별시교육청 전남광주통합특별시광양교육지원청 희양중학교,희양중학교,545808,현존,전남광주통합특별시 광양시 광양읍 남등1길 72-6,061-760-3811,061-763-0882
8562003,전남광주통합특별시교육청 전남광주통합특별시담양교육지원청 담양중학교,담양중학교,517805,현존,전남광주통합특별시 담양군 담양읍 천변7길 13,061-381-2055,061-383-6102
8562004,전남광주통합특별시교육청 전남광주통합특별시담양교육지원청 담양여자중학교,담양여자중학교,517801,현존,전남광주통합특별시 담양군 담양읍 신성길 20,061-381-3370,061-383-3736
8562005,전남광주통합특별시교육청 전남광주통합특별시담양교육지원청 한재중학교,한재중학교,517923,현존,전남광주통합특별시 담양군 대전면 대치9길 43-1,061-380-9600,061-383-9151
8562006,전남광주통합특별시교육청 전남광주통합특별시담양교육지원청 창평중학교,창평중학교,517883,현존,전남광주통합특별시 담양군 창평면 창평로 565-17,061-381-0885,061-381-0887
8562007,전남광주통합특별시교육청 전남광주통합특별시담양교육지원청 담양금성중학교,담양금성중학교,517811,현존,전남광주통합특별시 담양군 금성면 시암골로 10,061-382-4044,061-383-9850
8562008,전남광주통합특별시교육청 전남광주통합특별시담양교육지원청 담양수북중학교,담양수북중학교,517915,현존,전남광주통합특별시 담양군 수북면 한수동로 527,061-382-7024,061-381-3818
8562009,전남광주통합특별시교육청 전남광주통합특별시담양교육지원청 담양고서중학교,담양고서중학교,517862,현존,전남광주통합특별시 담양군 고서면 창평현로 234,061-382-3015,061-383-8832
8572003,전남광주통합특별시교육청 전남광주통합특별시곡성교육지원청 곡성중학교,곡성중학교,516805,현존,전남광주통합특별시 곡성군 곡성읍 학교로 80,061-363-1812,061-363-1979
8572004,전남광주통합특별시교육청 전남광주통합특별시곡성교육지원청 석곡중학교,석곡중학교,57560,현존,전남광주통합특별시 곡성군 석곡면 석곡로 6,061-362-3117,061-362-9546
8572005,전남광주통합특별시교육청 전남광주통합특별시곡성교육지원청 옥과중학교,옥과중학교,516913,현존,전남광주통합특별시 곡성군 옥과면 대학로 71,061-362-5006,061-362-7157
8582003,전남광주통합특별시교육청 전남광주통합특별시구례교육지원청 구례중학교,구례중학교,542805,현존,전남광주통합특별시 구례군 구례읍 구례로 433,061-782-2375,061-782-1968
8582004,전남광주통합특별시교육청 전남광주통합특별시구례교육지원청 구례여자중학교,구례여자중학교,542803,현존,전남광주통합특별시 구례군 구례읍 구례여중길 9,061-781-2829,061-782-6376
8582005,전남광주통합특별시교육청 전남광주통합특별시구례교육지원청 구례동중학교,구례동중학교,542860,현존,전남광주통합특별시 구례군 토지면 섬진강대로 4856-10,061-781-2449,061-781-4934
8582006,전남광주통합특별시교육청 전남광주통합특별시구례교육지원청 구례북중학교,구례북중학교,542821,현존,전남광주통합특별시 구례군 용방면 선월길 97,061-781-3283,061-781-4940
8582007,전남광주통합특별시교육청 전남광주통합특별시구례교육지원청 구례산동중학교,구례산동중학교,542834,현존,전남광주통합특별시 구례군 산동면 원촌길 61-16,061-781-1672,061-781-4932
8592003,전남광주통합특별시교육청 전남광주통합특별시고흥교육지원청 고흥중학교,고흥중학교,548802,현존,전남광주통합특별시 고흥군 고흥읍 고흥로 1847,061-835-3959,061-835-7893
8592004,전남광주통합특별시교육청 전남광주통합특별시고흥교육지원청 고흥여자중학교,고흥여자중학교,548802,현존,전남광주통합특별시 고흥군 고흥읍 흥양길 2,061-835-3947,061-835-3949
8592005,전남광주통합특별시교육청 전남광주통합특별시고흥교육지원청 녹동중학교,녹동중학교,548905,현존,전남광주통합특별시 고흥군 도양읍 비봉로 60,061-844-4006,061-844-4012
8592006,전남광주통합특별시교육청 전남광주통합특별시고흥교육지원청 고흥풍양중학교,고흥풍양중학교,548912,현존,전남광주통합특별시 고흥군 풍양면 풍양로 111,061-832-4799,061-832-3597
8592007,전남광주통합특별시교육청 전남광주통합특별시고흥교육지원청 고흥도덕중학교,고흥도덕중학교,548921,현존,전남광주통합특별시 고흥군 도덕면 고흥만로 113,061-843-5011,061-842-5012
8592008,전남광주통합특별시교육청 전남광주통합특별시고흥교육지원청 금산중학교,금산중학교,548931,현존,전남광주통합특별시 고흥군 금산면 돈청길 36,061-843-8040,061-842-0042
8592009,전남광주통합특별시교육청 전남광주통합특별시고흥교육지원청 고흥도화중학교,고흥도화중학교,548892,현존,전남광주통합특별시 고흥군 도화면 도화로 466,061-832-7131,061-833-3622
8592010,전남광주통합특별시교육청 전남광주통합특별시고흥교육지원청 포두중학교,포두중학교,548881,현존,전남광주통합특별시 고흥군 포두면 우주로 628-34,061-832-5421,061-833-5920
8592011,전남광주통합특별시교육청 전남광주통합특별시고흥교육지원청 봉래중학교,봉래중학교,548943,현존,전남광주통합특별시 고흥군 봉래면 원두길 60,061-833-6764,061-835-1773
8592012,전남광주통합특별시교육청 전남광주통합특별시고흥교육지원청 고흥백양중학교,고흥백양중학교,59567,현존,전남광주통합특별시 고흥군 동일면 우주로 2582-16,061-833-7028,061-834-9510
8592013,전남광주통합특별시교육청 전남광주통합특별시고흥교육지원청 고흥점암중앙중학교,고흥점암중앙중학교,548812,현존,전남광주통합특별시 고흥군 점암면 해창로 306,061-832-7945,061-833-7945
8592014,전남광주통합특별시교육청 전남광주통합특별시고흥교육지원청 고흥과역중학교,고흥과역중학교,548831,현존,전남광주통합특별시 고흥군 과역면 고흥로 2939-3,061-832-9345,061-835-6525
8592015,전남광주통합특별시교육청 전남광주통합특별시고흥교육지원청 고흥남양중학교,고흥남양중학교,548842,현존,전남광주통합특별시 고흥군 남양면 남양로 219-6,061-833-1083,061-833-0448
8592016,전남광주통합특별시교육청 전남광주통합특별시고흥교육지원청 동강중학교,동강중학교,59502,현존,전남광주통합특별시 고흥군 동강면 계매길 11-2,061-833-2037,061-835-2446
8592017,전남광주통합특별시교육청 전남광주통합특별시고흥교육지원청 고흥대서중학교,고흥대서중학교,548861,현존,전남광주통합특별시 고흥군 대서면 동서로 420,061-833-3204,061-833-3329
8602003,전남광주통합특별시교육청 전남광주통합특별시보성교육지원청 보성중학교,보성중학교,546805,현존,전남광주통합특별시 보성군 보성읍 신지두슬길 9,061-850-6000,061-853-2627
8602004,전남광주통합특별시교육청 전남광주통합특별시보성교육지원청 보성여자중학교,보성여자중학교,546805,현존,전남광주통합특별시 보성군 보성읍 중앙로 20,061-852-2986,061-853-2986
8602005,전남광주통합특별시교육청 전남광주통합특별시보성교육지원청 벌교중학교,벌교중학교,546906,현존,전남광주통합특별시 보성군 벌교읍 조정래길 86-27,061-857-0018,061-857-4510
8602006,전남광주통합특별시교육청 전남광주통합특별시보성교육지원청 벌교여자중학교,벌교여자중학교,,현존,전남광주통합특별시 보성군 벌교읍 월곡길 18-13,061-857-0035,061-858-0035
8602007,전남광주통합특별시교육청 전남광주통합특별시보성교육지원청 조성중학교,조성중학교,546913,현존,전남광주통합특별시 보성군 조성면 조성2길 4-7,061-857-9021,061-857-7198
8602008,전남광주통합특별시교육청 전남광주통합특별시보성교육지원청 보성복내중학교,보성복내중학교,546832,현존,전남광주통합특별시 보성군 복내면 송재로 1926,061-888-2590,061-853-7880
8602009,전남광주통합특별시교육청 전남광주통합특별시보성교육지원청 보성회천중학교,보성회천중학교,546873,현존,전남광주통합특별시 보성군 회천면 남부관광로 2399,061-852-8024,061-852-3404
8602010,전남광주통합특별시교육청 전남광주통합특별시보성교육지원청 예당중학교,예당중학교,,현존,전남광주통합특별시 보성군 득량면 예당길 155-14,061-853-7882,061-853-4647
8602011,전남광주통합특별시교육청 전남광주통합특별시보성교육지원청 득량중학교,득량중학교,546921,현존,전남광주통합특별시 보성군 득량면 역전길 51,061-853-1704,061-853-1706
8602012,전남광주통합특별시교육청 전남광주통합특별시보성교육지원청 삼광중학교,삼광중학교,546909,현존,전남광주통합특별시 보성군 벌교읍 채동선로 115,061-859-0199,061-858-0031
8602013,전남광주통합특별시교육청 전남광주통합특별시보성교육지원청 용정중학교,용정중학교,546822,현존,전남광주통합특별시 보성군 미력면 보성강로 279,061-852-9603,061-852-9605
8622003,전남광주통합특별시교육청 전남광주통합특별시장흥교육지원청 장흥중학교,장흥중학교,529801,현존,전남광주통합특별시 장흥군 장흥읍 장흥로 49-1,061-863-8911,061-863-8916
8622004,전남광주통합특별시교육청 전남광주통합특별시장흥교육지원청 장흥관산중학교,장흥관산중학교,529875,현존,전남광주통합특별시 장흥군 관산읍 죽교상하발로 41,061-867-3031,061-867-4957
8622005,전남광주통합특별시교육청 전남광주통합특별시장흥교육지원청 장흥장평중학교,장흥장평중학교,,현존,전남광주통합특별시 장흥군 장평면 장평중앙길,061-862-3612,061-862-9288
8622006,전남광주통합특별시교육청 전남광주통합특별시장흥교육지원청 장흥용산중학교,장흥용산중학교,529861,현존,전남광주통합특별시 장흥군 용산면 장흥대로 2445,061-862-5044,061-862-7175
8622007,전남광주통합특별시교육청 전남광주통합특별시장흥교육지원청 장흥유치중학교,장흥유치중학교,,현존,전남광주통합특별시 장흥군 유치면 유치로 48,061-863-1731,061-863-1734
8622008,전남광주통합특별시교육청 전남광주통합특별시장흥교육지원청 장흥안양중학교,장흥안양중학교,59338,현존,전남광주통합특별시 장흥군 안양면 운정2길,061-862-6049,061-862-9463
8622009,전남광주통합특별시교육청 전남광주통합특별시장흥교육지원청 장흥회덕중학교,장흥회덕중학교,59360,현존,전남광주통합특별시 장흥군 회진면 가학회진로 1519,061-867-5123,061-867-0920
8622010,전남광주통합특별시교육청 전남광주통합특별시장흥교육지원청 대덕중학교,대덕중학교,529901,현존,전남광주통합특별시 장흥군 대덕읍 대대로 1005,061-867-1755,061-867-7236
8622040,전남광주통합특별시교육청 전남광주통합특별시장흥교육지원청 장흥향원중학교,장흥향원중학교,529801,현존,전남광주통합특별시 장흥군 장흥읍 못골길 1,061-863-9712,061-863-9709
8642003,전남광주통합특별시교육청 전남광주통합특별시해남교육지원청 해남중학교,해남중학교,536805,현존,전남광주통합특별시 해남군 해남읍 중앙1로 225,061-536-4405,061-536-4920
8642004,전남광주통합특별시교육청 전남광주통합특별시해남교육지원청 해남제일중학교,해남제일중학교,536803,현존,전남광주통합특별시 해남군 해남읍 명문길 19,061-535-4282,061-535-4285
8642005,전남광주통합특별시교육청 전남광주통합특별시해남교육지원청 북평중학교,북평중학교,536932,현존,전남광주통합특별시 해남군 북평면 달량진길 38,061-533-1191,061-532-5647
8642006,전남광주통합특별시교육청 전남광주통합특별시해남교육지원청 화산중학교,화산중학교,536891,현존,전남광주통합특별시 해남군 화산면 연정길 29,061-535-2014,061-535-2015
8642007,전남광주통합특별시교육청 전남광주통합특별시해남교육지원청 송지중학교,송지중학교,536923,현존,전남광주통합특별시 해남군 송지면 미야길 156,061-533-2126,061-535-5930
8642008,전남광주통합특별시교육청 전남광주통합특별시해남교육지원청 황산중학교,황산중학교,536862,현존,전남광주통합특별시 해남군 황산면 관두길 24,061-532-2861,061-534-9059
8642009,전남광주통합특별시교육청 전남광주통합특별시해남교육지원청 산이중학교,산이중학교,536853,현존,전남광주통합특별시 해남군 산이면 비석길 98-2,061-532-4391,061-532-6678
8642010,전남광주통합특별시교육청 전남광주통합특별시해남교육지원청 현산중학교,현산중학교,536911,현존,전남광주통합특별시 해남군 현산면 탑동리길,061-532-7692,061-533-7694
8642011,전남광주통합특별시교육청 전남광주통합특별시해남교육지원청 두륜중학교,두륜중학교,536943,현존,전남광주통합특별시 해남군 북일면 오소재로 35,061-533-0093,061-534-9544
8642012,전남광주통합특별시교육청 전남광주통합특별시해남교육지원청 우수영중학교,우수영중학교,536872,현존,전남광주통합특별시 해남군 문내면 우수영로 21-6,061-532-1523,061-534-5155
8642013,전남광주통합특별시교육청 전남광주통합특별시해남교육지원청 화원중학교,화원중학교,536884,현존,전남광주통합특별시 해남군 화원면 신평리길 25-19,061-532-0283,061-533-7162
8652004,전남광주통합특별시교육청 전남광주통합특별시영암교육지원청 영암중학교,영암중학교,526805,현존,전남광주통합특별시 영암군 영암읍 영암초중고길 32,061-473-0799,061-473-2627
8652005,전남광주통합특별시교육청 전남광주통합특별시영암교육지원청 영암낭주중학교,영암낭주중학교,526872,현존,전남광주통합특별시 영암군 학산면 영산로 40,061-472-6931,061-471-2087
8652006,전남광주통합특별시교육청 전남광주통합특별시영암교육지원청 신북중학교,신북중학교,526812,현존,전남광주통합특별시 영암군 신북면 간은정로 77,061-472-9004,061-472-9116
8652007,전남광주통합특별시교육청 전남광주통합특별시영암교육지원청 구림중학교,구림중학교,526851,현존,전남광주통합특별시 영암군 군서면 돌정고개길 43,061-472-0162,061-472-0014
8652008,전남광주통합특별시교육청 전남광주통합특별시영암교육지원청 영암금정중학교,영암금정중학교,58405,현존,전남광주통합특별시 영암군 금정면 영나로 836,061-472-2010,061-473-9615
8652009,전남광주통합특별시교육청 전남광주통합특별시영암교육지원청 영암도포중학교,영암도포중학교,526831,현존,전남광주통합특별시 영암군 도포면 호산로 69-16,061-472-3044,061-472-7104
8652010,전남광주통합특별시교육청 전남광주통합특별시영암교육지원청 영암서호중학교,영암서호중학교,526862,현존,전남광주통합특별시 영암군 서호면 서호로 304,061-472-7044,061-472-7046
8652011,전남광주통합특별시교육청 전남광주통합특별시영암교육지원청 삼호중학교,삼호중학교,526897,현존,전남광주통합특별시 영암군 삼호읍 방아제로 102,061-462-6570,061-462-6573
8652012,전남광주통합특별시교육청 전남광주통합특별시영암교육지원청 삼호서중학교,삼호서중학교,526896,현존,전남광주통합특별시 영암군 삼호읍 모밀항길 20,061-461-2152,061-461-2126
8652013,전남광주통합특별시교육청 전남광주통합특별시영암교육지원청 시종중학교,시종중학교,526843,현존,전남광주통합특별시 영암군 시종면 마한로 1237,061-472-8038,061-473-3075
8652014,전남광주통합특별시교육청 전남광주통합특별시영암교육지원청 영암여자중학교,영암여자중학교,526804,현존,전남광주통합특별시 영암군 영암읍 여중고길 12,061-983-2350,061-983-2309
8662003,전남광주통합특별시교육청 전남광주통합특별시무안교육지원청 무안중학교,무안중학교,534904,현존,전남광주통합특별시 무안군 일로읍 죽사동길 15-5,061-282-5312,061-282-5341
8662004,전남광주통합특별시교육청 전남광주통합특별시무안교육지원청 무안북중학교,무안북중학교,534802,현존,전남광주통합특별시 무안군 무안읍 교촌길 38,061-453-2584,061-452-8526
8662005,전남광주통합특별시교육청 전남광주통합특별시무안교육지원청 무안현경중학교,무안현경중학교,534844,현존,전남광주통합특별시 무안군 현경면 장군로 23,061-452-2040,061-452-8896
8662006,전남광주통합특별시교육청 전남광주통합특별시무안교육지원청 무안청계중학교,무안청계중학교,534834,현존,전남광주통합특별시 무안군 청계면 도림길 15-5,061-452-5101,061-453-5767
8662007,전남광주통합특별시교육청 전남광주통합특별시무안교육지원청 무안몽탄중학교,무안몽탄중학교,534811,현존,전남광주통합특별시 무안군 몽탄면 호동길 38-10,061-453-8303,061-453-8306
8662008,전남광주통합특별시교육청 전남광주통합특별시무안교육지원청 전남체육중학교,전남체육중학교,534904,현존,전남광주통합특별시 무안군 일로읍 일로로 126,061-801-0105,061-282-4897
8662009,전남광주통합특별시교육청 전남광주통합특별시무안교육지원청 남악중학교,남악중학교,534821,현존,전남광주통합특별시 무안군 삼향읍 남악4로60번길 38,061-287-3420,061-287-3413
8662010,전남광주통합특별시교육청 전남광주통합특별시무안교육지원청 망운중학교,망운중학교,534861,현존,전남광주통합특별시 무안군 운남면 운해로 568-51,061-453-4332,061-452-5797
8662011,전남광주통합특별시교육청 전남광주통합특별시무안교육지원청 해제중학교,해제중학교,534874,현존,전남광주통합특별시 무안군 해제면 양간로 97,061-452-6506,061-454-0733
8662048,전남광주통합특별시교육청 전남광주통합특별시무안교육지원청 오룡중학교,오룡중학교,534821,현존,전남광주통합특별시 무안군 삼향읍 남악5로22번길 38,061-260-2300,061-287-6631
8662053,전남광주통합특별시교육청 전남광주통합특별시무안교육지원청 무안행복중학교,무안행복중학교,,현존,전남광주통합특별시 무안군 일로읍 오룡번영로 110,061-280-9800,061-280-9888
8662058,전남광주통합특별시교육청 전남광주통합특별시무안교육지원청 무안희망중학교,무안희망중학교,534903,현존,전남광주통합특별시 무안군 일로읍 오룡중앙남로 63,061-941-9840,061-981-0205
8672003,전남광주통합특별시교육청 전남광주통합특별시함평교육지원청 함평중학교,함평중학교,525803,현존,전남광주통합특별시 함평군 함평읍 영수길 275,061-350-0610,061-324-5586
8672004,전남광주통합특별시교육청 전남광주통합특별시함평교육지원청 함평여자중학교,함평여자중학교,525803,현존,전남광주통합특별시 함평군 함평읍 곤재로 13-7,061-322-2585,061-324-5277
8672005,전남광주통합특별시교육청 전남광주통합특별시함평교육지원청 함평월야중학교,함평월야중학교,525884,현존,전남광주통합특별시 함평군 월야면 문화로 695,061-323-1178,061-322-8205
8672006,전남광주통합특별시교육청 전남광주통합특별시함평교육지원청 함평손불중학교,함평손불중학교,525842,현존,전남광주통합특별시 함평군 손불면 손불중앙길 7-6,061-323-4565,061-323-7632
8672007,전남광주통합특별시교육청 전남광주통합특별시함평교육지원청 함평신광중학교,함평신광중학교,525851,현존,전남광주통합특별시 함평군 신광면 덕일길 35,061-322-5928,061-323-5028
8672008,전남광주통합특별시교육청 전남광주통합특별시함평교육지원청 함평해보중학교,함평해보중학교,525872,현존,전남광주통합특별시 함평군 해보면 해삼로 298,061-323-0006,061-323-1228
8672031,전남광주통합특별시교육청 전남광주통합특별시함평교육지원청 나산실용예술중학교,나산실용예술중학교,,현존,전남광주통합특별시 함평군 나산면 함장로 2441-96,061-324-2311,061-324-0077
8682003,전남광주통합특별시교육청 전남광주통합특별시영광교육지원청 영광중학교,영광중학교,513804,현존,전남광주통합특별시 영광군 영광읍 옥당로 13-34,061-351-2813,061-351-3602
8682004,전남광주통합특별시교육청 전남광주통합특별시영광교육지원청 영광군남중학교,영광군남중학교,,현존,전남광주통합특별시 영광군 군남면 포천길 13,061-352-4317,061-351-5291
8682005,전남광주통합특별시교육청 전남광주통합특별시영광교육지원청 영광백수중학교,영광백수중학교,513900,현존,전남광주통합특별시 영광군 백수읍 백수로 875,061-352-7014,061-351-5035
8682006,전남광주통합특별시교육청 전남광주통합특별시영광교육지원청 영광염산중학교,영광염산중학교,513862,현존,전남광주통합특별시 영광군 염산면 칠산로2길 31,061-352-9018,061-351-5422
8682007,전남광주통합특별시교육청 전남광주통합특별시영광교육지원청 영광홍농중학교,영광홍농중학교,513884,현존,전남광주통합특별시 영광군 홍농읍 상하길 109,061-356-3234,061-356-8365
8682008,전남광주통합특별시교육청 전남광주통합특별시영광교육지원청 영광대마중학교,영광대마중학교,513812,현존,전남광주통합특별시 영광군 대마면 영장로 231,061-352-4061,061-353-4062
8682009,전남광주통합특별시교육청 전남광주통합특별시영광교육지원청 법성중학교,법성중학교,57015,현존,전남광주통합특별시 영광군 법성면 대덕길4길 147,061-356-2020,061-356-7533
8682010,전남광주통합특별시교육청 전남광주통합특별시영광교육지원청 해룡중학교,해룡중학교,513802,현존,전남광주통합특별시 영광군 영광읍 중앙로 120,061-350-1182,061-350-1188
8682011,전남광주통합특별시교육청 전남광주통합특별시영광교육지원청 성지송학중학교,성지송학중학교,513842,현존,전남광주통합특별시 영광군 군서면 서금길 15,061-353-6351,061-353-8161
8682041,전남광주통합특별시교육청 전남광주통합특별시영광교육지원청 영광옥당중학교,영광옥당중학교,513807,현존,전남광주통합특별시 영광군 영광읍 물무로3길 19,061-882-8560,061-351-1109
8692003,전남광주통합특별시교육청 전남광주통합특별시장성교육지원청 장성중학교,장성중학교,57216,현존,전남광주통합특별시 장성군 장성읍 단풍로 52,061-888-2000,061-393-8127
8692004,전남광주통합특별시교육청 전남광주통합특별시장성교육지원청 장성여자중학교,장성여자중학교,515806,현존,전남광주통합특별시 장성군 장성읍 제봉로 60,061-392-4406,061-392-0725
8692005,전남광주통합특별시교육청 전남광주통합특별시장성교육지원청 삼계중학교,삼계중학교,57238,현존,전남광주통합특별시 장성군 삼계면 사창로 47,061-399-0300,061-399-0308
8692006,전남광주통합특별시교육청 전남광주통합특별시장성교육지원청 장성남중학교,장성남중학교,515890,현존,전남광주통합특별시 장성군 남면 황토단감로 10,061-392-4114,061-392-6734
8692007,전남광주통합특별시교육청 전남광주통합특별시장성교육지원청 장성황룡중학교,장성황룡중학교,57225,현존,전남광주통합특별시 장성군 황룡면 홍길동로 50,061-393-2662,061-392-1867
8692008,전남광주통합특별시교육청 전남광주통합특별시장성교육지원청 장성삼서중학교,장성삼서중학교,515882,현존,전남광주통합특별시 장성군 삼서면 대곡한실길 20,061-394-2020,061-394-5204
8692037,전남광주통합특별시교육청 전남광주통합특별시장성교육지원청 장성백암중학교,장성백암중학교,57201,현존,전남광주통합특별시 장성군 북이면 복룡길 33,061-399-8118,061-394-2683
8702004,전남광주통합특별시교육청 전남광주통합특별시완도교육지원청 완도중학교,완도중학교,537800,현존,전남광주통합특별시 완도군 완도읍 청해진남로 88,061-552-2388,061-554-8050
8702005,전남광주통합특별시교육청 전남광주통합특별시완도교육지원청 완도여자중학교,완도여자중학교,537800,현존,전남광주통합특별시 완도군 완도읍 노두목길 20,061-552-2392,061-554-1141
8702006,전남광주통합특별시교육청 전남광주통합특별시완도교육지원청 고금중학교,고금중학교,537871,현존,전남광주통합특별시 완도군 고금면 농상도남길 16-38,061-553-1302,061-554-1961
8702007,전남광주통합특별시교육청 전남광주통합특별시완도교육지원청 청산중학교,청산중학교,537821,현존,전남광주통합특별시 완도군 청산면 청산로 1579-74,061-552-8544,061-554-7304
8702008,전남광주통합특별시교육청 전남광주통합특별시완도교육지원청 노화중학교,노화중학교,537840,현존,전남광주통합특별시 완도군 노화읍 노화서로 1-14,061-553-4724,061-554-9042
8702009,전남광주통합특별시교육청 전남광주통합특별시완도교육지원청 군외중학교,군외중학교,537812,현존,전남광주통합특별시 완도군 군외면 원동길 37-26,061-552-5421,061-554-7884
8702010,전남광주통합특별시교육청 전남광주통합특별시완도교육지원청 금당중학교,금당중학교,537910,현존,전남광주통합특별시 완도군 금당면 금당로 230,061-843-2212,061-843-2214
8702011,전남광주통합특별시교육청 전남광주통합특별시완도교육지원청 소안중학교,소안중학교,537830,현존,전남광주통합특별시 완도군 소안면 비자34번길 17,061-553-7225,061-552-2152
8702012,전남광주통합특별시교육청 전남광주통합특별시완도교육지원청 금일중학교,금일중학교,537902,현존,전남광주통합특별시 완도군 금일읍 금일로 445-1,061-553-3384,061-553-4075
8702013,전남광주통합특별시교육청 전남광주통합특별시완도교육지원청 금일중학교생일분교장,금일중학교생일분교장,537922,현존,전남광주통합특별시 완도군 생일면 생일로 613번길,061-553-3678,061-553-9620
8702014,전남광주통합특별시교육청 전남광주통합특별시완도교육지원청 약산중학교,약산중학교,537881,현존,전남광주통합특별시 완도군 약산면 약산로 366,061-553-8488,061-553-2737
8702015,전남광주통합특별시교육청 전남광주통합특별시완도교육지원청 완도신지중학교,완도신지중학교,537863,현존,전남광주통합특별시 완도군 신지면 대곡길 26,061-552-7002,061-553-3992
8702016,전남광주통합특별시교육청 전남광주통합특별시완도교육지원청 완도보길중학교,완도보길중학교,537852,현존,전남광주통합특별시 완도군 보길면 보길로 1-2,061-553-6203,061-554-6739
8702061,전남광주통합특별시교육청 전남광주통합특별시완도교육지원청 넙도초등학교노화중학교넙도분교장,넙도초등학교노화중학교넙도분교장,537840,현존,전남광주통합특별시 완도군 노화읍 넙도길 294-31,061-553-4480,061-554-4380
8712003,전남광주통합특별시교육청 전남광주통합특별시진도교육지원청 진도군내중학교,진도군내중학교,539822,현존,전남광주통합특별시 진도군 군내면 금골길 26,061-542-4030,061-542-9556
8712004,전남광주통합특별시교육청 전남광주통합특별시진도교육지원청 석교중학교,석교중학교,539841,현존,전남광주통합특별시 진도군 임회면 십일시길 67,061-543-3106,061-543-5343
8712005,전남광주통합특별시교육청 전남광주통합특별시진도교육지원청 고성중학교,고성중학교,539811,현존,전남광주통합특별시 진도군 고군면 진도대로 83,061-543-3612,061-543-3613
8712006,전남광주통합특별시교육청 전남광주통합특별시진도교육지원청 조도중학교,조도중학교,539912,현존,전남광주통합특별시 진도군 조도면 명지길 66,061-542-5142,061-542-5143
8712007,전남광주통합특별시교육청 전남광주통합특별시진도교육지원청 진도중학교,진도중학교,539801,현존,전남광주통합특별시 진도군 진도읍 교동3길 9,061-544-2413,061-544-4530
8712008,전남광주통합특별시교육청 전남광주통합특별시진도교육지원청 의신중학교,의신중학교,539833,현존,전남광주통합특별시 진도군 의신면 진도대로 2446,061-543-4200,061-543-8604
8712009,전남광주통합특별시교육청 전남광주통합특별시진도교육지원청 진도지산중학교,진도지산중학교,539853,현존,전남광주통합특별시 진도군 지산면 인지독치1길 21-62,061-542-0010,061-542-3211
8722003,전남광주통합특별시교육청 전남광주통합특별시신안교육지원청 안좌중학교,안좌중학교,535841,현존,전남광주통합특별시 신안군 안좌면 중부로 743,061-262-7078,061-261-3642
8722004,전남광주통합특별시교육청 전남광주통합특별시신안교육지원청 지명중학교,지명중학교,535802,현존,전남광주통합특별시 신안군 지도읍 원광정길 18,061-275-0006,061-275-0086
8722005,전남광주통합특별시교육청 전남광주통합특별시신안교육지원청 하의중학교,하의중학교,535934,현존,전남광주통합특별시 신안군 하의면 곰실길 11-8,061-275-4020,061-275-8812
8722006,전남광주통합특별시교육청 전남광주통합특별시신안교육지원청 자은중학교,자은중학교,535872,현존,전남광주통합특별시 신안군 자은면 구영2길 82,061-271-8043,061-271-6330
8722007,전남광주통합특별시교육청 전남광주통합특별시신안교육지원청 비금중학교,비금중학교,535882,현존,전남광주통합특별시 신안군 비금면 유옥우길 65,061-260-5813,061-275-6599
8722008,전남광주통합특별시교육청 전남광주통합특별시신안교육지원청 암태중학교,암태중학교,,현존,전남광주통합특별시 신안군 암태면 장단고길 10,061-271-1552,061-271-6360
8722009,전남광주통합특별시교육청 전남광주통합특별시신안교육지원청 임자중학교,임자중학교,535832,현존,전남광주통합특별시 신안군 임자면 임자로 230-9,061-275-3044,061-275-3465
8722010,전남광주통합특별시교육청 전남광주통합특별시신안교육지원청 압해중학교,압해중학교,535815,현존,전남광주통합특별시 신안군 압해읍 구항길 31-5,061-271-0496,061-271-5350
8722011,전남광주통합특별시교육청 전남광주통합특별시신안교육지원청 신안증도중학교,신안증도중학교,535822,현존,전남광주통합특별시 신안군 증도면 증동길 53,061-271-7679,061-271-7520
8722012,전남광주통합특별시교육청 전남광주통합특별시신안교육지원청 신안흑산중학교,신안흑산중학교,535917,현존,전남광주통합특별시 신안군 흑산면 흑산일주로 124,061-275-9354,061-275-5980
8722013,전남광주통합특별시교육청 전남광주통합특별시신안교육지원청 신안신의중학교,신안신의중학교,535942,현존,전남광주통합특별시 신안군 신의면 상서길 94,061-271-6567,061-271-6427
8722014,전남광주통합특별시교육청 전남광주통합특별시신안교육지원청 장산중학교,장산중학교,58860,현존,전남광주통합특별시 신안군 장산면 장산대리길 64,061-271-2508,061-271-2536
8722031,전남광주통합특별시교육청 전남광주통합특별시신안교육지원청 가거도초등학교신안흑산중학교가거도분교장,가거도초등학교신안흑산중학교가거도분교장,535911,현존,전남광주통합특별시 신안군 흑산면 가거도길 18-31,061-246-5065,061-246-4423
8761182,경상북도교육청 경상북도포항교육지원청 구룡포중학교,구룡포중학교,790802,현존,경상북도 포항시 남구 구룡포읍 호미로 341,054-276-3991,054-276-3642
8761183,경상북도교육청 경상북도포항교육지원청 기계중학교,기계중학교,791824,현존,경상북도 포항시 북구 기계면 기계로 218,054-243-8188,054-244-3132
8761184,경상북도교육청 경상북도포항교육지원청 대도중학교,대도중학교,791280,현존,경상북도 포항시 북구 삼호로509번길 12,054-252-4240,054-252-4050
8761185,경상북도교육청 경상북도포항교육지원청 대보중학교,대보중학교,790812,현존,경상북도 포항시 남구 호미곶면 해맞이로 122,054-284-8811,054-284-5386
8761186,경상북도교육청 경상북도포항교육지원청 대송중학교,대송중학교,790841,현존,경상북도 포항시 남구 대송면 남성길 100,054-285-5373,054-285-5375
8761187,경상북도교육청 경상북도포항교육지원청 대흥중학교,대흥중학교,791808,현존,경상북도 포항시 북구 용흥로292번길 35,054-243-0786,054-248-6516
8761188,경상북도교육청 경상북도포항교육지원청 상도중학교,상도중학교,790823,현존,경상북도 포항시 남구 상공로92번길 16,054-274-8469,054-273-0251
8761189,경상북도교육청 경상북도포항교육지원청 송도중학교,송도중학교,790831,현존,경상북도 포항시 남구 축항로72번길 11,054-274-2285,054-281-3363
8761190,경상북도교육청 경상북도포항교육지원청 송라중학교,송라중학교,791861,현존,경상북도 포항시 북구 송라면 광천길 36,054-243-5507,054-246-1241
8761191,경상북도교육청 경상북도포항교육지원청 신광중학교,신광중학교,791873,현존,경상북도 포항시 북구 신광면 토성길51번길 19-2,054-243-0005,054-242-5476
8761192,경상북도교육청 경상북도포항교육지원청 신흥중학교,신흥중학교,790906,현존,경상북도 포항시 남구 오천읍 장기로 1636,054-292-4172,054-292-4401
8761193,경상북도교육청 경상북도포항교육지원청 양학중학교,양학중학교,791805,현존,경상북도 포항시 북구 이동로 63,054-282-7043,054-273-3930
8761195,경상북도교육청 경상북도포항교육지원청 유강중학교,유강중학교,790885,현존,경상북도 포항시 남구 연일읍 유강길 52,054-278-4894,054-278-2782
8761197,경상북도교육청 경상북도포항교육지원청 창포중학교,창포중학교,,현존,경상북도 포항시 북구 새천년대로1075번길 30,054-246-6298,054-248-9556
8761198,경상북도교육청 경상북도포항교육지원청 포항여자중학교,포항여자중학교,791813,현존,경상북도 포항시 북구 장미길 49,054-241-0666,054-246-3416
8761199,경상북도교육청 경상북도포항교육지원청 포항중학교,포항중학교,791180,현존,경상북도 포항시 북구 학산로 45,054-241-1992,054-242-1014
8761200,경상북도교육청 경상북도포항교육지원청 포항항도중학교,포항항도중학교,791844,현존,경상북도 포항시 북구 중흥로 170,054-283-4697,054-283-4698
8761201,경상북도교육청 경상북도포항교육지원청 환호여자중학교,환호여자중학교,791280,현존,경상북도 포항시 북구 삼호로 480-6,054-251-7051,054-252-1133
8761202,경상북도교육청 경상북도포항교육지원청 대동중학교,대동중학교,791220,현존,경상북도 포항시 북구 우창서길 34,054-231-5023,054-247-0713
8761203,경상북도교육청 경상북도포항교육지원청 동지여자중학교,동지여자중학교,791170,현존,경상북도 포항시 북구 용흥로 123,054-247-4483,054-248-6429
8761204,경상북도교육청 경상북도포항교육지원청 동지중학교,동지중학교,,현존,경상북도 포항시 북구 용흥로 123,054-244-7113,054-244-9744
8761205,경상북도교육청 경상북도포항교육지원청 포항영신중학교,포항영신중학교,791813,현존,경상북도 포항시 북구 소티재로 107,054-250-3742,054-250-3788
8761206,경상북도교육청 경상북도포항교육지원청 포항제철중학교,포항제철중학교,790390,현존,경상북도 포항시 남구 지곡로 150,054-279-4725,054-279-4059
8761207,경상북도교육청 경상북도포항교육지원청 영일중학교,영일중학교,790882,현존,경상북도 포항시 남구 연일읍 동문로 56,054-285-8808,054-286-1504
8761208,경상북도교육청 경상북도포항교육지원청 오천중학교,오천중학교,790908,현존,경상북도 포항시 남구 오천읍 해병로 293,054-291-8300,070-4040-7558
8761209,경상북도교육청 경상북도포항교육지원청 장기중학교,장기중학교,790934,현존,경상북도 포항시 남구 장기면 읍내길 53,054-276-1212,054-284-6032
8761211,경상북도교육청 경상북도포항교육지원청 청하중학교,청하중학교,791922,현존,경상북도 포항시 북구 청하면 청하로151번길 26,054-232-4016,054-232-9938
8761212,경상북도교육청 경상북도포항교육지원청 포항동해중학교,포항동해중학교,790853,현존,경상북도 포항시 남구 동해면 일월로41번길 26,054-284-3008,054-272-1284
8761213,경상북도교육청 경상북도포항교육지원청 흥해중학교,흥해중학교,791947,현존,경상북도 포항시 북구 흥해읍 동해대로 1525,054-261-0711,054-261-2761
8761214,경상북도교육청 경상북도포항교육지원청 기계중학교기북분교장,기계중학교기북분교장,791832,현존,경상북도 포항시 북구 기북면 기북로 469,054-243-5477,054-243-4381
8761217,경상북도교육청 경상북도포항교육지원청 장흥중학교,장흥중학교,791260,현존,경상북도 포항시 북구 법원로 120,054-250-5710,054-256-0179
8761230,경상북도교육청 경상북도포항교육지원청 포항포은중학교,포항포은중학교,790903,현존,경상북도 포항시 남구 오천읍 냉천로340번길 30,054-293-4232,054-293-4230
8761239,경상북도교육청 경상북도포항교육지원청 서포중학교,서포중학교,791912,현존,경상북도 포항시 북구 죽장면 일광길 2,054-243-3203,054-243-3205
8761246,경상북도교육청 경상북도포항교육지원청 포항이동중학교,포항이동중학교,790320,현존,경상북도 포항시 남구 대이로 170,054-278-5348,054-278-5794
8761259,경상북도교육청 경상북도포항교육지원청 양덕중학교,양덕중학교,,현존,경상북도 포항시 북구 장량로241번길 22,054-250-7300,054-250-7350
8761275,경상북도교육청 경상북도포항교육지원청 포항해오름중학교,포항해오름중학교,,현존,경상북도 포항시 남구 오천읍 하원로26번길 20-11,054-288-6834,054-726-2717
8771116,경상북도교육청 경상북도경주교육지원청 감포중학교,감포중학교,780832,현존,경상북도 경주시 감포읍 감포로12길 20,054-744-3633,054-744-3632
8771117,경상북도교육청 경상북도경주교육지원청 경주여자중학교,경주여자중학교,780200,현존,경상북도 경주시 태종로 613-12,054-743-0410,054-771-3885
8771118,경상북도교육청 경상북도경주교육지원청 계림중학교,계림중학교,780954,현존,경상북도 경주시 용담로 68,547429061,547725020
8771119,경상북도교육청 경상북도경주교육지원청 불국중학교,불국중학교,780460,현존,경상북도 경주시 구매2길 35-12,054-746-1758,054-745-7137
8771120,경상북도교육청 경상북도경주교육지원청 산내중학교,산내중학교,780883,현존,경상북도 경주시 산내면 문복로 1797-27,054-751-5054,054-751-7590
8771121,경상북도교육청 경상북도경주교육지원청 서라벌여자중학교,서라벌여자중학교,780955,현존,경상북도 경주시 알천북로145번길 23,054-749-5812,054-771-7236
8771122,경상북도교육청 경상북도경주교육지원청 신라중학교,신라중학교,780955,현존,경상북도 경주시 알천북로 143,054-742-9080,054-743-3166
8771123,경상북도교육청 경상북도경주교육지원청 아화중학교,아화중학교,780862,현존,경상북도 경주시 서면 아화양지길 41,054-751-1106,054-751-8027
8771124,경상북도교육청 경상북도경주교육지원청 안강중학교,안강중학교,780807,현존,경상북도 경주시 안강읍 안강중앙로 269,054-761-9801,054-761-5052
8771125,경상북도교육청 경상북도경주교육지원청 양남중학교,양남중학교,780844,현존,경상북도 경주시 양남면 양남로 325-3,054-774-4482,054-744-3260
8771126,경상북도교육청 경상북도경주교육지원청 양북중학교,양북중학교,780891,현존,경상북도 경주시 문무대왕면 어일남길 2,054-746-4501,054-744-7731
8771127,경상북도교육청 경상북도경주교육지원청 외동중학교,외동중학교,780827,현존,경상북도 경주시 외동읍 입실로1길 80-9,054-744-6672,054-776-6675
8771128,경상북도교육청 경상북도경주교육지원청 화랑중학교,화랑중학교,780924,현존,경상북도 경주시 현곡면 등나무길 18-8,054-743-7315,054-743-7316
8771129,경상북도교육청 경상북도경주교육지원청 경주중학교,경주중학교,780956,현존,경상북도 경주시 원효로 231,054-777-0302,054-777-0305
8771130,경상북도교육청 경상북도경주교육지원청 근화여자중학교,근화여자중학교,780950,현존,경상북도 경주시 승삼2길 55,070-7113-7401,054-742-2331
8771131,경상북도교육청 경상북도경주교육지원청 무산중학교,무산중학교,780901,현존,경상북도 경주시 건천읍 천포방내길 18,054-751-0207,054-751-7389
8771132,경상북도교육청 경상북도경주교육지원청 문화중학교,문화중학교,780250,현존,경상북도 경주시 충현로 98,070-7113-7271,054-748-5226
8771133,경상북도교육청 경상북도경주교육지원청 선덕여자중학교,선덕여자중학교,780150,현존,경상북도 경주시 양정로 20-11,054-745-7053,054-745-7058
8771134,경상북도교육청 경상북도경주교육지원청 안강여자중학교,안강여자중학교,780800,현존,경상북도 경주시 안강읍 화전길 62-8,054-761-0300,054-761-0371
8771135,경상북도교육청 경상북도경주교육지원청 월성중학교,월성중학교,,현존,경상북도 경주시 충효7길 19,054-743-0307,054-741-0308
8781078,경상북도교육청 경상북도김천교육지원청 감문중학교,감문중학교,740853,현존,경상북도 김천시 감문면 감문로 1113,054-430-5016,054-432-8377
8781079,경상북도교육청 경상북도김천교육지원청 개령중학교,개령중학교,740841,현존,경상북도 김천시 개령면 서부3길 89,054-436-5004,054-436-7850
8781080,경상북도교육청 경상북도김천교육지원청 김천여자중학교,김천여자중학교,740100,현존,경상북도 김천시 자산로 168,054-420-3100,054-432-8321
8781081,경상북도교육청 경상북도김천교육지원청 김천중앙중학교,김천중앙중학교,740200,현존,경상북도 김천시 대학로 164-37,054-434-2467,054-433-6940
8781084,경상북도교육청 경상북도김천교육지원청 아포중학교,아포중학교,740861,현존,경상북도 김천시 아포읍 아포대로 1053,054-429-0510,054-437-7057
8781085,경상북도교육청 경상북도김천교육지원청 어모중학교,어모중학교,740833,현존,경상북도 김천시 어모면 어모로 560,054-430-3031,054-433-5827
8781087,경상북도교육청 경상북도김천교육지원청 김천중학교,김천중학교,740977,현존,경상북도 김천시 송설로 90,054-433-0611,054-436-3100
8781088,경상북도교육청 경상북도김천교육지원청 문성중학교,문성중학교,740980,현존,경상북도 김천시 영남대로 1992-3,054-436-8772,054-436-0321
8781091,경상북도교육청 경상북도김천교육지원청 성의중학교,성의중학교,740050,현존,경상북도 김천시 성의길 38,054-436-2813,054-436-2819
8781092,경상북도교육청 경상북도김천교육지원청 한일여자중학교,한일여자중학교,740160,현존,경상북도 김천시 한일길 11-30,054-431-7021,054-431-7024
8781096,경상북도교육청 경상북도김천교육지원청 김천석천중학교,김천석천중학교,740070,현존,경상북도 김천시 남산공원길 128,054-439-4523,054-439-4524
8781100,경상북도교육청 경상북도김천교육지원청 율곡중학교,율곡중학교,740873,현존,경상북도 김천시 혁신4로 45,054-431-7883,054-431-7884
8781106,경상북도교육청 경상북도김천교육지원청 지품천중학교,지품천중학교,,현존,경상북도 김천시 대덕면 대덕로 731,054-433-9712,054-433-9714
8781116,경상북도교육청 경상북도김천교육지원청 운남중학교,운남중학교,,현존,경상북도 김천시 우래1길 7,054-714-1262,054-700-9215
8781123,경상북도교육청 경상북도김천교육지원청 공학성의중학교,공학성의중학교,740983,현존,경상북도 김천시 평화순환길 250-11,054-433-6775,054-434-1972
8791081,경상북도교육청 경상북도안동교육지원청 길안중학교,길안중학교,760845,현존,경상북도 안동시 길안면 천지안길 71-3,054-822-2103,054-822-2209
8791082,경상북도교육청 경상북도안동교육지원청 길주중학교,길주중학교,760901,현존,경상북도 안동시 경동로 931,054-822-9883,054-822-6298
8791084,경상북도교육청 경상북도안동교육지원청 복주여자중학교,복주여자중학교,760230,현존,경상북도 안동시 안기천로 58,054-852-2161,054-857-9221
8791085,경상북도교육청 경상북도안동교육지원청 북후중학교,북후중학교,760891,현존,경상북도 안동시 북후면 단풍길 5-8,054-859-5652,054-858-7259
8791086,경상북도교육청 경상북도안동교육지원청 안동여자중학교,안동여자중학교,760210,현존,경상북도 안동시 법상윗3길 30-42,054-857-4052,054-858-0094
8791087,경상북도교육청 경상북도안동교육지원청 안동중학교,안동중학교,760904,현존,경상북도 안동시 태화1길 14,054-852-2122,054-858-1203
8791089,경상북도교육청 경상북도안동교육지원청 풍천중학교,풍천중학교,760811,현존,경상북도 안동시 풍천면 풍요5길 14,054-853-2048,054-853-5850
8791090,경상북도교육청 경상북도안동교육지원청 경덕중학교,경덕중학교,760905,현존,경상북도 안동시 서악길 47,054-852-7832,054-852-0149
8791091,경상북도교육청 경상북도안동교육지원청 경안여자중학교,경안여자중학교,760250,현존,경상북도 안동시 금곡윗4길 47,054-853-8911,054-857-8705
8791092,경상북도교육청 경상북도안동교육지원청 경안중학교,경안중학교,760300,현존,경상북도 안동시 경동로 205-33,054-843-4043,054-843-4045
8791093,경상북도교육청 경상북도안동교육지원청 일직중학교,일직중학교,760882,현존,경상북도 안동시 일직면 하나들길 13,054-858-4892,054-858-5776
8791094,경상북도교육청 경상북도안동교육지원청 풍산중학교,풍산중학교,760802,현존,경상북도 안동시 풍산읍 풍산중앙길 39,054-858-6802,054-858-3834
8791108,경상북도교육청 경상북도안동교육지원청 웅부중학교,웅부중학교,,현존,경상북도 안동시 도산면 온천로 620-4,054-857-9762,054-857-9766
8801136,경상북도교육청 경상북도구미교육지원청 광평중학교,광평중학교,730080,현존,경상북도 구미시 화신로10길 11-12,054-444-4510,054-444-4513
8801137,경상북도교육청 경상북도구미교육지원청 구미신평중학교,구미신평중학교,730070,현존,경상북도 구미시 신비로3길 37-14,054-461-5306,054-463-8008
8801138,경상북도교육청 경상북도구미교육지원청 구미여자중학교,구미여자중학교,730921,현존,경상북도 구미시 금오산로 162,054-455-8958,054-456-4809
8801139,경상북도교육청 경상북도구미교육지원청 구미중학교,구미중학교,730021,현존,경상북도 구미시 문장로 159,054-452-2527,054-457-4524
8801140,경상북도교육청 경상북도구미교육지원청 금오중학교,금오중학교,730130,현존,경상북도 구미시 왕산로,054-465-8576,054-461-8102
8801141,경상북도교육청 경상북도구미교육지원청 도송중학교,도송중학교,730022,현존,경상북도 구미시 송동로7길 53,054-444-1154,054-444-1155
8801142,경상북도교육청 경상북도구미교육지원청 무을중학교,무을중학교,730821,현존,경상북도 구미시 무을면 무등2길 21-14,054-481-9046,054-481-6991
8801143,경상북도교육청 경상북도구미교육지원청 봉곡중학교,봉곡중학교,730200,현존,경상북도 구미시 봉곡서로11안길 9-8,054-442-1093,054-442-1096
8801144,경상북도교육청 경상북도구미교육지원청 산동중학교,산동중학교,730852,현존,경상북도 구미시 산동읍 강동로 998,054-471-3008,054-471-1911
8801145,경상북도교육청 경상북도구미교육지원청 상모중학교,상모중학교,730130,현존,경상북도 구미시 상사동로 70,054-465-0481,054-465-0484
8801147,경상북도교육청 경상북도구미교육지원청 선산중학교,선산중학교,730802,현존,경상북도 구미시 선산읍 선상서로14길 19-20,054-481-2482,054-481-2497
8801148,경상북도교육청 경상북도구미교육지원청 선주중학교,선주중학교,730807,현존,경상북도 구미시 야은로13길 27,054-444-0562,054-444-0565
8801149,경상북도교육청 경상북도구미교육지원청 송정여자중학교,송정여자중학교,730915,현존,경상북도 구미시 송정대로6길 72-12,054-453-6487,054-456-0258
8801150,경상북도교육청 경상북도구미교육지원청 오태중학교,오태중학교,730140,현존,경상북도 구미시 금오대로24길 33,054-461-4182,054-461-4185
8801151,경상북도교육청 경상북도구미교육지원청 옥계동부중학교,옥계동부중학교,730380,현존,경상북도 구미시 옥계북로 87,054-476-0832,054-476-0835
8801152,경상북도교육청 경상북도구미교육지원청 옥계중학교,옥계중학교,730370,현존,경상북도 구미시 거양길 18-7,054-475-1951,054-475-1952
8801153,경상북도교육청 경상북도구미교육지원청 인동중학교,인동중학교,730320,현존,경상북도 구미시 여헌로14길 17,054-471-1700,054-472-1846
8801154,경상북도교육청 경상북도구미교육지원청 진평중학교,진평중학교,730360,현존,경상북도 구미시 인동20길 70,054-471-2896,054-471-2897
8801155,경상북도교육청 경상북도구미교육지원청 천생중학교,천생중학교,730300,현존,경상북도 구미시 인동가산로 250-33,054-475-5383,054--475-5386
8801156,경상북도교육청 경상북도구미교육지원청 해평중학교,해평중학교,730873,현존,경상북도 구미시 해평면 강동로 1654,054-474-2591,070-4754-5665
8801157,경상북도교육청 경상북도구미교육지원청 형곡중학교,형곡중학교,,현존,경상북도 구미시 형곡서로1길 29,054-450-1317,054-457-0453
8801158,경상북도교육청 경상북도구미교육지원청 형남중학교,형남중학교,730931,현존,경상북도 구미시 형곡동로 1-3,054-712-9603,054-458-7651
8801159,경상북도교육청 경상북도구미교육지원청 경구중학교,경구중학교,730200,현존,경상북도 구미시 봉곡로9길 25,054-442-0337,054-442-0402
8801160,경상북도교육청 경상북도구미교육지원청 도개중학교,도개중학교,730862,현존,경상북도 구미시 도개면 도안로 120,054-474-1052,054-474-1505
8801161,경상북도교육청 경상북도구미교육지원청 오상중학교,오상중학교,730843,현존,경상북도 구미시 장천면 강동로 164,054-471-7037,054-471-7034
8801162,경상북도교육청 경상북도구미교육지원청 현일중학교,현일중학교,730815,현존,경상북도 구미시 고아읍 선산대로 656,054-454-1986,054-458-1907
8801193,경상북도교육청 경상북도구미교육지원청 해마루중학교,해마루중학교,,현존,경상북도 구미시 산호대로 951,054-476-9371,054-476-9374
8801205,경상북도교육청 경상북도구미교육지원청 구미인덕중학교,구미인덕중학교,,현존,경상북도 구미시 산동면 신당인덕3로 33,054-715-7823,054-715-7826
8801216,경상북도교육청 경상북도구미교육지원청 구미원당중학교,구미원당중학교,,현존,경상북도 구미시 산동읍 옥계신당로9길 9,054-605-2027,054-605-2029
8801217,경상북도교육청 경상북도구미교육지원청 구미문성중학교,구미문성중학교,,현존,경상북도 구미시 고아읍 문성로1길 9,054-714-9373,054-714-9374
8811054,경상북도교육청 경상북도영주교육지원청 단산중학교,단산중학교,750832,현존,경상북도 영주시 단산면 소백로3255번길 6,054-634-7289,054-634-7289
8811055,경상북도교육청 경상북도영주교육지원청 부석중학교,부석중학교,750822,현존,경상북도 영주시 부석면 부석로 29,054-635-3012,054-633-6435
8811056,경상북도교육청 경상북도영주교육지원청 소수중학교,소수중학교,750811,현존,경상북도 영주시 순흥면 순흥로 24,054-633-2077,054-634-2190
8811057,경상북도교육청 경상북도영주교육지원청 영주여자중학교,영주여자중학교,750902,현존,경상북도 영주시 신재로 14,054-639-2700,054-639-2707
8811058,경상북도교육청 경상북도영주교육지원청 영주중학교,영주중학교,750914,현존,경상북도 영주시 남간로 29,054-700-0546,054-635-4058
8811059,경상북도교육청 경상북도영주교육지원청 풍기중학교,풍기중학교,750803,현존,경상북도 영주시 풍기읍 동성로 34,070-4773-9993,054-636-6622
8811060,경상북도교육청 경상북도영주교육지원청 금계중학교,금계중학교,750801,현존,경상북도 영주시 풍기읍 금계로 147,054-636-8501,054-636-9501
8811061,경상북도교육청 경상북도영주교육지원청 대영중학교,대영중학교,750914,현존,경상북도 영주시 구성로150번길 45,054-630-7702,054-630-7704
8811062,경상북도교육청 경상북도영주교육지원청 동산여자중학교,동산여자중학교,750913,현존,경상북도 영주시 영봉로 49,054-630-7620,054-630-7677
8811063,경상북도교육청 경상북도영주교육지원청 영광여자중학교,영광여자중학교,750907,현존,경상북도 영주시 두서길 120,054-634-1621,054-631-4596
8811064,경상북도교육청 경상북도영주교육지원청 영광중학교,영광중학교,750907,현존,경상북도 영주시 광복로 17,054-630-3100,054-635-7101
8821056,경상북도교육청 경상북도영천교육지원청 금호여자중학교,금호여자중학교,770805,현존,경상북도 영천시 금호읍 성천앞길 112-53,054-332-6564,054-331-7592
8821057,경상북도교육청 경상북도영천교육지원청 신녕중학교,신녕중학교,770812,현존,경상북도 영천시 신녕면 찰방길 8,054-332-0034,054-333-5134
8821058,경상북도교육청 경상북도영천교육지원청 영안중학교,영안중학교,770882,현존,경상북도 영천시 북안면 운북로 2025,054-333-3547,054-331-1504
8821060,경상북도교육청 경상북도영천교육지원청 영천여자중학교,영천여자중학교,770050,현존,경상북도 영천시 상아탑길 28,054-334-4619,054-333-3324
8821061,경상북도교육청 경상북도영천교육지원청 영천중학교,영천중학교,770020,현존,경상북도 영천시 중앙동1길 126,054-332-6552,054-332-6089
8821064,경상북도교육청 경상북도영천교육지원청 청통중학교,청통중학교,770894,현존,경상북도 영천시 청통면 새학길 33-11,054-335-9115,054-335-6657
8821065,경상북도교육청 경상북도영천교육지원청 화산중학교,화산중학교,770853,현존,경상북도 영천시 화산면 연유길 14,054-335-6016,054-335-9256
8821066,경상북도교육청 경상북도영천교육지원청 금호중학교,금호중학교,770802,현존,경상북도 영천시 금호읍 교대길 8-18,054-333-3611,054-333-6421
8821067,경상북도교육청 경상북도영천교육지원청 산동중학교,산동중학교,,현존,경상북도 영천시 화남면 천문로 1709,054-337-3504,070-4015-3593
8821068,경상북도교육청 경상북도영천교육지원청 성남여자중학교,성남여자중학교,770230,현존,경상북도 영천시 남촌길 17,054-334-2806,054-331-3095
8821069,경상북도교육청 경상북도영천교육지원청 영동중학교,영동중학교,770904,현존,경상북도 영천시 안야사길 13,054-333-5532,054-331-0560
8821077,경상북도교육청 경상북도영천교육지원청 별빛중학교,별빛중학교,,현존,경상북도 영천시 고경면 월천길 1-27,054-338-7092,054-338-7071
8831082,경상북도교육청 경상북도상주교육지원청 낙동중학교,낙동중학교,742951,현존,경상북도 상주시 낙동면 낙동3길 14-5,054-534-3601,054-531-3120
8831083,경상북도교육청 경상북도상주교육지원청 낙운중학교,낙운중학교,742954,현존,경상북도 상주시 낙동면 삼봉로 472-20,054-534-4361,054-533-7226
8831084,경상북도교육청 경상북도상주교육지원청 내서중학교,내서중학교,742852,현존,경상북도 상주시 내서면 영남제일로 3239,054-533-4701,054-532-2876
8831085,경상북도교육청 경상북도상주교육지원청 모서중학교,모서중학교,742891,현존,경상북도 상주시 모서면 삼포2길 30,054-533-2130,054-534-2569
8831086,경상북도교육청 경상북도상주교육지원청 상주여자중학교,상주여자중학교,742904,현존,경상북도 상주시 상산로 222,054-534-1316,054-531-2998
8831087,경상북도교육청 경상북도상주교육지원청 상주중학교,상주중학교,742260,현존,경상북도 상주시 북천로 55-13,054-533-1081,054-536-1143
8831088,경상북도교육청 경상북도상주교육지원청 은척중학교,은척중학교,742931,현존,경상북도 상주시 은척면 우기1길 10,054-541-4001,054-541-6050
8831089,경상북도교육청 경상북도상주교육지원청 중모중학교,중모중학교,742912,현존,경상북도 상주시 모동면 덕곡1길 13,054-728-9201,054-531-1151
8831090,경상북도교육청 경상북도상주교육지원청 청리중학교,청리중학교,742833,현존,경상북도 상주시 청리면 청하3길 35-16,054-532-6090,054-534-7083
8831091,경상북도교육청 경상북도상주교육지원청 화동중학교,화동중학교,742882,현존,경상북도 상주시 화동면 이소3길 86-6,054-533-9718,054-533-9768
8831092,경상북도교육청 경상북도상주교육지원청 화령중학교,화령중학교,742862,현존,경상북도 상주시 화서면 중화로 2187,054-533-0306,054-532-0083
8831093,경상북도교육청 경상북도상주교육지원청 화북중학교,화북중학교,742871,현존,경상북도 상주시 화북면 문장로 1682,054-533-8681,054-532-1859
8831094,경상북도교육청 경상북도상주교육지원청 남산중학교,남산중학교,742705,현존,경상북도 상주시 낙양1길 29,054-532-3412,054-531-3412
8831095,경상북도교육청 경상북도상주교육지원청 상지여자중학교,상지여자중학교,742804,현존,경상북도 상주시 함창읍 함창중앙로 176,054-541-3081,054-541-5896
8831096,경상북도교육청 경상북도상주교육지원청 성신여자중학교,성신여자중학교,742210,현존,경상북도 상주시 북천로 117,(교)531-3690/(행)531-3680,054-531-3682
8831097,경상북도교육청 경상북도상주교육지원청 용운중학교,용운중학교,742844,현존,경상북도 상주시 공성면 문화마을길 23,054-532-4110,054-534-2537
8831098,경상북도교육청 경상북도상주교육지원청 함창중학교,함창중학교,742804,현존,경상북도 상주시 함창읍 함창중앙로 85,054-541-2296,054-541-8633
8841053,경상북도교육청 경상북도문경교육지원청 가은중학교,가은중학교,745904,현존,경상북도 문경시 가은읍 가은로 205,054-571-6404,054-571-6180
8841054,경상북도교육청 경상북도문경교육지원청 동로중학교,동로중학교,745844,현존,경상북도 문경시 동로면 적성큰마길 11,054-552-8011,054-552-8012
8841055,경상북도교육청 경상북도문경교육지원청 마성중학교,마성중학교,745861,현존,경상북도 문경시 마성면 외어1길 125,054-571-1211,054-571-5007
8841056,경상북도교육청 경상북도문경교육지원청 문경서중학교,문경서중학교,745804,현존,경상북도 문경시 문경읍 문경서중길 1,054-571-7512,054-571-8874
8841057,경상북도교육청 경상북도문경교육지원청 문경여자중학교,문경여자중학교,745884,현존,경상북도 문경시 돈달로 15,054-555-2548,054-555-8769
8841058,경상북도교육청 경상북도문경교육지원청 문경중학교,문경중학교,745889,현존,경상북도 문경시 중앙로 242,054-553-8384,054-553-8386
8841059,경상북도교육청 경상북도문경교육지원청 산북중학교,산북중학교,745831,현존,경상북도 문경시 산북면 금천로 560,054-552-7221,054-553-3744
8841060,경상북도교육청 경상북도문경교육지원청 산양중학교,산양중학교,745822,현존,경상북도 문경시 산양면 불암1길 27,054-552-3774,054-553-3706
8841061,경상북도교육청 경상북도문경교육지원청 점촌중학교,점촌중학교,745884,현존,경상북도 문경시 돈달산길 15,054-553-7532,054-553-7535
8851087,경상북도교육청 경상북도경산교육지원청 경북체육중학교,경북체육중학교,712040,현존,경상북도 경산시 경안로 43,053-719-7711,053-812-6568
8851088,경상북도교육청 경상북도경산교육지원청 경산중학교,경산중학교,712120,현존,경상북도 경산시 원효로 89,053-717-3377,053-813-7459
8851089,경상북도교육청 경상북도경산교육지원청 사동중학교,사동중학교,712190,현존,경상북도 경산시 백양로33길 31,053-722-7770,053-801-9017
8851090,경상북도교육청 경상북도경산교육지원청 삼성현중학교,삼성현중학교,712100,현존,경상북도 경산시 경청로216길 17,053-819-5650,053-819-5659
8851091,경상북도교육청 경상북도경산교육지원청 신상중학교,신상중학교,712837,현존,경상북도 경산시 진량읍 공단1로1길 36-8,053-859-8921,053-857-1345
8851092,경상북도교육청 경상북도경산교육지원청 용성중학교,용성중학교,712873,현존,경상북도 경산시 용성면 원효로 1410,053-852-1173,053-853-5070
8851093,경상북도교육청 경상북도경산교육지원청 자인중학교,자인중학교,712852,현존,경상북도 경산시 자인면 일연로 93,053-859-3822,053-859-3892
8851094,경상북도교육청 경상북도경산교육지원청 장산중학교,장산중학교,712050,현존,경상북도 경산시 경산로 112,053-715-7843,053-815-5295
8851096,경상북도교육청 경상북도경산교육지원청 경산여자중학교,경산여자중학교,712080,현존,경상북도 경산시 경산로 91,053-811-4062,053-811-4070
8851097,경상북도교육청 경상북도경산교육지원청 대구가톨릭대학교사범대학부속무학중학교,대구가톨릭대학교사범대학부속무학중학교,712907,현존,경상북도 경산시 하양읍 금송로 71-11,053-854-8012,053-851-1147
8851098,경상북도교육청 경상북도경산교육지원청 문명중학교,문명중학교,712100,현존,경상북도 경산시 경청로230길 30,053-811-7316,053-811-7318
8851099,경상북도교육청 경상북도경산교육지원청 진량중학교,진량중학교,712837,현존,경상북도 경산시 진량읍 대학로 1051,053-853-0201,053-856-0206
8851100,경상북도교육청 경상북도경산교육지원청 하양여자중학교,하양여자중학교,712901,현존,경상북도 경산시 하양읍 지식산업로8길 21,053-851-3012,053-851-7488
8851135,경상북도교육청 경상북도경산교육지원청 압량중학교,압량중학교,,현존,경상북도 경산시 압량읍 부적길 36-19,053-721-8931,053-721-8935
8851143,경상북도교육청 경상북도경산교육지원청 경산제일중학교,경산제일중학교,712854,현존,경상북도 경산시 자인면 원효로 851-16,053-857-3199,053-857-1655
8862003,대구광역시교육청 대구광역시군위교육지원청 군위중학교,군위중학교,,현존,대구광역시 군위군 군위읍 군청로 254-6,054-380-4720,054-382-6695
8862006,대구광역시교육청 대구광역시군위교육지원청 부계중학교,부계중학교,,현존,대구광역시 군위군 부계면 춘산1길 16,054-380-4680,054-383-9488
8862007,대구광역시교육청 대구광역시군위교육지원청 의흥중학교,의흥중학교,,현존,대구광역시 군위군 의흥면 읍내길 89-32,054-380-4586,054-382-1856
8862030,대구광역시교육청 대구광역시군위교육지원청 군위중학교우보캠퍼스,군위중학교우보캠퍼스,,현존,대구광역시 군위군 우보면 솔밭길 74,054-382-6081,054-383-5675
8862031,대구광역시교육청 대구광역시군위교육지원청 부계중학교효령캠퍼스,부계중학교효령캠퍼스,,현존,대구광역시 군위군 효령면 중리길 6-25,054-380-4622,054-383-1361
8871048,경상북도교육청 경상북도의성교육지원청 금성중학교,금성중학교,769854,현존,경상북도 의성군 금성면 금성현서로 41-66,054-834-0183,054-834-0320
8871049,경상북도교육청 경상북도의성교육지원청 다인중학교,다인중학교,769972,현존,경상북도 의성군 다인면 서릉2길 27,054-861-4015,054-861-8648
8871051,경상북도교육청 경상북도의성교육지원청 봉양중학교,봉양중학교,,현존,경상북도 의성군 봉양면 봉호로 14,054-832-2903,054-833-2877
8871053,경상북도교육청 경상북도의성교육지원청 안계중학교,안계중학교,769933,현존,경상북도 의성군 안계면 용기5길 23,054-861-1529,054-861-1701
8871055,경상북도교육청 경상북도의성교육지원청 옥산중학교,옥산중학교,769842,현존,경상북도 의성군 옥산면 금봉로 27,054-833-3520,054-833-3802
8871056,경상북도교육청 경상북도의성교육지원청 의성여자중학교,의성여자중학교,769803,현존,경상북도 의성군 의성읍 군청길 77,054-834-2404,054-832-3611
8871057,경상북도교육청 경상북도의성교육지원청 의성중학교,의성중학교,769801,현존,경상북도 의성군 의성읍 구봉길 172,054-832-1683,054-834-7428
8871059,경상북도교육청 경상북도의성교육지원청 삼성중학교,삼성중학교,769951,현존,경상북도 의성군 단북면 도안로 2133,054-861-3718,054-861-9225
8871060,경상북도교육청 경상북도의성교육지원청 탑리여자중학교,탑리여자중학교,769853,현존,경상북도 의성군 금성면 탑리4길 25-6,054-832-6121,054-834-0417
8871063,경상북도교육청 경상북도의성교육지원청 경북중부중학교,경북중부중학교,,현존,경상북도 의성군 비안면 이두2길 5,054-862-7784,054-862-7785
8881023,경상북도교육청 경상북도청송교육지원청 구천중학교,구천중학교,763842,현존,경상북도 청송군 부남면 부남로 523,054-874-4170,054-874-4173
8881024,경상북도교육청 경상북도청송교육지원청 안덕중학교,안덕중학교,763861,현존,경상북도 청송군 안덕면 안덕로 65-3,054-872-0006,054-872-5768
8881025,경상북도교육청 경상북도청송교육지원청 청송중학교,청송중학교,763802,현존,경상북도 청송군 청송읍 금곡1길 13,054-873-2239,054-873-8857
8881026,경상북도교육청 경상북도청송교육지원청 현서중학교,현서중학교,763872,현존,경상북도 청송군 현서면 구덕길 74,054-872-5102,054-872-8903
8881027,경상북도교육청 경상북도청송교육지원청 진보중학교,진보중학교,763816,현존,경상북도 청송군 진보면 진성로 25,054-874-2624,054-873-5871
8881029,경상북도교육청 경상북도청송교육지원청 진성중학교,진성중학교,763815,현존,경상북도 청송군 진보면 못안길 33,054-874-2337,054-872-1739
8881030,경상북도교육청 경상북도청송교육지원청 청송여자중학교,청송여자중학교,763802,현존,경상북도 청송군 청송읍 군청로 69,054-873-2444,054-873-3914
8881031,경상북도교육청 경상북도청송교육지원청 현동중학교,현동중학교,763853,현존,경상북도 청송군 현동면 청송로 2686,054-872-6422,054-872-7719
8881032,경상북도교육청 경상북도청송교육지원청 청송중학교부동분교장,청송중학교부동분교장,763834,현존,경상북도 청송군 주왕산면 부동로 1011-28,054-873-2806,054-873-5748
8891022,경상북도교육청 경상북도영양교육지원청 석보중학교,석보중학교,764811,현존,경상북도 영양군 석보면 석보로 572-6,054-682-8292,054-682-0209
8891023,경상북도교육청 경상북도영양교육지원청 수비중학교,수비중학교,764852,현존,경상북도 영양군 수비면 낙동정맥로 2417,054-682-9050,054-682-6559
8891024,경상북도교육청 경상북도영양교육지원청 영양중학교,영양중학교,764806,현존,경상북도 영양군 영양읍 중앙로 81,054-682-8187,054-683-3642
8891026,경상북도교육청 경상북도영양교육지원청 영양여자중학교,영양여자중학교,764804,현존,경상북도 영양군 영양읍 영양창수로 141,054-680-7002,054-683-3725
8901036,경상북도교육청 경상북도영덕교육지원청 강구중학교,강구중학교,766824,현존,경상북도 영덕군 강구면 신강구1길 45-5,054-733-4034,054-734-1334
8901037,경상북도교육청 경상북도영덕교육지원청 남정중학교,남정중학교,766842,현존,경상북도 영덕군 남정면 진불길 11-27,054-732-5229,054-734-4574
8901038,경상북도교육청 경상북도영덕교육지원청 병곡중학교,병곡중학교,766853,현존,경상북도 영덕군 병곡면 병곡길 24-7,054-732-2661,054-733-8981
8901039,경상북도교육청 경상북도영덕교육지원청 영덕중학교,영덕중학교,766816,현존,경상북도 영덕군 영덕읍 군청1길 13,054-732-7313,054-732-7355
8901040,경상북도교육청 경상북도영덕교육지원청 영해중학교,영해중학교,766811,현존,경상북도 영덕군 영해면 예주길 135,054-733-5911,054-734-1049
8901041,경상북도교육청 경상북도영덕교육지원청 지품중학교,지품중학교,766863,현존,경상북도 영덕군 지품면 신안1길 33,054-732-3078,054-733-6192
8901042,경상북도교육청 경상북도영덕교육지원청 축산중학교,축산중학교,766832,현존,경상북도 영덕군 축산면 도곡1길 54,054-732-4122,054-734-1207
8901043,경상북도교육청 경상북도영덕교육지원청 영덕여자중학교,영덕여자중학교,766803,현존,경상북도 영덕군 영덕읍 영덕로 206,054-732-6711,054-734-0840
8911039,경상북도교육청 경상북도청도교육지원청 금천중학교,금천중학교,714872,현존,경상북도 청도군 금천면 선암로 574-11,054-370-3508,054-371-6637
8911040,경상북도교육청 경상북도청도교육지원청 매전중학교,매전중학교,714860,현존,경상북도 청도군 매전면 동산길 13,054-372-5593,054-373-3997
8911041,경상북도교육청 경상북도청도교육지원청 풍각중학교,풍각중학교,714833,현존,경상북도 청도군 풍각면 헐티로 185,054-370-9355,054-373-4528
8911042,경상북도교육청 경상북도청도교육지원청 모계중학교,모계중학교,714902,현존,경상북도 청도군 화양읍 청화로 67,054-373-2706,054-373-3134
8911043,경상북도교육청 경상북도청도교육지원청 이서중학교,이서중학교,714853,현존,경상북도 청도군 이서면 학산1길 22,054-372-4592,054-371-4597
8911044,경상북도교육청 경상북도청도교육지원청 청도중학교,청도중학교,714803,현존,경상북도 청도군 청도읍 청화로 219-21,054-372-9336,054-373-4247
8921029,경상북도교육청 경상북도고령교육지원청 고령중학교,고령중학교,717801,현존,경상북도 고령군 대가야읍 가야금길 20,054-956-5712,054-956-5717
8921030,경상북도교육청 경상북도고령교육지원청 성산중학교,성산중학교,717812,현존,경상북도 고령군 성산면 운성로 877,054-954-4009,054-955-4212
8921031,경상북도교육청 경상북도고령교육지원청 쌍림중학교,쌍림중학교,717851,현존,경상북도 고령군 쌍림면 대가야로 659,054-955-0033,054-955-8205
8921033,경상북도교육청 경상북도고령교육지원청 다산중학교,다산중학교,717871,현존,경상북도 고령군 다산면 다산로 443,054-955-6987,054-955-4377
8921034,경상북도교육청 경상북도고령교육지원청 고령중학교개진분교장,고령중학교개진분교장,717842,현존,경상북도 고령군 개진면 오사길 83,054-954-8283,054-954-8595
8921037,경상북도교육청 경상북도고령교육지원청 고령중학교우곡분교장,고령중학교우곡분교장,717822,현존,경상북도 고령군 우곡면 우곡로 492-19,054-955-4610,054-955-8195
8931040,경상북도교육청 경상북도성주교육지원청 벽진중학교,벽진중학교,719822,현존,경상북도 성주군 벽진면 수촌5길 49-71,054-932-7176,054-931-0917
8931041,경상북도교육청 경상북도성주교육지원청 성주중학교,성주중학교,,현존,경상북도 성주군 성주읍 주천로 15-18,054-933-2347,054-931-3675
8931042,경상북도교육청 경상북도성주교육지원청 용암중학교,용암중학교,719843,현존,경상북도 성주군 용암면 상성로 222,054-932-2012,054-932-1952
8931043,경상북도교육청 경상북도성주교육지원청 초전중학교,초전중학교,719812,현존,경상북도 성주군 초전면 대장길 124,054-932-8174,054-932-9849
8931044,경상북도교육청 경상북도성주교육지원청 명인중학교,명인중학교,719832,현존,경상북도 성주군 선남면 도성2길 4,054-932-1011,054-933-7246
8931045,경상북도교육청 경상북도성주교육지원청 성주여자중학교,성주여자중학교,719800,현존,경상북도 성주군 성주읍 성주여중고길 19,054-933-1602,054-931-6296
8931046,경상북도교육청 경상북도성주교육지원청 수륜중학교,수륜중학교,719892,현존,경상북도 성주군 수륜면 참별로 888,054-932-3007,054-933-4361
8931052,경상북도교육청 경상북도성주교육지원청 성주중학교가천분교장,성주중학교가천분교장,719883,현존,경상북도 성주군 가천면 창천5길 13,054-931-7121,054-932-4245
8941061,경상북도교육청 경상북도칠곡교육지원청 동명중학교,동명중학교,718922,현존,경상북도 칠곡군 동명면 백송로 797,054-976-6351,054-976-2997
8941062,경상북도교육청 경상북도칠곡교육지원청 북삼중학교,북삼중학교,718844,현존,경상북도 칠곡군 북삼읍 북삼로 29,054-975-8202,054-975-8208
8941063,경상북도교육청 경상북도칠곡교육지원청 석전중학교,석전중학교,718804,현존,경상북도 칠곡군 왜관읍 석전로7길 14,054-972-9926,054-972-9928
8941064,경상북도교육청 경상북도칠곡교육지원청 신동중학교,신동중학교,718821,현존,경상북도 칠곡군 지천면 신동로 99,054-972-2461,054-972-8496
8941065,경상북도교육청 경상북도칠곡교육지원청 약목중학교,약목중학교,718814,현존,경상북도 칠곡군 약목면 복성8길 20,054-975-0081,054-975-0085
8941066,경상북도교육청 경상북도칠곡교육지원청 왜관중학교,왜관중학교,718806,현존,경상북도 칠곡군 왜관읍 평장1길 34,054-970-5110,054-974-8564
8941067,경상북도교육청 경상북도칠곡교육지원청 인평중학교,인평중학교,718844,현존,경상북도 칠곡군 북삼읍 북삼로 223,054-975-0972,054-975-0974
8941068,경상북도교육청 경상북도칠곡교육지원청 장곡중학교,장곡중학교,718833,현존,경상북도 칠곡군 석적읍 남중리8길 13,054-977-6502,054-977-6503
8941069,경상북도교육청 경상북도칠곡교육지원청 순심여자중학교,순심여자중학교,718807,현존,경상북도 칠곡군 왜관읍 남부1길 22,054-971-1171,054-977-1175
8941070,경상북도교육청 경상북도칠곡교육지원청 순심중학교,순심중학교,718806,현존,경상북도 칠곡군 왜관읍 평장2길 6,054-971-1221,054-971-8990
8941078,경상북도교육청 경상북도칠곡교육지원청 석적중학교,석적중학교,,현존,경상북도 칠곡군 석적읍 남율로18길 10,054-714-1922,054-714-1925
8951029,경상북도교육청 경상북도예천교육지원청 감천중학교,감천중학교,757913,현존,경상북도 예천군 감천면 충효로 1429,054-652-6516,054-652-6561
8951030,경상북도교육청 경상북도예천교육지원청 예천여자중학교,예천여자중학교,757803,현존,경상북도 예천군 예천읍 양궁로 53,054-654-1651,054-654-1659
8951031,경상북도교육청 경상북도예천교육지원청 예천중학교,예천중학교,757803,현존,경상북도 예천군 예천읍 예천중앞길 7,054-654-4476,054-655-4478
8951032,경상북도교육청 경상북도예천교육지원청 용궁중학교,용궁중학교,757833,현존,경상북도 예천군 용궁면 읍부1길 33,054-653-6019,054-653-8836
8951033,경상북도교육청 경상북도예천교육지원청 용문중학교,용문중학교,757844,현존,경상북도 예천군 용문면 상금시장길 45-2,054-655-8585,054-655-9383
8951034,경상북도교육청 경상북도예천교육지원청 지보중학교,지보중학교,757853,현존,경상북도 예천군 지보면 지보로 167-7,054-653-3565,054-652-7250
8951035,경상북도교육청 경상북도예천교육지원청 풍양중학교,풍양중학교,757862,현존,경상북도 예천군 풍양면 낙상1길 94,054-653-7378,054-652-9319
8951036,경상북도교육청 경상북도예천교육지원청 대창중학교,대창중학교,757804,현존,경상북도 예천군 예천읍 대창학교길 33,054-654-7300,054-652-7303
8951037,경상북도교육청 경상북도예천교육지원청 은풍중학교,은풍중학교,757872,현존,경상북도 예천군 은풍면 도효자로 1114-26,054-652-7955,054-652-5719
8961048,경상북도교육청 경상북도봉화교육지원청 물야중학교,물야중학교,755821,현존,경상북도 봉화군 물야면 오록4길 11,054-672-2008,054-672-1934
8961050,경상북도교육청 경상북도봉화교육지원청 봉화중학교,봉화중학교,36240,현존,경상북도 봉화군 봉화읍 내성로 138,054-679-3322,054-679-3331
8961052,경상북도교육청 경상북도봉화교육지원청 석포중학교,석포중학교,755892,현존,경상북도 봉화군 석포면 석포로 226-1,054-672-6176,054-672-6170
8961053,경상북도교육청 경상북도봉화교육지원청 소천중학교,소천중학교,755881,현존,경상북도 봉화군 소천면 소천로 1237,054-672-7438,054-673-7877
8961055,경상북도교육청 경상북도봉화교육지원청 춘양중학교,춘양중학교,755842,현존,경상북도 봉화군 춘양면 서원촌길 8-14,054-672-3011,054-673-7154
8961056,경상북도교육청 경상북도봉화교육지원청 춘양중학교서벽분교장,춘양중학교서벽분교장,755843,현존,경상북도 봉화군 춘양면 춘양로 1490,054-672-4003,054-673-5642
8961061,경상북도교육청 경상북도봉화교육지원청 청량중학교,청량중학교,,현존,경상북도 봉화군 명호면 양지마을길 14,054-679-2800,054-679-2806
8971045,경상북도교육청 경상북도울진교육지원청 기성중학교,기성중학교,767852,현존,경상북도 울진군 기성면 기성본길 58-5,054-787-6051,054-787-8756
8971046,경상북도교육청 경상북도울진교육지원청 매화중학교,매화중학교,767862,현존,경상북도 울진군 매화면 매화1길 71-6,054-782-7013,054-783-5461
8971047,경상북도교육청 경상북도울진교육지원청 부구중학교,부구중학교,767894,현존,경상북도 울진군 북면 상흥부1길 6-15,054-782-9365,054-783-6524
8971048,경상북도교육청 경상북도울진교육지원청 온정중학교,온정중학교,767843,현존,경상북도 울진군 온정면 온정학교길 61,054-787-3048,054-787-8427
8971049,경상북도교육청 경상북도울진교육지원청 울진중학교,울진중학교,767805,현존,경상북도 울진군 울진읍 연호로 39,054-783-2247,054-783-0560
8971050,경상북도교육청 경상북도울진교육지원청 죽변중학교,죽변중학교,767814,현존,경상북도 울진군 죽변면 죽변4길 19,054-782-3906,054-783-1704
8971052,경상북도교육청 경상북도울진교육지원청 평해중학교,평해중학교,767901,현존,경상북도 울진군 평해읍 평해7길 61-3,054-787-5107,054-787-1397
8971053,경상북도교육청 경상북도울진교육지원청 후포중학교,후포중학교,767833,현존,경상북도 울진군 후포면 후포로 41,054-788-2035,054-787-4330
8981025,경상북도교육청 경상북도울릉교육지원청 울릉중학교,울릉중학교,799801,현존,경상북도 울릉군 울릉읍 도동길 151-19,054-791-2752,054-791-0479
8981025,경상북도교육청 경상북도울릉교육지원청 울릉중학교,울릉중학교,,현존,경상북도 울릉군 울릉읍 사동2길 219,054-790-8000,054-791-3311
9022115,경상남도교육청 경상남도창원교육지원청 경원중학교,경원중학교,642843,현존,경상남도 창원시 성산구 두대로 195,055-282-8307,055-282-8834
9022116,경상남도교육청 경상남도창원교육지원청 광려중학교,광려중학교,630851,현존,경상남도 창원시 마산회원구 내서읍 광려로 108,055-231-5618,055-231-8694
9022119,경상남도교육청 경상남도창원교육지원청 구암여자중학교,구암여자중학교,630510,현존,경상남도 창원시 마산회원구 구암북11길 26,297-9352,055-294-9914
9022120,경상남도교육청 경상남도창원교육지원청 구암중학교,구암중학교,630802,현존,경상남도 창원시 마산회원구 구암북11길 26,055-292-9939,055-292-2092
9022121,경상남도교육청 경상남도창원교육지원청 남산중학교,남산중학교,642801,현존,경상남도 창원시 성산구 가음정로 157,055-289-8975,055-289-8946
9022122,경상남도교육청 경상남도창원교육지원청 내서중학교,내서중학교,51228,현존,경상남도 창원시 마산회원구 내서읍 광려천서로 35,055-231-0017,055-231-0480
9022123,경상남도교육청 경상남도창원교육지원청 대방중학교,대방중학교,,현존,경상남도 창원시 성산구 가양로 133,055-264-4216,055-264-4210
9022124,경상남도교육청 경상남도창원교육지원청 도계중학교,도계중학교,,현존,경상남도 창원시 의창구 원이대로56번길 19-15,055-237-2394,055-237-2398
9022125,경상남도교육청 경상남도창원교육지원청 동진여자중학교,동진여자중학교,645320,현존,경상남도 창원시 진해구 진해대로982번길 26,055-551-4425,055-546-4786
9022126,경상남도교육청 경상남도창원교육지원청 동진중학교,동진중학교,645300,현존,경상남도 창원시 진해구 덕산로46번길 25,055-551-4622,055-547-2374
9022127,경상남도교육청 경상남도창원교육지원청 마산동중학교,마산동중학교,630822,현존,경상남도 창원시 마산회원구 회원북7길 40,055-222-1171,055-241-7470
9022128,경상남도교육청 경상남도창원교육지원청 마산무학여자중학교,마산무학여자중학교,,현존,경상남도 창원시 마산회원구 회원동33길 17-1,055-241-3013,055-222-8451
9022129,경상남도교육청 경상남도창원교육지원청 마산삼진중학교,마산삼진중학교,631815,현존,경상남도 창원시 마산합포구 진동면 성산길 51,055-271-2090,055-271-7530
9022130,경상남도교육청 경상남도창원교육지원청 마산서중학교,마산서중학교,631865,현존,경남 창원시 마산합포구 월영남로 6,055-247-7181,055-243-4584
9022131,경상남도교육청 경상남도창원교육지원청 마산여자중학교,마산여자중학교,630823,현존,경상남도 창원시 마산회원구 무학로 587,055-246-6411,055-242-2995
9022133,경상남도교육청 경상남도창원교육지원청 마산제일여자중학교,마산제일여자중학교,,현존,경상남도 창원시 마산합포구 고운로 65,055-242-1124,055-245-6136
9022134,경상남도교육청 경상남도창원교육지원청 마산중앙중학교,마산중앙중학교,630520,현존,경상남도 창원시 마산회원구 학교단지로 53-1,055-299-4198,055-293-1082
9022135,경상남도교육청 경상남도창원교육지원청 마산중학교,마산중학교,631868,현존,경상남도 창원시 마산합포구 심온길 49,055-246-5545,055-245-9073
9022136,경상남도교육청 경상남도창원교육지원청 명곡여자중학교,명곡여자중학교,641814,현존,경상남도 창원시 의창구 우곡로159번길 32,055-265-7355,055-265-7361
9022137,경상남도교육청 경상남도창원교육지원청 명서중학교,명서중학교,641812,현존,경상남도 창원시 의창구 명지로 54,055-265-3501,055-265-5932
9022138,경상남도교육청 경상남도창원교육지원청 반림중학교,반림중학교,642180,현존,경상남도 창원시 성산구 외동반림로 237,055-284-0423,055-284-0433
9022139,경상남도교육청 경상남도창원교육지원청 반송여자중학교,반송여자중학교,,현존,경상남도 창원시 성산구 반송로 168,055-283-8250,055-267-0822
9022140,경상남도교육청 경상남도창원교육지원청 반송중학교,반송중학교,642180,현존,경상남도 창원시 성산구 반송로 182,055-282-2144,055-266-3974
9022141,경상남도교육청 경상남도창원교육지원청 봉곡중학교,봉곡중학교,641822,현존,경상남도 창원시 의창구 봉곡로23번길 6,055-238-3711,055-238-2421
9022143,경상남도교육청 경상남도창원교육지원청 사파중학교,사파중학교,642827,현존,경상남도 창원시 성산구 신사로 155,055-266-8447,055-287-6917
9022144,경상남도교육청 경상남도창원교육지원청 삼계중학교,삼계중학교,630852,현존,경상남도 창원시 마산회원구 내서읍 삼계9길 40,055-230-2700,055-232-6928
9022145,경상남도교육청 경상남도창원교육지원청 삼정자중학교,삼정자중학교,642120,현존,경상남도 창원시 성산구 외리로34번길 32,055-285-4543,055-285-4792
9022146,경상남도교육청 경상남도창원교육지원청 석동중학교,석동중학교,645280,현존,경상남도 창원시 진해구 석동로 40,055-542-7956,055-542-7959
9022147,경상남도교육청 경상남도창원교육지원청 성지여자중학교,성지여자중학교,,현존,경남 창원시 마산합포구 완월남로 20,055-230-7100,055-241-1264
9022148,경상남도교육청 경상남도창원교육지원청 신월중학교,신월중학교,641837,현존,경상남도 창원시 성산구 신월로37번길 12,055-282-4105,055-282-4535
9022149,경상남도교육청 경상남도창원교육지원청 안골포중학교,안골포중학교,645530,현존,경상남도 창원시 진해구 안청남로 29,055-551-3484,055-551-3487
9022150,경상남도교육청 경상남도창원교육지원청 안남중학교,안남중학교,642805,현존,경상남도 창원시 성산구 창이대로899번길 13,055-275-4462,055-275-4463
9022151,경상남도교육청 경상남도창원교육지원청 안민중학교,안민중학교,642150,현존,경상남도 창원시 성산구 안민로160번길 11,055-289-8166,055-289-8168
9022152,경상남도교육청 경상남도창원교육지원청 양곡중학교,양곡중학교,642370,현존,경상남도 창원시 성산구 신촌로134번길 12,055-286-0822,055-286-1426
9022153,경상남도교육청 경상남도창원교육지원청 양덕여자중학교,양덕여자중학교,630522,현존,경상남도 창원시 마산회원구 학교단지로 21,055-255-8198,055-299-7753
9022154,경상남도교육청 경상남도창원교육지원청 양덕중학교,양덕중학교,630520,현존,경상남도 창원시 마산회원구 학교단지로 47,055-256-7221,055-292-8042
9022155,경상남도교육청 경상남도창원교육지원청 용원중학교,용원중학교,645510,현존,경상남도 창원시 진해구 용원로77번길 16,055-541-1083,055-541-1085
9022156,경상남도교육청 경상남도창원교육지원청 웅남중학교,웅남중학교,642829,현존,경상남도 창원시 성산구 단정로98번길 8,055-263-0818,055-266-9996
9022157,경상남도교육청 경상남도창원교육지원청 웅동중학교,웅동중학교,645490,현존,경상남도 창원시 진해구 남의로116번길 50,055-551-0025,055-547-5755
9022158,경상남도교육청 경상남도창원교육지원청 진전중학교,진전중학교,631833,현존,경상남도 창원시 마산합포구 진전면 월안로 23,055-271-1204,055-271-6872
9022159,경상남도교육청 경상남도창원교육지원청 진해남중학교,진해남중학교,645801,현존,경남 창원시 진해구 병암북로 9,055-542-7061,055-542-7065
9022161,경상남도교육청 경상남도창원교육지원청 진해중학교,진해중학교,645805,현존,경상남도 창원시 진해구 여좌로 98,055-544-8876,055-545-7365
9022161,경상남도교육청 경상남도창원교육지원청 진해중학교,진해중학교,,현존,경상남도 창원시 진해구 연구단지로 41,055-602-2400,055-541-1295
9022162,경상남도교육청 경상남도창원교육지원청 창덕중학교,창덕중학교,641864,현존,경상남도 창원시 의창구 동읍 의창대로900번길 12,055-291-2666,055-252-3053
9022163,경상남도교육청 경상남도창원교육지원청 창북중학교,창북중학교,641873,현존,경상남도 창원시 의창구 북면 무동서로 8,055-298-1458,055-299-1680
9022164,경상남도교육청 경상남도창원교육지원청 창신중학교,창신중학교,630803,현존,경상남도 창원시 마산회원구 봉암북7길 11,055-296-0211,055-294-5013
9022165,경상남도교육청 경상남도창원교육지원청 창원남중학교,창원남중학교,642020,현존,경상남도 창원시 성산구 창원대로 813,055-289-6959,055-289-6961
9022166,경상남도교육청 경상남도창원교육지원청 창원대산중학교,창원대산중학교,641923,현존,경상남도 창원시 의창구 대산면 진산대로 380,055-291-4336,055-291-5587
9022167,경상남도교육청 경상남도창원교육지원청 창원동중학교,창원동중학교,,현존,경상남도 창원시 의창구 동읍로 189,055-253-5101,055-253-5104
9022168,경상남도교육청 경상남도창원교육지원청 창원상남중학교,창원상남중학교,642010,현존,경상남도 창원시 성산구 동산로55번길 9,055-284-6905,055-284-6914
9022169,경상남도교육청 경상남도창원교육지원청 창원여자중학교,창원여자중학교,641465,현존,경상남도 창원시 의창구 팔용로 487,055-255-3268,055-256-9401
9022170,경상남도교육청 경상남도창원교육지원청 창원중앙중학교,창원중앙중학교,642820,현존,경상남도 창원시 성산구 반지로3번길 14,055-276-1668,055-276-8745
9022171,경상남도교육청 경상남도창원교육지원청 창원중학교,창원중학교,641811,현존,경상남도 창원시 의창구 도계로107번길 10,055-237-2833,055-237-2835
9022172,경상남도교육청 경상남도창원교육지원청 토월중학교,토월중학교,641060,현존,경상남도 창원시 성산구 원이대로 687,055-262-0878,055-261-9750
9022173,경상남도교육청 경상남도창원교육지원청 팔룡중학교,팔룡중학교,641847,현존,경상남도 창원시 의창구 사화로104번길 3,055-296-8142,055-296-6474
9022174,경상남도교육청 경상남도창원교육지원청 합포여자중학교,합포여자중학교,630826,현존,경상남도 창원시 마산회원구 회성남11길 27,055-299-2011,055-296-2390
9022175,경상남도교육청 경상남도창원교육지원청 합포중학교,합포중학교,631480,현존,경상남도 창원시 마산합포구 산호남10길 18,055-241-0742,055-248-8441
9022176,경상남도교육청 경상남도창원교육지원청 해운중학교,해운중학교,631872,현존,경상남도 창원시 마산합포구 월영동남로 16-1,055-714-7703,055-224-2146
9022177,경상남도교육청 경상남도창원교육지원청 호계중학교,호계중학교,630856,현존,경상남도 창원시 마산회원구 내서읍 호계본동로 107,055-232-7542,055-232-7561
9022442,경상남도교육청 경상남도창원교육지원청 감계중학교,감계중학교,641871,현존,경상남도 창원시 의창구 북면 감계로 220,055-294-5272,055-294-5274
9022447,경상남도교육청 경상남도창원교육지원청 진해냉천중학교,진해냉천중학교,645300,현존,경상남도 창원시 진해구 냉천로 219,055-544-8722,055-544-8730
9022466,경상남도교육청 경상남도창원교육지원청 구산중학교,구산중학교,,현존,경상남도 창원시 마산합포구 현동9길 23,055-221-0044,055-221-0442
9022467,경상남도교육청 경상남도창원교육지원청 진해신항중학교,진해신항중학교,,현존,경상남도 창원시 진해구 신항동로 161(용원동 1338-1),055-719-3100,055-719-3107
9022469,경상남도교육청 경상남도창원교육지원청 구산중학교구남분교장,구산중학교구남분교장,631842,현존,경상남도 창원시 마산합포구 구산면 이순신로 7,055-222-8571,055-222-2463
9022485,경상남도교육청 경상남도창원교육지원청 웅천중학교,웅천중학교,645370,현존,경상남도 창원시 진해구 웅천동로 55,055-715-1070,055-715-1074
9022503,경상남도교육청 경상남도창원교육지원청 의신중학교,의신중학교,631851,현존,경상남도 창원시 마산합포구 천하장사로 21,055-246-1651,055-223-5848
9022504,경상남도교육청 경상남도창원교육지원청 북면중학교,북면중학교,,현존,경상남도 창원시 의창구 북면 동전로110번길 26,055-601-8100,055-601-8199
9051048,경상남도교육청 경상남도진주교육지원청 개양중학교,개양중학교,660300,현존,경상남도 진주시 동부로 27,055-756-5501,055-756-5510
9051049,경상남도교육청 경상남도진주교육지원청 경해여자중학교,경해여자중학교,660991,현존,경상남도 진주시 남강로29번길 30-6,055-747-5296,055-747-5297
9051050,경상남도교육청 경상남도진주교육지원청 금곡중학교,금곡중학교,52826,현존,경상남도 진주시 개양로 68,055-920-8900,055-920-8777
9051051,경상남도교육청 경상남도진주교육지원청 대곡중학교,대곡중학교,52858,현존,경상남도 진주시 소호로 8,055-795-0991,055-744-0008
9051052,경상남도교육청 경상남도진주교육지원청 대아중학교,대아중학교,660983,현존,경상남도 진주시 서장대로185번길 14,055-746-0061,055-743-4273
9051053,경상남도교육청 경상남도진주교육지원청 명석중학교,명석중학교,660953,현존,경상남도 진주시 명석면 광제산로12번길 8,055-744-3035,055-744-3098
9051054,경상남도교육청 경상남도진주교육지원청 문산중학교,문산중학교,660840,현존,경상남도 진주시 충의로 68,055-761-4007,055-761-2772
9051055,경상남도교육청 경상남도진주교육지원청 반성중학교,반성중학교,660881,현존,경상남도 진주시 사봉면 동부로 1917,055-754-6053,055-756-0080
9051056,경상남도교육청 경상남도진주교육지원청 삼현여자중학교,삼현여자중학교,660904,현존,경남 진주시 돗골로 115,055-752-3341,055-761-1689
9051057,경상남도교육청 경상남도진주교육지원청 지수중학교,지수중학교,660892,현존,경상남도 진주시 지수면 용봉로 7,055-758-3051,055-758-1939
9051058,경상남도교육청 경상남도진주교육지원청 진명여자중학교,진명여자중학교,660330,현존,경상남도 진주시 남강로1413번길 34,055-758-7412,055-758-7415
9051059,경상남도교육청 경상남도진주교육지원청 진서중학교,진서중학교,660971,현존,경상남도 진주시 수곡면 옥수로 625,055-754-5039,055-754-5016
9051060,경상남도교육청 경상남도진주교육지원청 진주남중학교,진주남중학교,660987,현존,경상남도 진주시 진주대로 900,055-752-0905,055-752-1395
9051061,경상남도교육청 경상남도진주교육지원청 진주동명중학교,진주동명중학교,660985,현존,경상남도 진주시 대신로 454-25,055-752-5260,055-759-4516
9051062,경상남도교육청 경상남도진주교육지원청 진주동중학교,진주동중학교,660923,현존,경상남도 진주시 금산면 중천로 42,055-761-2011,055-763-2589
9051063,경상남도교육청 경상남도진주교육지원청 진주봉원중학교,진주봉원중학교,660052,현존,경상남도 진주시 진주성로 169,055-742-7217,055-743-5468
9051064,경상남도교육청 경상남도진주교육지원청 진주여자중학교,진주여자중학교,660983,현존,경상남도 진주시 평거로 195,055-746-3183,055-746-3181
9051065,경상남도교육청 경상남도진주교육지원청 진주제일중학교,진주제일중학교,660992,현존,경상남도 진주시 평거로 60,055-748-1934,055-748-1937
9051066,경상남도교육청 경상남도진주교육지원청 진주중앙중학교,진주중앙중학교,660330,현존,경상남도 진주시 모덕로 287,055-757-4813,055-757-4822
9051067,경상남도교육청 경상남도진주교육지원청 진주중학교,진주중학교,660050,현존,경상남도 진주시 의곡길 15,055-741-4551,055-742-4822
9051144,경상남도교육청 경상남도진주교육지원청 선인국제중학교,선인국제중학교,,현존,경상남도 진주시 대곡면 월암로 341,055-745-2711,055-745-2715
9071038,경상남도교육청 경상남도통영교육지원청 도산중학교,도산중학교,,현존,경상남도 통영시 도산면 도산일주로 34,055-646-4110,055-643-9004
9071039,경상남도교육청 경상남도통영교육지원청 사량중학교,사량중학교,650931,현존,경상남도 통영시 사량면 진촌1길 72,055-642-6009,055-644-4971
9071040,경상남도교육청 경상남도통영교육지원청 산양중학교,산양중학교,,현존,경상남도 통영시 산양읍 산양중앙로 47,055-642-1010,055-644-5298
9071041,경상남도교육청 경상남도통영교육지원청 욕지중학교,욕지중학교,650913,현존,경상남도 통영시 욕지면 중촌길 121,055-645-5812,055-642-2606
9071042,경상남도교육청 경상남도통영교육지원청 충무여자중학교,충무여자중학교,650160,현존,경상남도 통영시 평인일주로 75,055-645-8412,055-641-4714
9071043,경상남도교육청 경상남도통영교육지원청 충무중학교,충무중학교,650160,현존,경상남도 통영시 평인일주로 65,055-644-0001,055-641-4712
9071044,경상남도교육청 경상남도통영교육지원청 통영여자중학교,통영여자중학교,650110,현존,경상남도 통영시 도리1길 45,055-645-2363,055-643-8734
9071045,경상남도교육청 경상남도통영교육지원청 통영중앙중학교,통영중앙중학교,650801,현존,경상남도 통영시 무전3길 23-10,055-648-0568,055-645-0568
9071046,경상남도교육청 경상남도통영교육지원청 통영중학교,통영중학교,650140,현존,경상남도 통영시 봉수로 25,055-649-6118,055-643-0003
9071047,경상남도교육청 경상남도통영교육지원청 한산중학교,한산중학교,650920,현존,경상남도 통영시 한산면 한산일주로 850-2,055-648-5004,055-648-5005
9071048,경상남도교육청 경상남도통영교육지원청 충렬여자중학교,충렬여자중학교,650834,현존,경상남도 통영시 용남면 견내량로 70,055-645-6656,055-643-6496
9071087,경상남도교육청 경상남도통영교육지원청 동원중학교,동원중학교,650826,현존,경상남도 통영시 광도면 용호로 12-29,055-645-3328,055-647-0196
9081030,경상남도교육청 경상남도사천교육지원청 곤양중학교,곤양중학교,664912,현존,경상남도 사천시 곤양면 광포만로 21,055-853-0011,055-854-0038
9081031,경상남도교육청 경상남도사천교육지원청 사천중학교,사천중학교,664800,현존,경상남도 사천시 사천읍 동문로 20,055-854-2734,055-852-2741
9081032,경상남도교육청 경상남도사천교육지원청 삼천포제일중학교,삼천포제일중학교,664150,현존,경상남도 사천시 상강청길 34,055-835-4382,055-835-1901
9081033,경상남도교육청 경상남도사천교육지원청 삼천포중앙여자중학교,삼천포중앙여자중학교,664160,현존,경상남도 사천시 삼상로 147,055-835-4695,055-835-1902
9081034,경상남도교육청 경상남도사천교육지원청 서포중학교,서포중학교,664820,현존,경상남도 사천시 서포면 서포로 293-6,055-853-1032,055-853-4682
9081035,경상남도교육청 경상남도사천교육지원청 곤명중학교,곤명중학교,664925,현존,경상남도 사천시 곤명면 송림길 34,055-854-6719,055-854-2171
9081036,경상남도교육청 경상남도사천교육지원청 남양중학교,남양중학교,664839,현존,경상남도 사천시 진삼로 147,055-834-3597,055-834-4614
9081037,경상남도교육청 경상남도사천교육지원청 사천여자중학교,사천여자중학교,664932,현존,경상남도 사천시 정동면 서당길 32,055-852-2613,055-854-9306
9081038,경상남도교육청 경상남도사천교육지원청 삼천포여자중학교,삼천포여자중학교,664150,현존,경상남도 사천시 강청길 58-19,055-835-6604,055-833-0145
9081039,경상남도교육청 경상남도사천교육지원청 삼천포중학교,삼천포중학교,664833,현존,경상남도 사천시 벌리6길 77,055-832-7392,055-832-2584
9081040,경상남도교육청 경상남도사천교육지원청 용남중학교,용남중학교,664953,현존,경상남도 사천시 용현면 선진길 24,055-854-5460,055-854-3268
9091062,경상남도교육청 경상남도김해교육지원청 가야중학교,가야중학교,621080,현존,경상남도 김해시 경원로 95,055-332-3473,055-332-3475
9091063,경상남도교육청 경상남도김해교육지원청 관동중학교,관동중학교,621831,현존,경상남도 김해시 덕정로 77,055-314-4501,055-314-4506
9091065,경상남도교육청 경상남도김해교육지원청 김해대곡중학교,김해대곡중학교,621918,현존,경상남도 김해시 활천로 195-35,055-331-4611,055-331-4616
9091066,경상남도교육청 경상남도김해교육지원청 김해대동중학교,김해대동중학교,621891,현존,경상남도 김해시 대동면 동남로49번길 14,055-335-6004,055-335-6008
9091067,경상남도교육청 경상남도김해교육지원청 김해삼계중학교,김해삼계중학교,621070,현존,경상남도 김해시 가야로38번길 40,055-331-3025,055-331-3004
9091068,경상남도교육청 경상남도김해교육지원청 김해서중학교,김해서중학교,621060,현존,경상남도 김해시 주촌면 선지로45번길 24,055-335-3511,055-335-3524
9091069,경상남도교육청 경상남도김해교육지원청 김해여자중학교,김해여자중학교,621050,현존,경상남도 김해시 구지로 127,055-335-2201,055-335-2205
9091070,경상남도교육청 경상남도김해교육지원청 김해중학교,김해중학교,621010,현존,경상남도 김해시 호계로 456,055-335-4501,055-321-6459
9091071,경상남도교육청 경상남도김해교육지원청 내덕중학교,내덕중학교,621832,현존,경상남도 김해시 내덕로 80,055-312-3263,055-312-3264
9091072,경상남도교육청 경상남도김해교육지원청 내동중학교,내동중학교,621903,현존,경상남도 김해시 평전로 135,055-335-2670,055-324-4395
9091073,경상남도교육청 경상남도김해교육지원청 능동중학교,능동중학교,621830,현존,경상남도 김해시 번화1로123번길 34-14,055-312-9062,055-312-9067
9091074,경상남도교육청 경상남도김해교육지원청 봉명중학교,봉명중학교,621919,현존,경상남도 김해시 분성로134번길 40,055-327-4732,055-327-4739
9091075,경상남도교육청 경상남도김해교육지원청 분성중학교,분성중학교,621070,현존,경상남도 김해시 삼계로 199,055-331-5464,055-331-5472
9091076,경상남도교육청 경상남도김해교육지원청 삼정중학교,삼정중학교,621180,현존,경상남도 김해시 인제로51번길 32,055-332-9725,055-336-7230
9091077,경상남도교육청 경상남도김해교육지원청 생림중학교,생림중학교,621823,현존,경상남도 김해시 생림면 마사로 106,055-335-9003,055-335-9007
9091078,경상남도교육청 경상남도김해교육지원청 신어중학교,신어중학교,621909,현존,경상남도 김해시 삼안로195번길 7,055-321-2502,055-334-3421
9091079,경상남도교육청 경상남도김해교육지원청 영운중학교,영운중학교,621190,현존,경상남도 김해시 인제로284번길 49,055-325-4839,055-325-4838
9091080,경상남도교육청 경상남도김해교육지원청 월산중학교,월산중학교,621833,현존,경상남도 김해시 월산로 104,055-314-0582,055-314-0586
9091081,경상남도교육청 경상남도김해교육지원청 율하중학교,율하중학교,621834,현존,경상남도 김해시 율하1로 39,055-324-2493,055-324-2497
9091082,경상남도교육청 경상남도김해교육지원청 임호중학교,임호중학교,621080,현존,경상남도 김해시 내외로 117,055-334-1407,055-334-1419
9091084,경상남도교육청 경상남도김해교육지원청 진영중학교,진영중학교,621807,현존,경상남도 김해시 진영읍 장등로 29,055-344-3600,055-343-3698
9091085,경상남도교육청 경상남도김해교육지원청 한얼중학교,한얼중학교,621805,현존,경상남도 김해시 진영읍 진영로265번길 9-8,055-343-2381,055-343-4457
9091086,경상남도교육청 경상남도김해교육지원청 활천중학교,활천중학교,621220,현존,경상남도 김해시 분성로 707,055-338-4284,055-338-4289
9091087,경상남도교육청 경상남도김해교육지원청 경운중학교,경운중학교,621080,현존,경상남도 김해시 우암로 62,055-327-4193,055-327-3053
9091088,경상남도교육청 경상남도김해교육지원청 김해중앙여자중학교,김해중앙여자중학교,621906,현존,경상남도 김해시 분성로376번길 21-22,055-335-2721-5,055-335-2263
9091089,경상남도교육청 경상남도김해교육지원청 장유중학교,장유중학교,621832,현존,경상남도 김해시 장유로 420,055-314-0351,055-314-0361
9091090,경상남도교육청 경상남도김해교육지원청 진례중학교,진례중학교,621884,현존,경상남도 김해시 진례면 송현로 77-7,055-345-5006,055-345-5460
9091091,경상남도교육청 경상남도김해교육지원청 한림중학교,한림중학교,621874,현존,경상남도 김해시 한림면 한림로365번길 33,055-342-6360,055-342-6481
9091177,경상남도교육청 경상남도김해교육지원청 대청중학교,대청중학교,621280,현존,경상남도 김해시 번화1로 8,055-311-1758,055-311-1795
9091210,경상남도교육청 경상남도김해교육지원청 수남중학교,수남중학교,,현존,경상남도 김해시 율하2로 197,055-331-5950,055-331-5954
9091226,경상남도교육청 경상남도김해교육지원청 김해모산중학교,김해모산중학교,,현존,경상남도 김해시 율하5로 75,055-344-3810,055-337-7622
9091233,경상남도교육청 경상남도김해교육지원청 진영장등중학교,진영장등중학교,621800,현존,경상남도 김해시 진영읍 장등로 120,055-901-3202,055-901-3205
9091243,경상남도교육청 경상남도김해교육지원청 김해구산중학교,김해구산중학교,621060,현존,경상남도 김해시 구산로5번길 31,055-331-3035,055-331-3044
9101028,경상남도교육청 경상남도밀양교육지원청 무안중학교,무안중학교,627873,현존,경상남도 밀양시 무안면 사명로 617-18,055-352-0063,055-353-7492
9101029,경상남도교육청 경상남도밀양교육지원청 밀양여자중학교,밀양여자중학교,627150,현존,경상남도 밀양시 삼문강변로 2,055-354-3654,055-354-8619
9101030,경상남도교육청 경상남도밀양교육지원청 밀양중학교,밀양중학교,627804,현존,경상남도 밀양시 삼문중앙로4길 19,055-355-3151,055-354-4675
9101032,경상남도교육청 경상남도밀양교육지원청 상동중학교,상동중학교,627841,현존,경상남도 밀양시 상동면 금산5길 4,055-352-8468,055-353-8057
9101035,경상남도교육청 경상남도밀양교육지원청 동국대학교사범대학부속홍제중학교,동국대학교사범대학부속홍제중학교,627821,현존,경상남도 밀양시 단장면 표충로 106,055-352-1023,055-353-4263
9101036,경상남도교육청 경상남도밀양교육지원청 동명중학교,동명중학교,627894,현존,경상남도 밀양시 하남읍 동명길 14,055-391-2828,055-391-6199
9101037,경상남도교육청 경상남도밀양교육지원청 밀성여자중학교,밀성여자중학교,627803,현존,경상남도 밀양시 밀성로 17,055-353-7007,055-353-7080
9101038,경상남도교육청 경상남도밀양교육지원청 밀성중학교,밀성중학교,627803,현존,경상남도 밀양시 석정로 127,055-355-3067,055-355-4585
9101039,경상남도교육청 경상남도밀양교육지원청 밀양동강중학교,밀양동강중학교,627834,현존,경상남도 밀양시 산내면 송백2길 26,055-352-6037,055-352-4200
9101040,경상남도교육청 경상남도밀양교육지원청 삼랑진중학교,삼랑진중학교,627904,현존,경상남도 밀양시 삼랑진읍 만어로 16,055-353-9704,055-353-1997
9101041,경상남도교육청 경상남도밀양교육지원청 세종중학교,세종중학교,627800,현존,경상남도 밀양시 가곡8길 28,055-356-7988,055-3547986
9101076,경상남도교육청 경상남도밀양교육지원청 미리벌중학교,미리벌중학교,,현존,경상남도 밀양시 청도면 창밀로 2232,055-391-4052,055-391-2893
9111043,경상남도교육청 경상남도거제교육지원청 거제고현중학교,거제고현중학교,656304,현존,경상남도 거제시 거제중앙로7길 19,055-633-5412,055-633-5415
9111044,경상남도교육청 경상남도거제교육지원청 거제제일중학교,거제제일중학교,656862,현존,경상남도 거제시 거제면 읍내로13길 12,055-632-6394,055-632-6395
9111045,경상남도교육청 경상남도거제교육지원청 거제중앙중학교,거제중앙중학교,656803,현존,경상남도 거제시 중곡로2길 51,055-637-8285,055-637-8286
9111046,경상남도교육청 경상남도거제교육지원청 계룡중학교,계룡중학교,656304,현존,경상남도 거제시 고현로14길 37,055-638-5433,055-638-5438
9111047,경상남도교육청 경상남도거제교육지원청 동부중학교,동부중학교,656853,현존,경상남도 거제시 동부면 동부로 28-6,055-632-9162,055-632-9163
9111048,경상남도교육청 경상남도거제교육지원청 성포중학교,성포중학교,656883,현존,경상남도 거제시 사등면 가조로 46,055-632-5005,055-632-5055
9111049,경상남도교육청 경상남도거제교육지원청 수월중학교,수월중학교,656303,현존,경상남도 거제시 해명로 70,055-639-7979,055-634-0238
9111050,경상남도교육청 경상남도거제교육지원청 신현중학교,신현중학교,656815,현존,경상남도 거제시 서문로1길 17,055-635-5947,055-635-5991
9111051,경상남도교육청 경상남도거제교육지원청 연초중학교,연초중학교,656812,현존,경상남도 거제시 연초면 죽토양지1길 26,055-636-4031,055-636-7047
9111052,경상남도교육청 경상남도거제교육지원청 옥포성지중학교,옥포성지중학교,656904,현존,경상남도 거제시 거제대로 3699,055-680-1120,055-687-5930
9111053,경상남도교육청 경상남도거제교육지원청 옥포중학교,옥포중학교,656907,현존,경상남도 거제시 옥포대첩로 99,055-688-4505,055-688-4080
9111054,경상남도교육청 경상남도거제교육지원청 지세포중학교,지세포중학교,656894,현존,경상남도 거제시 일운면 지세포3길 3,055-682-1810,055-682-1811
9111055,경상남도교육청 경상남도거제교육지원청 하청중학교,하청중학교,656823,현존,경상남도 거제시 하청면 서리1길 5,055-636-7351,055-636-7356
9111056,경상남도교육청 경상남도거제교육지원청 거제중학교,거제중학교,656902,현존,경상남도 거제시 아주로3길 61,055-681-3287,055-681-2282
9111057,경상남도교육청 경상남도거제교육지원청 둔덕중학교,둔덕중학교,53281,현존,경상남도 거제시 둔덕면 하둔3길 7-3,055-633-5015,055-633-2462
9111058,경상남도교육청 경상남도거제교육지원청 외포중학교,외포중학교,656833,현존,경상남도 거제시 장목면 옥포대첩로 942,055-636-6106,055-636-6167
9111060,경상남도교육청 경상남도거제교육지원청 해성중학교,해성중학교,656910,현존,경상남도 거제시 두모길 4-2,055-680-1410,055-682-4640
9111117,경상남도교육청 경상남도거제교육지원청 거제장평중학교,거제장평중학교,656926,현존,경상남도 거제시 장평4로 40,055-636-9433,055-636-9436
9111145,경상남도교육청 경상남도거제교육지원청 장목예술중학교,장목예술중학교,656834,현존,경상남도 거제시 장목면 옥포대첩로1595-8,055-635-1006,055-635-1606
9111148,경상남도교육청 경상남도거제교육지원청 거제상문중학교,거제상문중학교,,현존,경상남도 거제시 상동5길 75-25,055-637-9445,055-637-9447
9121018,경상남도교육청 경상남도의령교육지원청 신반중학교,신반중학교,636964,현존,경상남도 의령군 부림면 한지28길 18-12,055-574-6432,055-574-4957
9121019,경상남도교육청 경상남도의령교육지원청 의령중학교,의령중학교,636803,현존,경상남도 의령군 의령읍 충익로4길 11,055-573-2381,055-573-5812
9121020,경상남도교육청 경상남도의령교육지원청 의령여자중학교,의령여자중학교,636821,현존,경상남도 의령군 가례면 의병로 67,055-573-2480,055-573-6077
9121021,경상남도교육청 경상남도의령교육지원청 정곡중학교,정곡중학교,636922,현존,경상남도 의령군 정곡면 의합대로 1061-6,055-572-5034,055-573-9071
9121022,경상남도교육청 경상남도의령교육지원청 지정중학교,지정중학교,636982,현존,경상남도 의령군 지정면 마산로 81-14,055-572-1905,055-572-6522
9131026,경상남도교육청 경상남도함안교육지원청 함안중학교,함안중학교,,현존,경상남도 함안군 가야읍 함안대로 632,055-583-2592,055-583-2551
9131027,경상남도교육청 경상남도함안교육지원청 호암중학교,호암중학교,637924,현존,경상남도 함안군 칠원읍 호암길 29,055-586-2216,055-586-2217
9131028,경상남도교육청 경상남도함안교육지원청 군북중학교,군북중학교,637821,현존,경상남도 함안군 군북면 사군로 1570,055-585-5015,055-585-7233
9131029,경상남도교육청 경상남도함안교육지원청 대산중학교,대산중학교,637913,현존,경상남도 함안군 대산면 대산중앙로 102-2,055-582-8688,055-582-8614
9131030,경상남도교육청 경상남도함안교육지원청 칠성중학교,칠성중학교,637943,현존,경상남도 함안군 칠서면 삼칠로 1303,055-587-5007,055-587-6022
9131031,경상남도교육청 경상남도함안교육지원청 칠원중학교,칠원중학교,637940,현존,경상남도 함안군 칠서면 삼칠로 281,055-587-0020,055-587-6634
9131032,경상남도교육청 경상남도함안교육지원청 함성중학교,함성중학교,637812,현존,경상남도 함안군 함안면 함안대로 105-2,055-583-4077,055-582-9279
9131033,경상남도교육청 경상남도함안교육지원청 함안여자중학교,함안여자중학교,637803,현존,경상남도 함안군 가야읍 고분길 107,055-583-3003,055-582-0691
9141025,경상남도교육청 경상남도창녕교육지원청 부곡중학교,부곡중학교,635893,현존,경상남도 창녕군 부곡면 부곡로 101-32,055-536-5231,055-521-1210
9141026,경상남도교육청 경상남도창녕교육지원청 영산중학교,영산중학교,,현존,경상남도 창녕군 영산면 영산계성로 87,055-536-0075,055-536-3743
9141027,경상남도교육청 경상남도창녕교육지원청 창녕중학교,창녕중학교,635800,현존,경상남도 창녕군 창녕읍 남창녕로 48,055-533-2452,055-533-2273
9141028,경상남도교육청 경상남도창녕교육지원청 남지여자중학교,남지여자중학교,635908,현존,경상남도 창녕군 남지읍 낙동로 403-14,055-526-2227,055-526-3725
9141029,경상남도교육청 경상남도창녕교육지원청 남지중학교,남지중학교,635908,현존,경상남도 창녕군 남지읍 낙동로 411-5,055-526-2144,055-526-3662
9141030,경상남도교육청 경상남도창녕교육지원청 대성중학교,대성중학교,635942,현존,경상남도 창녕군 대합면 신안길 17,055-532-2216,055-532-4399
9141031,경상남도교육청 경상남도창녕교육지원청 성산중학교,성산중학교,635952,현존,경상남도 창녕군 성산면 창한로 175,055-532-4042,055-532-4661
9141032,경상남도교육청 경상남도창녕교육지원청 신창여자중학교,신창여자중학교,635807,현존,경상남도 창녕군 창녕읍 서재골길 7,055-532-1501,055-533-2449
9141033,경상남도교육청 경상남도창녕교육지원청 창녕여자중학교,창녕여자중학교,635805,현존,경상남도 창녕군 창녕읍 화왕산로 72,055-532-9762,055-532-1588
9141034,경상남도교육청 경상남도창녕교육지원청 창녕옥야중학교,창녕옥야중학교,50300,현존,경상남도 창녕군 이방면 이방로 943-15,055-532-6348,055-532-6047
9151038,경상남도교육청 경상남도양산교육지원청 범어중학교,범어중학교,626813,현존,경상남도 양산시 물금읍 범어로 14,055-365-8935,055-365-8936
9151039,경상남도교육청 경상남도양산교육지원청 삼성중학교,삼성중학교,626110,현존,경상남도 양산시 북정중앙로 19,055-388-4091,055-388-1764
9151040,경상남도교육청 경상남도양산교육지원청 서창중학교,서창중학교,626836,현존,경상남도 양산시 대운9길 8,055-367-6181,055-367-6185
9151041,경상남도교육청 경상남도양산교육지원청 신주중학교,신주중학교,626814,현존,경상남도 양산시 물금읍 신주로 21,055-367-0641,055-367-0652
9151042,경상남도교육청 경상남도양산교육지원청 양산중앙중학교,양산중앙중학교,626010,현존,경상남도 양산시 양주로 21,055-386-9906,055-386-9924
9151043,경상남도교육청 경상남도양산교육지원청 양산중학교,양산중학교,626800,현존,경상남도 양산시 북안북12길 7,055-386-6021,055-386-6025
9151044,경상남도교육청 경상남도양산교육지원청 양주중학교,양주중학교,626854,현존,경상남도 양산시 상북면 양주마을2길 18,055-374-7212,055-374-7216
9151045,경상남도교육청 경상남도양산교육지원청 웅상여자중학교,웅상여자중학교,626848,현존,경상남도 양산시 배움터길 72,055-371-5400,055-367-2294
9151046,경상남도교육청 경상남도양산교육지원청 웅상중학교,웅상중학교,626848,현존,경상남도 양산시 배움터길 48,055-364-3202,055-364-2178
9151047,경상남도교육청 경상남도양산교육지원청 원동중학교,원동중학교,626830,현존,경상남도 양산시 원동면 원동로 1654,055-382-5046,055-382-5065
9151048,경상남도교육청 경상남도양산교육지원청 개운중학교,개운중학교,626837,현존,경상남도 양산시 서창로 144,055-366-5252,055-366-5255
9151049,경상남도교육청 경상남도양산교육지원청 물금동아중학교,물금동아중학교,626812,현존,경상남도 양산시 물금읍 청운로 46,055-384-9311,055-382-3520
9151050,경상남도교육청 경상남도양산교육지원청 보광중학교,보광중학교,50503,현존,경상남도 양산시 하북면 신평로 46,055-382-6969,055-384-2688
9151051,경상남도교육청 경상남도양산교육지원청 양산여자중학교,양산여자중학교,626210,현존,경상남도 양산시 교동1길 23,055-387-7891,055-386-8186
9151141,경상남도교육청 경상남도양산교육지원청 물금중학교,물금중학교,,현존,경상남도 양산시 물금읍 새실로 39,055-736-1701,055-367-1703
9151151,경상남도교육청 경상남도양산교육지원청 금오중학교,금오중학교,,현존,경상남도 양산시 동면 금오16길 97,055-914-2000,055-914-2079
9151159,경상남도교육청 경상남도양산교육지원청 사송중학교,사송중학교,,현존,경상남도 양산시 동면 내송큰들1길 8,055-781-2037,055-781-2096
9151164,경상남도교육청 경상남도양산교육지원청 금송중학교,금송중학교,,현존,경상남도 양산시 동면 사송로 99-20,055-781-0352,055-781-0368
9151165,경상남도교육청 경상남도양산교육지원청 증산중학교,증산중학교,,현존,경상남도 양산시 물금읍 새실로 172,055-914-4700,553664701
9161024,경상남도교육청 경상남도고성교육지원청 고성동중학교,고성동중학교,638830,현존,경상남도 고성군 거류면 당동1길 59-14,055-672-1004,055-672-0232
9161025,경상남도교육청 경상남도고성교육지원청 고성여자중학교,고성여자중학교,638805,현존,경상남도 고성군 고성읍 동외로195번길 10-3,055-673-3919,055-674-6472
9161026,경상남도교육청 경상남도고성교육지원청 고성중학교,고성중학교,638801,현존,경상남도 고성군 고성읍 송학고분로 117,055-673-3921,055-674-7317
9161028,경상남도교육청 경상남도고성교육지원청 동해중학교,동해중학교,638842,현존,경상남도 고성군 동해면 동해로 1613,055-672-5019,055-673-3053
9161030,경상남도교육청 경상남도고성교육지원청 영천중학교,영천중학교,638970,현존,경상남도 고성군 영오면 영회로 511,055-672-9006,055-672-1778
9161032,경상남도교육청 경상남도고성교육지원청 회화중학교,회화중학교,638813,현존,경상남도 고성군 회화면 배둔서길 42-35,055-673-2012,055-673-8119
9161033,경상남도교육청 경상남도고성교육지원청 철성중학교,철성중학교,638802,현존,경상남도 고성군 고성읍 대가로 36,055-673-3925,055-674-3949
9161056,경상남도교육청 경상남도고성교육지원청 소가야중학교,소가야중학교,,현존,경상남도 고성군 삼산면 삼봉2길 51,055-672-3071,055-672-3021
9171021,경상남도교육청 경상남도남해교육지원청 남해여자중학교,남해여자중학교,668801,현존,경상남도 남해군 남해읍 망운로21번가길 24-56,055-863-1629,055-862-1917
9171022,경상남도교육청 경상남도남해교육지원청 남해중학교,남해중학교,668802,현존,경상남도 남해군 남해읍 화전로78번길 29,055-863-1236,055-862-2147
9171024,경상남도교육청 경상남도남해교육지원청 미조중학교,미조중학교,52442,현존,경상남도 남해군 미조면 미송로2번길 73-8,055-867-6509,055-867-7404
9171025,경상남도교육청 경상남도남해교육지원청 설천중학교,설천중학교,668891,현존,경상남도 남해군 설천면 설천로 678,055-862-7006,055-862-9715
9171026,경상남도교육청 경상남도남해교육지원청 상주중학교,상주중학교,668821,현존,경상남도 남해군 상주면 남해대로 651,055-862-6005,055-862-7920
9171027,경상남도교육청 경상남도남해교육지원청 이동중학교,이동중학교,668811,현존,경상남도 남해군 이동면 무림로 46-2,055-862-5229,055-863-4053
9171028,경상남도교육청 경상남도남해교육지원청 창선중학교,창선중학교,668851,현존,경상남도 남해군 창선면 창선로 97-12,055-867-1007,055-867-4968
9171029,경상남도교육청 경상남도남해교육지원청 해성중학교,해성중학교,668863,현존,경상남도 남해군 남면 남면로1835번길 8-4,055-862-7726,055-862-7727
9171045,경상남도교육청 경상남도남해교육지원청 꽃내중학교,꽃내중학교,,현존,경상남도 남해군 삼동면 동부대로 1316,055-812-7300,055-812-7304
9181024,경상남도교육청 경상남도하동교육지원청 금남중학교,금남중학교,667923,현존,경상남도 하동군 금남면 섬진강대로 656-7,055-882-1102,055-882-1311
9181025,경상남도교육청 경상남도하동교육지원청 악양중학교,악양중학교,667812,현존,경상남도 하동군 악양면 신흥길 20,055-883-3045,055-884-5779
9181027,경상남도교육청 경상남도하동교육지원청 옥종중학교,옥종중학교,667893,현존,경상남도 하동군 옥종면 옥종중앙길 35,055-882-8024,055-884-5744
9181029,경상남도교육청 경상남도하동교육지원청 진교중학교,진교중학교,667913,현존,경상남도 하동군 진교면 민다리길 168,055-882-3011,055-883-4714
9181030,경상남도교육청 경상남도하동교육지원청 청암중학교,청암중학교,667882,현존,경상남도 하동군 청암면 청학로 718-15,055-882-5778,055-884-0985
9181031,경상남도교육청 경상남도하동교육지원청 하동중앙중학교,하동중앙중학교,667804,현존,경상남도 하동군 하동읍 연화길 77,055-883-6312,055-882-6428
9181032,경상남도교육청 경상남도하동교육지원청 화개중학교,화개중학교,667823,현존,경상남도 하동군 화개면 화개로 142,055-883-2479,055-882-8218
9181034,경상남도교육청 경상남도하동교육지원청 하동중학교,하동중학교,667801,현존,경상남도 하동군 하동읍 송림1길 32,055-883-4655,055-884-5751
9181071,경상남도교육청 경상남도하동교육지원청 한다사중학교,한다사중학교,,현존,경상남도 하동군 양보면 진양로 1097,055-882-3041,055-882-3091
9191019,경상남도교육청 경상남도산청교육지원청 경호중학교,경호중학교,666832,현존,경상남도 산청군 금서면 화계오봉로 17,055-973-0221,055-973-8417
9191020,경상남도교육청 경상남도산청교육지원청 단성중학교,단성중학교,666941,현존,경상남도 산청군 단성면 강누방목로 2,055-972-0477,055-973-6809
9191021,경상남도교육청 경상남도산청교육지원청 덕산중학교,덕산중학교,666934,현존,경상남도 산청군 시천면 남명로159번길 1,055-972-9024,055-972-1785
9191022,경상남도교육청 경상남도산청교육지원청 산청중학교,산청중학교,666805,현존,경상남도 산청군 산청읍 웅석봉로86번길 9-8,055-973-2413,055-973-2027
9191022,경상남도교육청 경상남도산청교육지원청 산청중학교,산청중학교,,현존,경상남도 산청군 산청읍 웅석봉로86번길 9-8,055-972-5580,055-972-5561
9191023,경상남도교육청 경상남도산청교육지원청 산청중학교차황분교장,산청중학교차황분교장,666812,현존,경상남도 산청군 차황면 친환경로 3572-5,055-972-7073,055-973-9204
9191024,경상남도교육청 경상남도산청교육지원청 생초중학교,생초중학교,666913,현존,경상남도 산청군 생초면 생초안길 27,055-972-2006,055-973-3777
9191025,경상남도교육청 경상남도산청교육지원청 신등중학교,신등중학교,666950,현존,경상남도 산청군 신등면 신등가회로 125,055-973-7724,055-973-4044
9201018,경상남도교육청 경상남도함양교육지원청 마천중학교,마천중학교,676914,현존,경상남도 함양군 마천면 마천삼정로 108,055-962-5434,055-964-0676
9201019,경상남도교육청 경상남도함양교육지원청 서상중학교,서상중학교,676842,현존,경상남도 함양군 서상면 서상로 232-1,055-962-8835,055-963-5380
9201020,경상남도교육청 경상남도함양교육지원청 수동중학교,수동중학교,676813,현존,경상남도 함양군 수동면 수동내동길 19,055-962-1364,055-963-5317
9201021,경상남도교육청 경상남도함양교육지원청 함양여자중학교,함양여자중학교,676801,현존,경상남도 함양군 함양읍 함양여중길 18-9,055-963-2038,055-963-3796
9201022,경상남도교육청 경상남도함양교육지원청 함양중학교,함양중학교,676801,현존,경상남도 함양군 함양읍 함양배움길 11,055-963-3371,055-963-3374
9201023,경상남도교육청 경상남도함양교육지원청 안의중학교,안의중학교,676823,현존,경상남도 함양군 안의면 거함대로 1654,055-962-0570,055-963-9571
9211021,경상남도교육청 경상남도거창교육지원청 가조중학교,가조중학교,670914,현존,경상남도 거창군 가조면 가조가야로 1101-23,055-942-0008,055-943-6175
9211022,경상남도교육청 경상남도거창교육지원청 거창여자중학교,거창여자중학교,670809,현존,경상남도 거창군 거창읍 죽전4길 39,055-944-3782,055-942-7547
9211023,경상남도교육청 경상남도거창교육지원청 거창중학교,거창중학교,670803,현존,경상남도 거창군 거창읍 동동6길 9,055-944-3992,055-944-0996
9211024,경상남도교육청 경상남도거창교육지원청 거창중학교고제분교장,거창중학교고제분교장,670832,현존,경상남도 거창군 고제면 고제로 48,055-942-7045,055-942-8404
9211027,경상남도교육청 경상남도거창교육지원청 웅양중학교,웅양중학교,670822,현존,경상남도 거창군 웅양면 원촌3길 39-13,055-943-5275,055-942-6526
9211029,경상남도교육청 경상남도거창교육지원청 거창대성중학교,거창대성중학교,670801,현존,경상남도 거창군 거창읍 성산길 1,055-943-6813,055-941-0313
9211030,경상남도교육청 경상남도거창교육지원청 샛별중학교,샛별중학교,670809,현존,경상남도 거창군 거창읍 죽전4길 92,055-944-3754,055-942-4098
9211031,경상남도교육청 경상남도거창교육지원청 혜성여자중학교,혜성여자중학교,670807,현존,경상남도 거창군 거창읍 상동8길 15,055-942-2702,055-943-3523
9211050,경상남도교육청 경상남도거창교육지원청 거창중학교신원분교장,거창중학교신원분교장,670871,현존,경상남도 거창군 신원면 신차로 2997,055-942-8053,055-942-7634
9211051,경상남도교육청 경상남도거창교육지원청 거창덕유중학교,거창덕유중학교,670852,현존,경상남도 거창군 위천면 화리골1길 56,055-943-6431,055-942-2812
9221025,경상남도교육청 경상남도합천교육지원청 삼가중학교,삼가중학교,678964,현존,경상남도 합천군 삼가면 삼가로 364,055-932-4786,055-932-4787
9221027,경상남도교육청 경상남도합천교육지원청 야로중학교,야로중학교,678881,현존,경상남도 합천군 야로면 구정묵촌길 14,055-932-6780,055-933-6674
9221028,경상남도교육청 경상남도합천교육지원청 초계중학교,초계중학교,678821,현존,경상남도 합천군 초계면 초계중앙로 83,055-932-1003,055-931-9893
9221029,경상남도교육청 경상남도합천교육지원청 합천중학교,합천중학교,678801,현존,경상남도 합천군 합천읍 동서로 140,055-933-0045,055-932-9183
9221030,경상남도교육청 경상남도합천교육지원청 가회중학교,가회중학교,678971,현존,경상남도 합천군 가회면 황매산로 62,055-932-9106,055-931-7725
9221031,경상남도교육청 경상남도합천교육지원청 대병중학교,대병중학교,678922,현존,경상남도 합천군 대병면 신성동길 53-16,055-933-7019,055-815-8308
9221032,경상남도교육청 경상남도합천교육지원청 묘산중학교,묘산중학교,678873,현존,경상남도 합천군 묘산면 묘산로 157-70,055-932-6111,055-931-9073
9221033,경상남도교육청 경상남도합천교육지원청 합천여자중학교,합천여자중학교,678806,현존,경상남도 합천군 합천읍 남정길 25-5,055-931-0024,055-931-8269
9221035,경상남도교육청 경상남도합천교육지원청 해인중학교,해인중학교,678892,현존,경상남도 합천군 가야면 가조가야로 2871,055-932-7697,055-933-1770
9296011,제주특별자치도교육청 제주시교육지원청 제주제일중학교,제주제일중학교,690825,현존,제주특별자치도 제주시 남광로 33,064-750-3200,064-756-5977
9296012,제주특별자치도교육청 제주시교육지원청 제주중앙중학교,제주중앙중학교,63121,현존,제주특별자치도 제주시 선덕로5길 37,064-728-0800,064-728-0890
9296013,제주특별자치도교육청 제주시교육지원청 제주중앙여자중학교,제주중앙여자중학교,690850,현존,제주특별자치도 제주시 서사로11길 8,064-710-9700,064-721-5766
9296014,제주특별자치도교육청 제주시교육지원청 제주동여자중학교,제주동여자중학교,690824,현존,제주특별자치도 제주시 천수로 24,064-754-7900,064-754-7999
9296015,제주특별자치도교육청 제주시교육지원청 제주동중학교,제주동중학교,,현존,제주특별자치도 제주시 동화로 12-1,064-741-0100,064-741-0199
9296016,제주특별자치도교육청 제주시교육지원청 제주서중학교,제주서중학교,690818,현존,제주특별자치도 제주시 일주서로 7811,064-754-8400,064-747-0397
9296017,제주특별자치도교육청 제주시교육지원청 아라중학교,아라중학교,690122,현존,제주특별자치도 제주시 간월동로 30,064-750-6700,064-750-6799
9296018,제주특별자치도교육청 제주시교육지원청 한라중학교,한라중학교,690802,현존,제주특별자치도 제주시 과원북2길 24,064-766-3100,064-745-4518
9296019,제주특별자치도교육청 제주시교육지원청 신엄중학교,신엄중학교,695912,현존,제주특별자치도 제주시 애월읍 일주서로 6711,064-798-7900,064-798-7909
9296020,제주특별자치도교육청 제주시교육지원청 애월중학교,애월중학교,695900,현존,제주특별자치도 제주시 애월읍 애월로15길 8,064-740-0700,064-740-0799
9296021,제주특별자치도교육청 제주시교육지원청 한림중학교,한림중학교,695926,현존,제주특별자치도 제주시 한림읍 명월성로 21,064-797-7141,064-796-7147
9296022,제주특별자치도교육청 제주시교육지원청 한림여자중학교,한림여자중학교,695932,현존,제주특별자치도 제주시 한림읍 한림로 604,064-795-0200,064-796-7936
9296023,제주특별자치도교육청 제주시교육지원청 고산중학교,고산중학교,695941,현존,제주특별자치도 제주시 한경면 용고로 70,064-795-8260,064-772-5977
9296024,제주특별자치도교육청 제주시교육지원청 저청중학교,저청중학교,695949,현존,제주특별자치도 제주시 한경면 중산간서로 3590,064-798-1600,064-798-1699
9296025,제주특별자치도교육청 제주시교육지원청 신창중학교,신창중학교,,현존,제주특별자치도 제주시 한경면 두신로 72,064-795-0700,064-772-4739
9296026,제주특별자치도교육청 제주시교육지원청 조천중학교,조천중학교,695963,현존,제주특별자치도 제주시 조천읍 신북로 31,064-780-0770,064-782-6455
9296027,제주특별자치도교육청 제주시교육지원청 함덕중학교,함덕중학교,695965,현존,제주특별자치도 제주시 조천읍 일주동로 1234,064-780-5800,064-780-5899
9296028,제주특별자치도교육청 제주시교육지원청 김녕중학교,김녕중학교,695971,현존,제주특별자치도 제주시 구좌읍 김녕로 118-20,064-786-0800,064-786-0808
9296029,제주특별자치도교육청 제주시교육지원청 세화중학교,세화중학교,695973,현존,제주특별자치도 제주시 구좌읍 일주동로 3132,064-786-5700,064-786-5799
9296030,제주특별자치도교육청 제주시교육지원청 우도중학교,우도중학교,63365,현존,제주특별자치도 제주시 우도면 우도로 156-11,064-786-4500,064-786-4599
9296031,제주특별자치도교육청 제주시교육지원청 추자중학교,추자중학교,695952,현존,제주특별자치도 제주시 추자면 신양3길 15,064-742-3933,064-742-0185
9296032,제주특별자치도교육청 제주시교육지원청 오현중학교,오현중학교,690061,현존,제주특별자치도 제주시 일주동로 101,064-766-1300,064-766-1303
9296033,제주특별자치도교육청 제주시교육지원청 제주중학교,제주중학교,,현존,제주특별자치도 제주시 서문로 47,064-750-7000,064-750-7001
9296034,제주특별자치도교육청 제주시교육지원청 신성여자중학교,신성여자중학교,690140,현존,제주특별자치도 제주시 아봉로 174-5,064-729-7400,064-724-7138
9296035,제주특별자치도교육청 제주시교육지원청 제주여자중학교,제주여자중학교,690121,현존,제주특별자치도 제주시 구산로 50,064-729-1300,064-729-1307
9296036,제주특별자치도교육청 제주시교육지원청 귀일중학교,귀일중학교,63051,현존,제주특별자치도 제주시 애월읍 항몽로 44,064-766-8100,064-713-6131
9296174,제주특별자치도교육청 제주시교육지원청 탐라중학교,탐라중학교,690122,현존,제주특별자치도 제주시 신설로 56,064-754-5000,064-754-5005
9296185,제주특별자치도교육청 제주시교육지원청 노형중학교,노형중학교,690804,현존,제주특별자치도 제주시 노형1길 28,064-740-8901,064-740-8906
9296197,제주특별자치도교육청 제주시교육지원청 오름중학교,오름중학교,690081,현존,제주특별자치도 제주시 화삼북로 110,064-754-9400,064-754-9439
9299009,제주특별자치도교육청 서귀포시교육지원청 서귀포중학교,서귀포중학교,697841,현존,제주특별자치도 서귀포시 태평로 474,064-730-7900,064-732-1132
9299010,제주특별자치도교육청 서귀포시교육지원청 서귀포여자중학교,서귀포여자중학교,697853,현존,제주특별자치도 서귀포시 일주동로 8820,064-730-8700,064-762-5711
9299011,제주특별자치도교육청 서귀포시교육지원청 서귀중앙여자중학교,서귀중앙여자중학교,697864,현존,제주특별자치도 서귀포시 중앙로 120,064-730-5100,064-732-1106
9299012,제주특별자치도교육청 서귀포시교육지원청 효돈중학교,효돈중학교,697030,현존,제주특별자치도 서귀포시 효돈로 207,064-730-0201,064-730-0290
9299013,제주특별자치도교육청 서귀포시교육지원청 중문중학교,중문중학교,697857,현존,제주특별자치도 서귀포시 천제연로232번길 10,064-766-0100,064-766-0110
9299014,제주특별자치도교육청 서귀포시교육지원청 서귀포대신중학교,서귀포대신중학교,697826,현존,제주특별자치도 서귀포시 신중로 13번길 15,064-735-4600,064-735-4606
9299015,제주특별자치도교육청 서귀포시교육지원청 성산중학교,성산중학교,,현존,제주특별자치도 서귀포시 성산읍 일주동로 4316,064-780-2900,064-780-2901
9299016,제주특별자치도교육청 서귀포시교육지원청 표선중학교,표선중학교,699914,현존,제주특별자치도 서귀포시 표선면 표선중앙로 31,064-780-7400,064-780-7401
9299017,제주특별자치도교육청 서귀포시교육지원청 남원중학교,남원중학교,699941,현존,제주특별자치도 서귀포시 남원읍 남한로 36,064-766-7500,064-764-4005
9299018,제주특별자치도교육청 서귀포시교육지원청 위미중학교,위미중학교,699944,현존,제주특별자치도 서귀포시 남원읍 위미상원북로 34,064-797-7300,064-764-6313
9299019,제주특별자치도교육청 서귀포시교육지원청 안덕중학교,안덕중학교,699923,현존,제주특별자치도 서귀포시 안덕면 화순로 74,064-735-7700,064-735-7736
9299020,제주특별자치도교육청 서귀포시교육지원청 대정중학교,대정중학교,699935,현존,제주특별자치도 서귀포시 대정읍 비행장로 18,064-798-0700,064-798-0705
9299021,제주특별자치도교육청 서귀포시교육지원청 무릉중학교,무릉중학교,699933,현존,제주특별자치도 서귀포시 대정읍 서삼중로 106,064-793-5300,064-792-5303
9299022,제주특별자치도교육청 서귀포시교육지원청 신산중학교,신산중학교,699907,현존,제주특별자치도 서귀포시 성산읍 일주동로 5104,064-780-2800,064-780-2888
9299023,제주특별자치도교육청 서귀포시교육지원청 남주중학교,남주중학교,697839,현존,제주특별자치도 서귀포시 동홍로303번길 14,064-730-6100,064-730-6199
9300045,세종특별자치시교육청 조치원중학교,조치원중학교,339806,현존,세종특별자치시  조치원읍 대첩로 90,044-863-0772,044-866-9995
9300047,세종특별자치시교육청 연동중학교,연동중학교,339861,현존,세종특별자치시  연동면 내판로 10-13,044-864-7021,044-866-5931
9300048,세종특별자치시교육청 연서중학교,연서중학교,339811,현존,세종특별자치시  연서면 연서로 115,044-902-0900,044-902-0910
9300049,세종특별자치시교육청 금호중학교,금호중학교,339833,현존,세종특별자치시  대평로 27,044-850-0400,044-866-5937
9300050,세종특별자치시교육청 전의중학교,전의중학교,339854,현존,세종특별자치시  전의면 운주산로 1260-6,044-863-3201,044-863-5713
9300051,세종특별자치시교육청 장기중학교,장기중학교,339914,현존,세종특별자치시  장군면 장척로 359,044-998-3149,044-998-3148
9300052,세종특별자치시교육청 부강중학교,부강중학교,339941,현존,세종특별자치시  부강면 부강로 25-7,044-275-4081,044-275-0408
9300053,세종특별자치시교육청 한솔중학교,한솔중학교,339822,현존,세종특별자치시  나리로 43,044-868-1731,044-866-1731
9300106,세종특별자치시교육청 도담중학교,도담중학교,339006,현존,세종특별자치시  보람로 80,044-410-0205,044-410-0208
9300116,세종특별자치시교육청 아름중학교,아름중학교,339011,현존,세종특별자치시  달빛1로 167,044-902-1000,044-902-1050
9300123,세종특별자치시교육청 새롬중학교,새롬중학교,339009,현존,세종특별자치시  어울로 41,044-998-2650,044-998-2654
9300173,세종특별자치시교육청 두루중학교,두루중학교,,현존,세종특별자치시  만남로 211,044-903-3100,044-903-3123
9300174,세종특별자치시교육청 고운중학교,고운중학교,,현존,세종특별자치시  만남로 65,044-903-3300,044-903-3322
9300175,세종특별자치시교육청 양지중학교,양지중학교,339006,현존,세종특별자치시  갈매로 512,044-903-3000,044-903-3018
9300176,세종특별자치시교육청 종촌중학교,종촌중학교,,현존,세종특별자치시  도움1로 126,044-903-3200,044-903-3224
9300195,세종특별자치시교육청 소담중학교,소담중학교,339010,현존,세종특별자치시  남세종로 340,044-905-0200,044-905-0220
9300201,세종특별자치시교육청 어진중학교,어진중학교,339012,현존,세종특별자치시  다솜로 10,444100750,444100777
9300215,세종특별자치시교육청 새움중학교,새움중학교,,현존,세종특별자치시  다정서로 12,044-999-6500,044-999-6510
9300216,세종특별자치시교육청 새뜸중학교,새뜸중학교,,현존,세종특별자치시  새롬중앙로 62-12,044-999-5900,044-999-5910
9300217,세종특별자치시교육청 보람중학교,보람중학교,,현존,세종특별자치시  남세종로 423,044-999-6400,044-999-6499
9300218,세종특별자치시교육청 글벗중학교,글벗중학교,,현존,세종특별자치시  소담4로 33,449996900,449996908
9300227,세종특별자치시교육청 다정중학교,다정중학교,,현존,세종특별자치시  다정서로 52,044-902-1800,044-902-1919
9300238,세종특별자치시교육청 반곡중학교,반곡중학교,,현존,세종특별자치시  시청대로 480,044-410-3600,044-410-3609
9300269,세종특별자치시교육청 해밀중학교,해밀중학교,,현존,세종특별자치시 해밀2로 6,044-902-7200,044-902-7209
9300286,세종특별자치시교육청 나성중학교,나성중학교,,현존,세종특별자치시  갈매로 298,044-902-0800,044-902-0809
9300305,세종특별자치시교육청 세종중학교,세종중학교,339801,현존,세종특별자치시  조치원읍 새내로 160,044-864-2071,044-866-9996
9300311,세종특별자치시교육청 집현중학교,집현중학교,,현존,세종특별자치시  집현서로 42,044-902-9600,044-902-9698
9300356,세종특별자치시교육청 산울중학교,산울중학교,,현존,세종특별자치시 산울7로 33,449609300,449609301
